date,AAPL,MSFT,JNJ,UNH,JPM,GS,XOM,CVX,AMZN,HD,PG,CAT,HON,NEE,META,TLT,GLD,UUP
2017-01-04,-0.0011198691769447073,-0.004484312447716781,-0.001641539960158436,0.0028451280939591874,0.0018325511948791263,0.0064369935487590905,-0.011063283545355778,-0.0002545932888734038,0.004646399463597819,0.008821079398353433,0.0035566131140111145,-0.004478574344559528,0.0027505604413249323,0.0029437760422107036,0.015538414941825632,0.00383749532363363,0.003524153107474881,-0.007518832413502939
2017-01-05,0.005072443493881436,0.0,0.010408248448830221,0.0016662042181449176,-0.009247551742704233,-0.007472426141294839,-0.015019336356410286,-0.004338032575543371,0.03026967051898446,-0.011878387622755672,0.006605355462828501,-0.006110326135555332,0.002229272980553312,-0.0005880623520433029,0.016544495017386585,0.015532367782813512,0.015395936044221795,-0.010622254655874895
2017-01-06,0.011086588055757522,0.008630387592858599,-0.004803577601968719,0.0014171726702499436,0.00011612378923822768,0.014726110385351005,-0.0005648122138503995,-0.0040145259981939916,0.019715946546977756,-0.0027670810006749673,-0.0003527544269481737,0.00043001505754728227,0.015045547104615387,-0.0029455102279544953,0.022452598379788597,-0.00922424593527275,-0.007399846542202339,0.007220247971844766
2017-01-09,0.009117834377387819,-0.003187761704645159,-0.00017198383343957108,-0.0028363565694730993,0.0006964596910049264,-0.008241298002517774,-0.016634768907282535,-0.008595548881624983,0.0011676743892226832,0.00582438922507709,-0.007436733796311551,-0.007227257605221902,-0.008302318105059214,-0.0025316469232735377,0.012001271666017785,0.007993779432972841,0.00819895868239642,-0.0026540299925859774
2017-01-10,0.0010079799260324972,-0.00031933578444309974,-0.0010325246144903344,-0.0022872695657054566,0.002896705577388345,-0.0013183374384042133,-0.012834771782779458,-0.007625686867575127,-0.001280747528818882,0.01323934873606505,-0.010840537396770208,0.01568238369728566,0.0025488543961636875,0.0019415023202328757,-0.0044132468817462195,-0.0006568684035678971,0.004251179903471926,0.00037957867334539294
2017-01-11,0.0053588003997251735,0.009061344887077764,-0.012387009265420527,0.0019167162017735288,0.0074923986008233676,0.013065121442206774,0.010188811079197635,0.008402318912036185,0.003912426930304892,-0.0029433428166282063,0.003109306500583491,0.008701243353520413,0.0013567372554955876,0.006975111265802265,0.01389576743542707,0.003361898948088619,0.0030884648419108964,-0.002279636247694876
2017-01-12,-0.004184106523752411,-0.009221051027306243,-0.0009592326874591218,0.002898999717464622,-0.009693129205740844,-0.00784317746092474,-0.005428832276532264,0.0019819903946080956,0.018132030992177785,-0.004653404267875948,0.001074049866536767,-0.006997484023016574,-0.0032252616648292664,0.0007534218262941553,0.004194537430565288,-0.002212662243393834,0.003605825990363209,-0.0038109802196188273
2017-01-13,-0.0017625586823427194,0.0014364378814635806,-0.00017450484356568364,-0.003455087346140571,0.005319776626731562,0.0018847057656167995,0.00011581446617665381,0.0018921481519510854,0.004292431074634512,-0.000222131724703825,0.002025618804822674,0.005199778255793431,0.0037335639457570517,-0.0037727984388035677,0.013492517206977268,-0.004769745884827922,0.0026301961506949413,-0.001146131933971955
2017-01-17,0.008032171695892421,-0.0027150060600964927,0.0023532498770804816,-0.00707067387887611,-0.03700862874499276,-0.03566747546573834,0.01162870740296319,-0.0008596235379250696,-0.00912192991554451,0.0065690164995291424,0.014182958462803987,-0.009678352600353013,-0.007139851834885777,0.00977982467842858,-0.003668869499268405,0.010414625275436745,0.014257391815869533,-0.009216655104288514
2017-01-18,-8.3336803962184e-05,-0.0004798848361924275,-0.0014810300215777905,-0.018342222775727595,0.004657002864348239,-0.006169838519418357,-0.01243969047519993,-0.0029282597788378014,-0.0027702219051495237,0.0016906174776026564,0.004560644168643687,0.005648227302795108,0.007055152729049953,-0.001581686075677969,0.00039094570201589037,-0.012890691247851485,-0.00849519672107224,0.009216655104288447
2017-01-19,-0.001751679142285856,-0.0032051309487165563,-0.0043687269141277985,0.0060675195626478115,-0.007653708733506125,-0.01236863524132934,-0.018128091310278805,-0.003109885022744781,0.0019300726056880146,-0.0056711623184264705,-0.0027117861339391496,0.0005355899656805447,-0.001271348224579779,-0.00626804107814232,-0.0028966239374912627,-0.006882567904603326,-0.0008709284647359556,-0.001530222180662628
2017-01-20,0.0018350159462480423,0.007037776968971781,-0.0004379242453862572,-0.00025207965875605513,0.004431941134181567,0.0034080402263741865,0.013597677566886434,0.0001730253484040524,-0.0008779686102837986,0.0015498729997997737,0.03195159980752032,0.012768847672952523,-0.0007635854949579464,-0.0001676867610576655,-0.004006447088800596,-0.0019990011652691363,0.0024366907887979662,-0.0034515853980696416
2017-01-23,0.0006664445433486151,0.0035004013465400035,-0.0021047100645984382,0.0025808090365894098,0.0004779543646073089,0.0020220713752430322,-0.010769154763093527,-0.0018182610310931257,0.011745235591222404,0.018051427421811442,-0.005618958651459242,-0.0012695727477600185,-0.003485953451295411,-0.004032941108774607,0.014767623923392295,0.009955283812765397,0.006411389142806848,-0.005392925244947829
2017-01-24,-0.0009164757968185076,0.008855212828745013,-0.019054947962680924,0.008513353452412905,0.011993256621518547,0.004331517440412665,0.001411266847148625,0.008457074913140867,0.0055599050755473604,-7.24296532307815e-05,0.010296395734465988,0.018668607198261314,0.004673501304953139,0.0002525358839056386,0.0034068945075578735,-0.006875156507791193,-0.004501003011260532,0.00038617494317392994
2017-01-25,0.015795242589723184,0.002515724598468205,0.009262624115657024,0.00503622788572884,0.015344371340775643,0.015161779410709524,0.0029337578979398097,0.0074483457231172175,0.01697489763590683,-0.0042099212936501,-0.007999128472186095,0.019651849055967834,-0.0006784260770030321,0.0017659677437311103,0.016178232866315416,-0.012630338116348885,-0.008275668991309253,-0.0034809549758791744
2017-01-26,0.0004921663623003228,0.009222417847182255,-0.008547060578654701,0.009321342839797549,0.008334346193351532,0.009772952813073516,0.0030420053882248784,-0.005902750360943903,0.0031390454678806596,0.00710302326823074,-0.006445694506757691,-0.00952046910486001,0.0007631969841739388,-0.0022711033020249515,0.009838874494994427,0.0033613477024528673,-0.009315472935952918,0.0065649975126202175
2017-01-27,8.200418050169262e-05,0.023222881377829258,0.013675730410638959,0.0014735681428948183,0.002072778263915351,-0.011038241889560964,-0.0010519549802359188,-0.023965721112923943,-0.0040360191390562085,-0.0009393403633011851,0.0013847221219377935,0.0180423833141174,0.0038072722494643463,0.021823288206031112,-0.004528993249292965,0.0036008915511589797,0.002028666627388478,0.00038483741206938915
2017-01-30,-0.002627475028758505,-0.009930568203158536,-0.0022074089575720387,-0.005537112707578153,-0.010407124457266714,-0.012955474823607873,-0.007630488392872387,-0.01746420877039711,-0.0064700282719709085,0.0010115607805419832,0.0003458811353807296,-0.022475151771168912,0.00580980878929955,0.008859052280155382,-0.009119990252049215,-0.0030138155914681305,0.004220528554596307,-0.0019256697661150092
2017-01-31,-0.002304717458381319,-0.007397167340597683,0.0010601644239385671,6.169221814529067e-05,-0.01640725895186649,-0.01977526554971634,-0.011496422917006869,-0.00421204189523237,-0.008344164602053639,-0.00644812956877417,0.009750579116560581,-0.011743444908124148,-0.006654617489664552,0.010318164416711835,-0.005051675496463969,0.00693489849470564,0.013768080852745813,-0.008128552595224438
2017-02-01,0.059193607370516536,-0.016689149735488452,-0.00017661603667759666,0.003756046409558019,0.003774034435597898,0.005869709671710099,-0.01138896203931447,-0.0031481923913239908,0.010713762698912319,-0.0010181078625704054,-0.0030869515173693944,-0.0057661217586105614,-0.002708193936835014,-0.008930805482137809,0.022083993678215206,-0.006187638566151294,-0.0030335884585988215,0.0007770008137128674
2017-02-02,-0.001710199422287146,-0.006469450572552537,0.0029982385779125757,-0.012056905570847338,-0.004246791801837164,-0.0011277870545659907,0.006130195289541509,0.01084191436461318,0.00908934081620328,-0.003571562526850887,0.00491176954163778,-0.014189141061702966,-8.474935433213092e-05,0.0068270746327734775,-0.018101755301665363,-0.0004199034292177365,0.005540180375615351,0.001552192783401912
2017-02-03,0.004270027061240482,0.008041036626785809,0.0006161700823281898,0.0068809743653782205,0.030158890495174537,0.044729112428876526,0.0010779089615981085,0.012047271227066635,-0.03606123548763319,0.00749285140954516,-0.003996123375063396,-0.005239252829464415,0.010118983383190455,0.006056464587812885,0.0010694371199142852,-0.00042007982109375686,0.002500324620260212,-0.0003878223787031436
2017-02-06,0.009330368032037076,-0.0006283380668461703,-0.0021141656929525585,-0.008437298021165619,-0.004714007005952307,-0.004033856550183537,-0.002756969083670587,-0.005208575006378954,-0.003164716086416757,-0.010857395249922661,-0.00011440993033733458,-0.004405056814816101,0.0012577035988070623,-0.00282178604446256,0.008211724976660393,0.0060321898730728634,0.013428761008564764,0.0007754944141547624
2017-02-07,0.009472227265200502,-0.003305267824507613,0.0007052186472050593,0.00012459506668194607,-0.0005764021138740399,-0.0015012513243437217,-0.006502913088377279,-0.014173255040755527,0.0059994995217191975,0.0011715605058016765,0.006955161724490214,0.0047266174575849584,0.0031791208900925835,0.003787425454589565,-0.0016672986051228268,0.007323601309187876,-0.002041164171857705,0.005026107623806492
2017-02-08,0.0038699445037508524,-0.0014198945351225382,-0.0007052186472049875,-0.0013714002900117098,-0.008802465916815038,-0.00791875930156397,-0.006545477915182926,0.001704265561234296,0.008834704965892259,0.008960829274361905,0.0036293563706035316,-0.004296000591842843,8.352474474209431e-05,0.01572070839027989,0.017742158375887104,0.013507041124350682,0.006195648929775836,-0.0011576308438440467
2017-02-09,0.007169030440467286,0.011303103070757194,0.005978565372945585,0.0008106002001665301,0.0143222591406673,0.01594091509025853,0.004408530284760651,0.006075787096151879,0.0020108838209244267,0.006001681126281442,0.0038418126344783943,0.011237877137177499,0.007737465283394245,-0.013150219384583857,-0.000447193865747693,-0.011601726378706517,-0.007643998490735459,0.0038535693134124386
2017-02-10,-0.0022680889747251675,-0.0009370608217950857,0.010116953549920477,0.0019303222157980905,-0.002296212259598588,0.004832024599587099,0.00827456656047456,0.007012589210024986,0.007399264723591894,0.00818499687348395,-0.007925766126853593,0.024702995781565176,0.009814107059616939,0.006556876199991342,0.00037267544144866055,-0.0005794942006630676,0.002639534931112743,0.001153180988361283
2017-02-13,0.008816605093121255,0.011187189390803272,0.0055382626853221414,0.007684241814724233,0.013131790189371384,0.014519979427949067,0.005799919592935263,0.007578464187734149,0.010901615787361887,0.00014300014333474954,0.003857504215729112,0.022484392605619526,0.014421564159067696,0.004215220782223635,-0.0010438414310832652,-0.00315169871885887,-0.006825965070399871,0.0023023801397024295
2017-02-14,0.012895709999564733,0.0037014231032647185,0.004133660725945799,0.007012824016314141,0.015868882885511193,0.012870086669308412,-0.002171029678271643,-0.002725156624230146,-0.00016737202057117415,0.010596408219404187,-0.005108712932250548,-0.004171123602342795,0.0,0.0,-0.0014930947155490878,-0.007253356241273988,0.0011123947581004345,0.0022970913644230493
2017-02-15,0.003622522721021306,-0.0006196746899576651,0.007193043515799759,0.0070857299699485276,0.011435039951727285,0.004320006718548933,0.004096884871882367,0.00044426674508482345,0.007516011297215606,0.0058543633974771445,0.03643268059086589,0.00943642535799443,0.005324740294579554,-0.005650856696414532,-0.003067831356146187,-0.00461274772632267,0.004437245952694692,-0.0019138761832925095
2017-02-16,-0.0012183642200576327,-0.00015497869186028592,0.007480483709238952,-0.003903157971376174,-0.0006625441947601679,-0.004400183106421567,-0.010395355306668436,-0.01693209544827854,0.0017073348388692662,-0.0045818287604700485,-0.003628171755421353,-0.0077048231931962155,-0.0009660280901917495,0.0071576574075751555,0.0029931180680172107,0.005449147909490385,0.005349649747240479,-0.00576370471518594
2017-02-17,0.0027668658006066984,0.0015487071402440797,0.006583969085553657,-0.037542928021408635,-0.003319321481270032,0.003761358522223431,-0.006582981228530836,-0.0031672801467135052,0.001101106545620459,0.01026226761175817,0.0032988813734531,0.005986522876029495,0.0032164710902448526,0.005295408544186902,-0.0023188849825692727,0.005918410140092004,-0.0033932845589801667,0.004997127442749879
2017-02-21,0.007194803814124364,-0.002013787374893257,0.006708058024248139,0.018542911635638135,0.008607424583428622,0.005496488924261647,0.001588756828170576,0.012519866304770989,0.013364798608178977,0.014027033683771837,0.006347143217454344,-0.007616183045630922,0.0012035144074980736,0.010975337512198398,0.0014218898563850481,-0.0017468706353842593,0.0005946566033449111,0.0045906737082836435
2017-02-22,0.002994779640307961,-0.0020178508972131482,-0.0011706665782591952,0.0,0.0005492393171921123,-0.00011916820597168886,-0.011792299775072335,-0.012066783065601255,-0.0009695979264915428,0.0015847317882886974,-0.00251215248715377,0.0010188487901391843,0.007946850119239143,0.00140241550063808,0.017788788080864593,0.001663755479122581,0.001357888692054885,-0.002292702568528289
2017-02-23,-0.004239152673465429,0.004031638272106376,0.018075278609443596,0.012563212552508658,0.0007684286019900649,-0.0021474596654284996,0.010448131428510915,0.005781407250235894,-0.004005158182184239,-0.003724655981899275,-0.0033959609797694487,-0.027356544674267506,-0.0017609866067705901,0.005667497024515906,-0.005598953775467334,0.0029878020395924,0.008697542689865551,-0.002297971139755393
2017-02-24,0.0009517186566505096,0.0,0.014925041555128938,0.0028250341206396564,-0.008817427346214126,-0.015405287211020448,-0.008596393352171921,-0.008139684986802188,-0.008188895963574043,0.008532357550481836,-0.0008782523342456221,-0.0007328692163982016,0.001681009001306082,0.021236855377480334,0.0005908419673904995,0.011043461502425932,0.0063694482854799285,0.0019153424750824545
2017-02-27,0.0019737569895143165,-0.006053569127417968,-0.002692450531490105,0.01412762505979701,0.001106439590274577,0.0079729825595297,0.005657375806176767,0.01469355321862402,0.004014457418661868,-0.0044635267245775,-0.0017588220425914353,0.020320002491408785,-0.0011203586328220189,-0.008357982939585859,0.007136318680355103,-0.005918636266553863,-0.004857224188173907,0.0
2017-02-28,0.00043808412116857657,-0.0038998567471391285,-0.0015534936282035569,0.0,0.002098868486199475,-0.0024897611446615254,-0.0027017086310610213,0.006688988151226149,-0.004251104602481528,-0.0026877105179585544,0.0019784574490083998,-0.008037137545289449,-0.003127633970171768,0.008663373076196492,-0.006398256797668264,0.0037032507449193575,0.0009230124422870091,-0.0007656968191377424
2017-03-01,0.020233366019974462,0.014893232152696221,0.01341101906045167,0.015360916461260163,0.03235544424425921,0.018571933839476442,0.02068955386582981,0.012192040764589183,0.009469366214485346,0.012140483144862416,0.006457637501198209,0.019668734860330474,0.0218479395258866,-0.012211664364632223,0.013775129895614415,-0.016866621719768906,-0.0014268330927965467,0.006870256027981386
2017-03-02,-0.005955174550134221,-0.01442444552023032,-0.0018586614913793532,-0.0037583936862731608,-0.015721223974487872,-0.006550631836581639,0.0033670065476986625,-0.004576667026672077,-0.004900156104328784,0.008621035643058874,-0.008216072946811715,-0.043751146736763794,-0.007256124588411657,0.011753544178918659,-0.004814364832157816,-0.0036057227440513674,-0.012508614751135202,0.004175371413591963
2017-03-03,0.0058836361162670145,0.0037424026208269226,0.0012933475244624054,0.005305368469506672,0.007137480283155141,0.007262657183062935,-0.010135221893421802,0.0016746731684732813,0.0011419894223745973,-0.0009467136219934875,-0.00452015542787194,0.008021997842204455,-0.0009503445708202556,-0.001069763991684543,0.0029934677194306306,0.00260078170024303,-0.0005955166282592029,-0.008750293613008844
2017-03-06,-0.0031527684480654864,0.0003112356083910102,-0.0006464646687682418,0.0029682420129092195,-0.009528006250475896,-0.0034858423095699962,0.004476987329855203,-0.003352155573674723,-0.003855023076678082,-0.0046111155136642455,-0.0014374967919080681,0.005660985870271373,-0.0010305601616539093,-0.0012239903618973787,0.0018208971127271828,-0.004787310198061496,-0.006745532131319463,0.003433152333496114
2017-03-07,0.0012909705584247125,0.0020206737262209117,0.0009695403524685926,-0.002373888354753642,-0.005563751875462248,-0.004414315891288886,-0.0037496264058616315,-0.0120901108188343,-0.0006971399820341387,-0.0014963953276202137,-0.0008856415943016739,0.0028185205780260074,0.0014266468306133725,7.654330591327087e-05,-0.0008736168292641082,-0.0030354154837070072,-0.0080860655636716,0.0011417698659209217
2017-03-08,-0.003734027029536168,0.009119778796795801,0.0021780349832328364,0.0013953421594732646,-0.002190341472943138,-0.0026339960157052184,-0.0182212317316606,-0.019872390931607118,0.005281411847190564,0.006144622322923736,-0.0016626950570865677,-0.02854920052192915,0.002610244708962301,-0.00930453865784415,0.0030543256962069346,-0.005419149587136762,-0.006238107215711214,0.003417508548276201
2017-03-09,-0.0023048123140755163,-0.004008639348774617,0.014797310588490485,0.0005953798700084262,0.003939166927402222,-0.00023979857033207377,0.00786728089917062,0.003915324828728322,0.002935135655762573,-0.0020440151552604162,0.0022163129642239175,-0.0199334950249651,-0.003164809984071725,-0.005344913766376604,0.003768666585569904,-0.008012999996679046,-0.005140951504762411,-0.0018971737819533686
2017-03-10,0.003311499679357483,0.0030849939630584427,0.0020621834715024386,0.0116572816287265,-0.0031720015664606703,-0.007220827266623322,-0.0007349338905568333,0.005166564858389054,-0.0006332602559378181,0.00156745184896829,0.008048111352557634,0.010016414718849048,0.006713289834332439,0.010123342898242106,0.003970694311669039,0.0035029298069921186,0.0021815969209252493,-0.006859782994520159
2017-03-13,0.00043112740369745357,-0.003394017451824296,0.0037170354005884644,0.0013521857494368857,0.0008760403541535817,-0.0008861320917502514,-0.0023308604056540214,-0.011456753791589395,0.002495534524958683,0.003941829216693471,0.0026318690493992276,0.003568535822299652,-0.0024431584051814053,0.0030707839256280886,0.005819190960627112,-0.006331301094421731,0.000174322322414699,0.0015284680085785084
2017-03-14,-0.0015097598028164373,-0.004646848509641987,0.0029164880954144685,-0.006779287319277774,0.001640510019050457,-0.001774623358064972,-0.0052952528138749165,-0.0183660738997794,-0.0024134226063675618,-0.001833056625228463,-0.003400804112649863,-0.008455334927712457,-0.008081172166992976,0.0008428150531718851,-0.002007744830105412,0.004794940259255824,-0.005418172828425672,0.00343053509768144
2017-03-15,0.01052076263456447,0.005264800019446935,0.014921568992162154,0.01596090683742052,0.002401223594330195,-0.0038018245998246336,0.012393557003385661,0.014058685121014271,0.00051597773059146,0.0053539486101403175,0.004385971943787496,0.01619730908133803,0.009973171154602712,0.010134578303554149,0.0028669744407202134,0.012140914083944555,0.018492518122166332,-0.011866167944339812
2017-03-16,0.001636137657047935,-0.0017002863653981593,-0.0038847069286500418,-0.0027981830075486736,-0.0009816219362274769,0.005818198231017062,0.0008532943773153681,-0.0094122684350044,0.0005274292634530885,0.00525820275849667,0.00043754102706150674,-0.005477700179921071,-0.0048158621482625175,-0.01527913604782061,0.0019305715481362027,-0.005076153032682166,0.004120531197106179,-0.003471556042869088
2017-03-17,-0.004987896901680174,0.0035518530121321315,-0.0031186677389728624,-0.009384233090403172,-0.010531031945045228,-0.017393156286220016,-0.0008532943773153501,-0.0016702240124983512,-0.0013014957310769789,0.005832483935268998,-0.0048235129708488955,0.0006459948551635254,0.006311160109027884,0.0025371943027426513,-0.0010720795792869635,0.00625689028732728,0.0022248853949381206,0.0003863241318755775
2017-03-20,0.01044600012146574,0.000924499295285228,7.808534742387207e-05,-0.01006819283682747,-0.00719387751941741,-0.0074062221354099945,0.0,-0.0001857527638911666,0.00545260173345571,-0.012105057025923448,0.002414664767277457,0.026447295800725943,-0.0052038278744404205,-0.0026141795577560075,0.0007148474101375735,0.004289505714089022,0.004898658084571202,0.0002935065540686338
2017-03-21,-0.011518079701263275,-0.011150804714390785,-0.006423334007512789,-0.0017873105743227533,-0.02976208848158179,-0.03847761771373268,-0.0020753227256186018,0.003523415791559022,-0.0161987343636578,-0.008084008563968667,-0.00032892933774060273,-0.031626977177265994,-0.0066624611928857574,0.014976974379023478,-0.010271234130601669,0.008274525877582737,0.008263337215610891,-0.0061040981479607145
2017-03-22,0.011235274270253559,0.01268974007424519,-0.0078103824910076645,-0.004003231827261779,0.0016007321061243132,-0.008317758645583734,-0.0008557980838444621,0.00323430490345281,0.005747210218789488,0.005102572557026393,-0.0021956315772408102,0.0,-0.0012740884032366668,0.004238256552067229,0.007767029337794657,0.0039873786010425245,0.0024434439422428927,-0.0007773028008329633
2017-03-23,-0.0035418327029874725,-0.0024634346551394787,-0.0028553318897722997,-0.010471930072109793,-0.0016007321061242367,0.003585549341397358,0.0012223446095711707,-0.004809035439542293,-0.0008021516968597812,0.00426613140608841,-0.0024207758306381945,-0.002166144029941953,0.00015934985337089848,-0.002419660914094865,-0.0004299226210406124,-0.0014103789619924773,-0.0013473686248872826,0.001165727739083141
2017-03-24,-0.001988919537114312,0.0016942630145861033,-0.0033415577269904715,-0.001756033029184618,-0.0011449508918205265,-0.015163984601232902,-0.007725834000921196,0.0011118318563130823,-0.002090975900503152,-0.0018938118607633957,-0.0022058021505406665,-0.0008677731313558364,-0.005993066002138056,0.005360728605766516,0.005788417920130241,0.0035635889033088547,0.0015997982614667336,-0.0003884249382501217
2017-03-27,0.001705030249700771,0.0018450189749815568,0.002546960943033254,-0.0024271856572162125,-0.0005729674136426201,-0.012910796447304257,0.00024618414565577654,-0.01596150935216246,0.001429896901099873,-0.0057030502869653355,-0.0008836850250489132,-0.006969428188999599,-0.0021663265187012136,-0.012883846274745968,-0.000142521200192451,0.004539647101535498,0.005621055951375099,-0.005453850684407618
2017-03-28,0.02051498110008271,0.002914335982992761,-0.0011134972909219644,0.004546151184706378,0.015468916278069504,0.016930551062677195,0.0072353004338728865,0.008339237833000957,0.010782218832117914,0.002244364529094636,0.002979312549242753,0.015613458240195615,0.006245516337611832,0.001219698276927964,0.010209958233077073,-0.006692857042851795,-0.0041078148051078,0.005453850684407531
2017-03-29,0.0022228405931447094,0.0027531372540256505,-0.005906314560299479,-0.011618488918216117,-0.0037315585796969643,-0.003844646266472017,0.002196998321450313,0.008362806590702813,0.02117606522667609,-0.0010875476877244205,-0.0017644468623587495,-0.0009687315753510445,0.00015962965996280597,-0.005423793899640499,0.006258590802533218,0.0059514144916336656,0.0024331932967826117,0.0019406177216520267
2017-03-30,-0.001319215604867658,0.0036590984578894255,-0.0020835010337511835,0.00943891549377167,0.008573092553233769,0.012052270237905973,0.020275857530283846,-0.002687052810439879,0.002307702119723217,-0.0006122657424752076,-0.004424785980892304,0.003869308352825086,0.0008775079341910804,-0.01871092162257301,-0.0016838564279666054,-0.008109270752301414,-0.007233000414896618,0.0065700719433401285
2017-03-31,-0.0018776736290312384,0.0022801560380821552,-0.0008827896726129512,-0.005957464428245597,-0.013456413823137324,-0.006508462251089491,-0.02039778644612991,-0.0038112990590049305,0.011572102271583088,-0.0008169378901132176,-0.003887813838064702,-0.004946778557052444,-0.004315173708901601,0.00187134557298303,-0.00253111293118355,0.0029037229505031233,0.002108015452402519,-0.00038528222050516553
2017-04-03,0.0002783964375963805,-0.004718066738890903,0.0011234153007100552,0.009587452079045303,-0.0036496390886883007,-0.003313860187868297,0.0007313505929956221,0.003996845028835384,0.0055904085304760145,-0.001431249178615323,-0.0018938344661764033,-0.005296450796983555,-0.0043338751622045875,0.0027227835900202,0.0016178387802431079,0.010011501697422702,0.005292573365768816,0.0
2017-04-04,0.00741848308257647,0.00274223206703078,-8.020210946073137e-05,-0.0037512144664755384,0.0033080506989015238,0.0013094148786189778,0.0036487513118337546,0.007946082648446526,0.017038347166023766,-0.0019115243399155234,0.0025613912328032655,0.01995774396934019,-0.001207195028158079,0.006350211067138903,-0.0038731079018236594,-0.0054392749890066075,0.0022596988315718622,0.0011554016293200855
2017-04-05,-0.005194097346633523,-0.0025896884000084167,0.0009620010353640766,0.0024217484745789612,-0.01291084216410505,-0.007003442789945379,0.001940570651834113,-0.0001840773132733015,0.002698076092587316,0.002047922075647398,0.0006671114318599099,0.0011679143440408496,-0.004924328821103656,0.008455734907672112,0.000846322076298214,0.0030529335977694406,0.0,-0.00038498556892135714
2017-04-06,-0.0025027821735393195,0.0025896884000084002,0.0020012013888026318,-0.0001814278374583233,0.003359011672286346,0.004295426284500926,0.005799218861738239,0.0059652358785788374,-0.012171253838470657,0.004083304979533097,-0.0063555992491932676,0.016626711550653494,0.0021018601112264353,-0.00675885829297615,-0.004805323358994886,-0.0014840467726773435,-0.003685096297578058,0.0023076933339543195
2017-04-07,-0.002229966081083204,-0.0007609771317536382,-0.0010401249090520462,0.004104303202040982,-0.0034750411432631157,-0.0033295395692757705,-0.0030162295904494992,-0.003942246682510941,-0.0037921926370628055,-0.0007473588015578984,-0.0019033762679250602,-0.003135781810052026,0.003546960590854685,-0.006416968946251236,-0.0027664497156943903,-0.004051098922322878,0.002346631985326989,0.0045994715041256
2017-04-10,-0.001186695193455317,-0.0022864120924058016,-0.0046537835734553005,-0.0032579214336727965,-0.0034871591771141555,0.004422364192630023,0.004460794665900652,0.005222422423556821,0.013496919502715733,0.007313637259261459,0.00290958128249056,0.016817587272700614,0.0015277613230292154,0.0038705730338177897,0.0018451499093432978,0.004628489955526973,0.0,-0.0019138761832925095
2017-04-11,-0.010814712145001884,-0.0007633005489141882,-0.0009655617102354659,0.002112825633064213,-0.00174815032065833,-0.005036911422140011,-0.00349461101565978,-0.004212460441290785,-0.005172997055770605,-6.747410711950992e-05,0.003458088114659566,-0.00041186161948323665,0.0006425703039074143,-0.0008502415982983221,-0.007972707379248547,0.00943829075398159,0.014377974676236053,-0.003069841244069996
2017-04-12,0.0011995908716381446,-0.0038252666954564692,0.00945444106740868,-0.001629500345821914,-0.003856721895699401,-0.008776435085647743,0.001568060150259559,0.0,-0.006816477057612106,-0.011264284130059215,0.005663220953259059,-0.023339254848725084,-0.011223824878088328,0.009159899320592961,-0.002432917121463935,0.005458039699604918,0.006825403743310314,-0.00500867932171078
2017-04-13,-0.00530317665145398,-0.004301742691854521,-0.003274894095750734,-0.0036306466116414592,-0.011778699192122408,-0.01082247185488756,-0.01554750132380017,-0.026690569368108277,-0.012982382348153024,-0.004308435456060147,-0.003105248141002513,-0.018727936166014307,-0.0052920945820236825,0.0019902027396569958,-0.0013621538468329769,0.0030824164571331904,0.004742057778404639,0.003470217479915017
2017-04-17,0.005514719859390321,0.008127009387311066,0.005823477826488128,0.013368056002102446,0.01715066119411687,0.013079060056202655,-0.0013474614634992035,0.0006595374044794242,0.019388739412209303,0.009549216551017991,0.0039906936898505925,0.011108851689560105,0.007563163770992832,0.0010700092754352191,0.01445842643399343,-0.003082416457133052,-0.0029406980839006723,-0.0026980166670870407
2017-04-18,-0.004451832247966282,-0.0013754109295323323,-0.031512666520858816,0.008398655556799556,-0.008186222770645638,-0.04830632472851033,-0.006517885708380283,-0.004625922810877978,0.0019825344161117724,0.0030501260642601027,0.004525643796911531,0.0026520993639695873,-0.002839643302135614,0.007837209603916076,-0.003258023987885671,0.01299505756365935,0.004733543483042763,-0.00852718345393297
2017-04-19,-0.003689517452925574,-0.005366876333346389,-0.00370081428952048,0.003907179964895314,-0.008253790520487901,-0.006981968411296125,-0.006933295075621289,-0.013815664462322984,-0.005080488803352228,-0.0036612692605718015,-0.0056370034683516,-0.009794606141944245,-0.002766253492809248,-0.003340422177748309,0.009250498474814078,-0.00546800976424422,-0.008914391479748133,0.0034971863901618293
2017-04-20,0.012433050804906361,0.007047677401666146,0.004111171717116278,0.01343956376982564,0.01282295083356197,0.01837376691973829,0.00643965073715614,0.0062168437032075275,0.0031755575579233905,0.01013727678303485,-0.0030179422662751664,0.02075246523512522,0.008356707590957763,-0.004802387552952072,0.01069678462405839,-0.0038778526544579342,0.001887644698548876,0.0003878223787031085
2017-04-21,-0.0011941977464176056,0.01364691384070308,-0.0009030087221350994,-0.002217684013805244,-0.0121128075909011,-0.005518270234319807,-0.003957951982799252,9.534251891474046e-05,-0.003920942049499801,0.0085699506831311,-0.007979811942967322,-0.003598268249600472,0.02639180484982432,0.01629502878950101,-0.0008348407333053339,0.0,0.0028656833792178238,0.0007751938395349745
2017-04-24,0.009583508693959268,0.016874887103906975,0.009237752182346423,0.006812451745192839,0.03465060061554657,0.028905848183448886,0.005191606221524438,0.009866316634687145,0.00983429301941475,0.01252128055334825,0.010439562735237948,0.02605703850325757,0.021100950298546712,-0.002031832732599905,0.012381275231390883,-0.004949902587723669,-0.006809165321723714,-0.009342224426763438
2017-04-25,0.006176929101737078,0.005758598417067929,0.004384547459724227,0.009873914558639415,0.00864821047793665,0.015160899483238902,0.007614873446894817,0.007523782316572545,0.0002314011348981728,0.007477405953316266,0.005012541823522984,0.07567093325015287,-0.0037824739218333724,0.0012797833630407028,0.006987286956661207,-0.012112432231156321,-0.010176731191677465,-0.0027413371373453937
2017-04-26,-0.005898493906457038,-0.0013259670448939399,0.000647930693874788,0.001951668147038381,0.0019242747457170304,-0.0018991680285796412,-0.004045858520605904,-0.0061087544873343605,0.0018382863986499672,0.007746173801908176,-0.02543177459205659,0.002295772961843463,0.006168099739921577,-0.0006773283401817114,0.0004777341842264158,0.005501512418820366,0.004894447532600642,0.002350177342441376
2017-04-27,0.0007652972867688727,0.006465856471720829,0.0018604656532204252,0.0014326239522667406,-0.00931613190861038,-0.0017256259676011801,-0.001721382448810105,-0.005766974148842346,0.009947173123882387,0.012244787907552736,-0.000570027946640896,-0.019099644941226263,-0.00169243828328215,0.005181164209193072,0.007748288611420437,-0.00032760033127253885,-0.003730883571536231,0.001563721976072797
2017-04-28,-0.0009741164148143513,0.0027792016708730223,-0.002184378522867005,0.0014305744766559213,-0.0069870280245210095,-0.008941141836826627,0.004787928857650405,0.011594606018267907,0.0071716783184818025,-0.0001281147915640136,-0.004113821365893623,-0.00409876635053575,0.009654507600482667,0.0002995357202443611,0.017117383877831713,0.0022092223528065403,0.0031514373403487388,-0.001172562181168784
2017-05-01,0.020191569073277685,0.01378131624943272,-0.0010534420166107878,-0.0016596564313579138,0.0006894174701526905,0.004680717339330634,0.005008867597000182,-0.007337066119208661,0.02481416221908952,-0.012181517651509582,-0.002751979720207292,-0.00254577636808575,-0.0018317819195054158,-0.003900980192117185,0.014601693144551594,-0.008332040664903256,-0.009149955701858841,0.0007818608662074198
2017-05-02,0.006324615592431833,-0.0015860431543203736,0.002914509834664912,-0.002580794596540105,-0.006453122185931606,0.0012000801489982218,-0.00012186947819291148,-0.005301034753459896,-0.0013613556559343295,0.004787174364115974,-0.010039897385706481,-0.004815497487879565,0.00221298117698958,0.007339207661710368,0.0020967115532697506,0.005107515840214452,-0.00016714023104261793,-0.0015643335218758605
2017-05-03,-0.00305530332176979,-0.0031796529179445826,-0.0029955898202183584,-0.009230479751869908,0.005763704715778973,0.005272147426784696,0.007890784493587526,0.012825524732561955,-0.006260713151456896,0.0003226326852349691,0.0024326684448632923,0.00029549372278392567,-0.0009151224609198251,-0.0049368041018647375,-0.006435113151503027,0.0006571381875562787,-0.014055695779453146,0.003906254969129031
2017-05-04,-0.003610481120491813,-0.003916170063470745,0.005014568903481806,0.008541141489058135,0.001148765204848124,0.001236476200891316,-0.012900264087478802,-0.018059394984439328,-0.0037262627222984777,-0.0009036339604380094,0.00023137436468654104,-0.021401304539128137,0.0009913448781764366,0.0073216613975202035,-0.006277899356718014,-0.004939094664473528,-0.010137668284455116,-0.006257353228307746
2017-05-05,0.01644762787976218,0.002757421381900062,-0.0035561340316710675,0.000574481546291251,-0.0011487652048480443,0.0012349492153830857,0.004643782022767547,0.00930680981552023,-0.0036117324267303194,0.005602255548894089,0.0005782018083692673,0.002512185413815305,0.0015993301458385428,-7.444076525661398e-05,-0.00405195014459323,0.0009073288041274599,0.0018819509403924812,-0.0015704753913796958
2017-05-08,0.02682546520646412,-0.0008699435084030978,-0.0021073115266966136,0.0018361262908345639,0.001148765204848124,-0.008143439559182616,0.010551307639649524,0.008377702316220977,0.015813922447001333,0.007421184337647903,0.0005778676856813065,-0.0027134331507780054,-0.002133009112926772,0.004604880390087978,0.005443093425072096,-0.005456362743525466,-0.002224504681859896,0.0054859071724343575
2017-05-09,0.006384386506811526,0.0014494856872945758,-0.00032459628663662174,-0.0069029266283477065,-0.004026465031246291,-0.005659677755950688,-0.00702182061896715,-0.01511173449744309,0.003975061232003199,0.005022739999274832,-0.0017346058131749887,-0.0008053961978353544,0.005930674317382397,-0.008782432157214333,-0.003846923892445507,-8.290155466147293e-05,-0.0060137638285606915,0.005067249198535939
2017-05-10,-0.00475183969971803,0.0039031491541042123,-0.003251771014266939,0.0008654762102653768,0.00780805436515436,0.00499287770435623,0.004485127829256206,0.013423020331898463,-0.004069898401922539,0.0028498166908749057,0.0010411245081137237,0.010718860453442952,-0.0012895886477385682,0.002985745293603083,-0.0012634240470919434,-0.0011613439710056372,-8.617346724268847e-05,0.00038872692537005824
2017-05-11,0.008575936136535376,-0.012339562828592783,0.0031706054770058913,-0.0004037956850576031,-0.0030929631168207647,-0.0005337603542366417,0.008509655046052536,-0.002726718815378721,-0.0014025321691472485,-0.012280242129604371,-0.0037067110656860487,0.006257780540002938,0.0012137765109831908,0.0034968972816510446,-0.0016648357324206414,0.0,0.00395631375255192,0.0003885758754629457
2017-05-12,0.013868953150111909,-0.0011692488896208185,0.0035650661648919686,-0.008750381798004046,-0.0027573546876090266,-0.008668895613043332,-0.0007265682088192588,-0.0023566019297307163,0.014384968604564303,0.004598883935950131,0.00023207240756592296,-0.0027764023792393403,-0.0031132566247951974,0.006736026060714401,0.0019309524266867626,0.007524738858087997,0.0028286137233016506,-0.0050633019573493995
2017-05-15,-0.002565748679685005,0.0007309407520565556,0.026734225937383248,-0.0016310366522141856,0.004820392668898569,0.01026932273499805,0.0030238910264379277,0.008364317360998602,-0.0035220843779009553,0.002609388910820496,0.0016230005876595958,0.016836906374398317,0.003719592856427474,0.004269735578616173,-0.0009317184224187897,-0.0027222124456556846,0.0026499139325791934,-0.002737049605673517
2017-05-16,-0.001478291879301816,0.01982268480454143,0.006123429402052926,-0.020080168284364146,0.0030865986212959538,0.002129926258193545,-0.00302389102643803,0.003736576043210788,0.008419833114817218,0.005893739928950723,-0.0010430550864461848,-0.0007814026575228585,0.00022728133700001236,-0.0016909903672971776,-0.002733608396465369,0.0037102734568529583,0.0043443145117353895,-0.007467120570198112
2017-05-17,-0.034152213546015844,-0.028199691673486075,-0.008646493107641083,0.004391959104581381,-0.03886921689443755,-0.05409677253445009,-0.006806881757735476,-0.01380109217007605,-0.02230536837088583,-0.01380648621074772,0.00023188405894380548,-0.021731396475146252,-0.010700176343591394,0.004038925999198057,-0.03346882660584106,0.014461627091268067,0.018026094569868204,-0.006728701421709164
2017-05-18,0.015126283319503582,0.0034026218193020483,0.002365558586145415,0.015221709667054292,-0.0036854348311774233,0.006715190315503115,-0.00293147883110459,0.004478970655350302,0.014428202478719962,-0.002501685130468963,-0.004531466535478062,0.0007985626298456694,0.003687206512641598,0.003584626539227495,0.019213609415918275,0.0011349818808142724,-0.008214631273043643,0.003567892784840349
2017-05-19,0.003403144645902782,-0.00029542097621758503,0.00023624837719254658,0.006627160634818672,0.00971917097126302,0.001068400984230773,0.0021994143761948567,0.012754672413437756,0.0014074744416868541,0.003846158587631601,0.004299582476534384,0.02181186891760841,0.0074860940859821125,0.0025526032154996226,0.002705263383828281,0.002346943982569892,0.004953622488305715,-0.007148561018885123
2017-05-22,0.006057663859958499,0.011165093213684113,0.0020451513456398876,0.012151377596636566,-0.0009440642657831021,0.0029206576011132756,0.004384369465367475,-0.0037622316753265473,0.011219950803721542,-0.0021776733133868267,-0.00034792693875384303,-0.0013677219793432668,0.0033429601104552568,0.007691229325203493,0.0012149849621733168,-0.0027521467921039966,0.004178861074966848,-0.001595532847341011
2017-05-23,-0.001234608169125133,0.0033544842943390696,0.002040977236845421,0.002972110098053889,0.012437095664588227,0.01661884641995368,0.0035179268402523093,0.0014124961145683703,0.0008958867045164916,-0.007271823285676293,-0.0015090838079272696,0.013014946726804331,7.584663742149728e-05,0.00439941569946504,-0.0011474470568750479,-0.006750462785217814,-0.00635878983292721,0.0043816042998579205
2017-05-24,-0.0029953789400137655,0.0013095673028411068,-7.842214655436114e-05,0.0021094047327608594,-0.0005831924114536647,0.018896992741094756,-0.0035179268402522174,-0.0004706103897289333,0.009027209348409827,0.0010973760902777832,0.004867317522968128,0.003083151108147844,0.002197053802886872,0.00852715567643704,0.013216790292994017,0.005615020652122828,0.00393717786083196,-0.0031847160672921824
2017-05-25,0.003450411938916093,0.012284279051664827,0.006721926201949009,0.013912677752741557,-0.004209055670938142,-0.006094574096731751,-0.006583783841562402,-0.010504994159700687,0.01320361883216211,0.009375269337799834,0.004153213169116702,0.01024079390522707,0.012110419174237436,0.010875361107023964,0.012715403106184636,0.00032454361317711455,-0.001087456713464267,0.0011954574034962822
2017-05-26,-0.0016911673097400074,0.004871767766209862,-0.004794664323826134,-0.003093800808056803,0.00011715775240309838,0.0047533721790512665,-0.0024494807103564047,-0.0037172992334214045,0.0024130800585082275,-0.010020638833714297,0.004479933976034639,0.006075583526953363,-0.0037453227297176346,7.107068024581753e-05,0.001118090155337663,0.0017021280706808746,0.008832654706989003,0.002386635979941233
2017-05-30,0.0003905233071819792,0.006411648380890679,0.0014958865914552232,-0.005139947490827534,-0.01725199351995763,-0.01969794884038124,-0.005533367945237156,-0.006322465740332672,0.0009234723213095604,-0.0008396034984560557,0.001717721578462953,-0.0017998394476503787,-0.0024043891667583006,-0.00042649986330996925,0.0016419825699286828,0.004927909152609916,-0.003323918632882714,-0.0011926059886077272
2017-05-31,-0.00593938371100512,-0.008128386999907465,0.008928630744537095,-0.008016644690186349,-0.021078768990162946,-0.03333021237457136,-0.007425776696897299,-0.00558929854367575,-0.0020890673085808466,-0.002407366398715053,0.007863736460853116,-0.00037932670026905567,0.0004512635453112543,0.00560106395166144,-0.006055837359219875,0.002495071518672573,0.003987378600825344,-0.0023894873948297466
2017-06-01,0.0027456381254969066,0.0037158825099013323,0.004124038059379387,0.02480677435825329,0.011016393720211941,0.017594936279163417,0.0024813908514014237,0.007605331483987544,0.0013363008564532346,0.010626679408979007,0.0004539779897352454,0.002084518473092264,0.003452938425848224,0.0032469852749998493,0.00046206146247634936,0.00010438361917979775,0.0008287064367526195,0.0011954574034962822
2017-06-02,0.014710436021725453,0.023404423710236877,0.01004412368927733,-0.0010585843820554457,-0.005069413390918702,-0.007938031970357666,-0.014981553615713867,-0.011187309271737493,0.010765678107810749,0.0012882449446310026,0.0052059873123164735,0.002835540652189956,0.004336779639754077,0.005692014948857302,0.013633297612855977,0.011770965072547898,0.00734538853331482,-0.004790428322294923
2017-06-05,-0.009826182882767934,0.007220247973321321,0.002150208169625607,-0.00011149515021983118,0.001813456338563676,0.00318277825416327,0.007768489137566551,0.0007755695978740241,0.004568729547358997,-0.003611276253168704,0.0016917615277652132,-0.007103984409992239,-0.0040370868224833935,-0.006044437858593262,0.00013019138144389035,-0.006228559624290606,0.000986274428596775,0.0008000000450032448
2017-06-06,0.003372465742823584,0.003314920162546989,0.003598916553067057,0.008051349748676119,0.002051282769997404,0.0025203037703254694,0.013512881496695066,0.009452230868591198,-0.008280675214516949,-0.00381889845664981,0.0006759040471673315,-0.0061978744290404775,-0.005634240949689812,0.0004933573058510774,-0.005351794525131463,0.005432191021967669,0.011191555768902696,-0.0024019226942231953
2017-06-07,0.005938949740550846,-0.001794217581939686,-0.0006116675775469949,0.013130974593941849,0.01138623196198485,0.00580978139523379,-0.0037009664736798674,-0.0038472683796842095,0.00702412640244845,0.004916557969373649,-0.00033789491779964205,-0.009997199478636313,-0.00015068183617103134,0.0046397271279656135,0.0020266080873671943,-0.004791576008972592,-0.005294249792230966,0.0012016824986208056
2017-06-08,-0.002448770395638689,-0.00609673497153619,-0.0015308077998669287,-0.008331097788716353,0.012318052235864864,0.01371586835495161,-0.003590668130656172,0.002213987525180552,0.00019798647817020556,-0.009466452070820155,-0.010417940447002104,0.014387357321965505,0.00623429367393796,-0.007956947940415047,0.010330469026296456,-0.002645186104927989,-0.006554714168645058,0.003596407473714727
2017-06-09,-0.03954852995955195,-0.022915179957106447,0.007478667335221596,-0.00126669437289918,0.02338539469487252,0.01668216384081954,0.01855660006146705,0.022814677765067636,-0.03214630761806372,-0.0035241177244638216,0.003522530770490792,0.008628508470212992,0.0017954669295436089,-0.008591057136490944,-0.03358733119060231,-0.0015261660052950383,-0.009166421174633527,0.0031859843753220896
2017-06-12,-0.024185961526374308,-0.007708817617334623,0.0022023931447164454,-0.012253764261763543,0.00022996435673327138,-0.0023855080514161133,0.009693520711078435,0.015295952017557858,-0.013791760483589644,-0.005112418554975758,0.0009070295403837321,0.001415161329224501,-0.003969299351560436,-0.00586428055419953,-0.007784229347815714,-0.000321595114875592,-0.001494396293053657,-0.0015917233761428124
2017-06-13,0.008013467079791954,0.012390673371236779,0.0015160706360226998,0.009991756731900173,0.0033285540049026955,0.010266616370429969,0.00036168545932173266,0.000832678032469467,0.016323536630504495,0.011823634492217591,-0.002041974617056236,-0.0030214355912386243,0.008443913424475862,0.003794255904516507,0.014977546631405249,0.0001608104853649367,0.000996512289739076,-0.00119545740349624
2017-06-14,-0.009802991958427954,-0.005393143925526476,0.00566488164660226,0.007209519133611138,-0.0020646944708657485,0.010250583420593437,-0.01078602227962344,-0.014250695225575882,-0.004414341492806769,0.017828308091200677,0.0043059556618396866,-0.009883193626675288,-0.0011167778394511687,0.008537938735968819,-0.0028578094086478376,0.01531863368100735,-0.005493147395804705,-0.0007977662991289443
2017-06-15,-0.006011419036147956,-0.005279315964613239,0.002031526977494704,-0.0067677498405079575,-0.005988731476190453,-0.014586463981526167,0.002312421159681183,-0.002536046068404879,-0.012676400267912379,6.378974880990932e-05,0.010572587515882161,0.016010952607906262,0.0017118831165810113,0.005087990626680065,-0.002999502332250837,-0.0015847863852645003,-0.004181657009231047,0.005967791735055328
2017-06-16,-0.01409850264595451,0.0014295928087750887,0.009798500176741822,0.006905914023863407,-0.004515203040140414,-0.006381470514437551,0.014841901404881657,0.01881926231917489,0.024121504783883255,-0.0008295842980187162,0.003127795222505988,0.011215070819928778,0.0011891491550272816,0.006813977401136489,0.005591813266099429,0.001980590862439162,0.00016760244738808113,-0.003576399600762474
2017-06-19,0.028206020793065948,0.012351970773700711,-0.0020862834487511447,0.007623785725668071,0.02169382062983524,0.019288895571952354,-0.008782011328882774,-0.008248042682122083,0.007524444441451376,0.013758340340550531,0.002228164914082935,-0.0010228277426551772,0.008947447572110622,-0.0031553509312685717,0.014695002663712316,-0.0014256298940752018,-0.007654493360532078,0.004369421051470753
2017-06-20,-0.009129975895695662,-0.013638512297955974,0.0011181931170775698,0.0013650388429453679,-0.0062646141439423875,-0.0045653072220078455,-0.005452245892371387,-0.009161511213686429,-0.0025958882851114615,-0.007204277873349911,-0.0025628182720103853,-0.004195223604409951,-0.006869833112380489,-0.0030244440151823075,-0.004063980422714018,0.008916301623300793,-0.002113182815875147,0.001584158747025761
2017-06-21,0.005913108538579098,0.005136264680093436,0.0051276447204451035,0.008962823789683765,-0.004580860048483214,-0.011662591136737017,-0.010626054183941636,-0.018865801039906514,0.009665107671578623,-0.006873316691842838,-0.00256940319047958,-0.03392088076367427,-0.004904156060973231,-0.006359995997590038,0.010844109401898672,0.0020403365787044865,0.002872836787835858,-0.0019805908643774806
2017-06-22,-0.001646655604874519,-0.00014231836681393416,0.008414575778752745,0.008507939964057085,-0.0011485013331452125,-0.01230061183784639,-0.004430231218078893,-0.00038288504349547964,-0.0009283615087309058,-0.007113818573323574,-0.004147290594121664,0.0035695373393583875,-0.0013416817757397896,0.003750225514613754,-0.0033191270585456144,0.002192639876485322,0.0033692754245324267,0.00039643211735171217
2017-06-23,0.004453434789186529,0.013430611155662756,0.002789197345289968,-0.006724974907746619,-0.0018403501859581143,-0.011808998453919044,0.006515481897666957,0.0052518621549523985,0.0024338678574871825,-0.027186393521184002,0.004370979220423878,0.002596779530947754,-0.0005968813132779192,0.010887615015731017,0.010827738942581818,-0.00046944684427742346,0.004279427550438641,-0.0031758661069954484
2017-06-26,-0.0031496089050232125,-0.009595106773733222,-0.0006598966400383425,-0.0007020007306580213,0.004365314227535475,0.014853002530642086,-0.004544066769633827,-0.008224202423868142,-0.009771216841440906,0.0007267202118649561,-0.0006712160446976088,0.0013438281920688598,0.002013048209949378,0.007586075285278144,-0.009589913448543963,0.0037494185465952144,-0.008999598148326661,0.0015891938186592092
2017-06-27,-0.014436444813253502,-0.018892790365891435,-0.009802916165588807,-0.002812941376549593,0.009241893608647968,-0.0007260846206835507,-0.0016014786283904783,-0.0006723980843766739,-0.017455638163399605,0.005400790312987742,-0.008428436702168907,-0.0030742650788318352,-0.009955544630811868,-0.013682586934221148,-0.019792210005763176,-0.010738884311522477,0.0037947509381871915,-0.011177761089641988
2017-06-28,0.014505020160617943,0.00848864891396863,-0.008853236414228789,0.005941146289747509,0.019902832717815615,0.01325836783329677,0.005164792590959793,0.0020158394151045984,0.013776773352352311,0.006481837602209057,-0.0027121725285226012,0.023957795739392482,0.00779322040965365,-0.00882493637223568,0.017510815410926726,-0.0033154435175098123,0.0007572252265402401,-0.0032167297537854184
2017-06-29,-0.014852955170755243,-0.01894626055768837,-0.008856921968291064,-0.0023182477964103164,0.014698833464200627,0.005316903708175952,-0.010232475398346179,-0.0015355089391420626,-0.014647358389235124,-0.007007461793007827,-0.015739376010284477,-0.007638303910753831,-0.01239266301353414,-0.007473610356964426,-0.014460617435361648,-0.008416756055928402,-0.004889985294191904,-0.004844579519211156
2017-06-30,0.0023635742668655707,0.006403747687600228,-0.0026422089121685335,0.000809301616525327,0.0027389773356673837,-0.011247905997300205,0.00037167813221529873,0.0020148723544799606,-0.00815877525294386,0.008116290135845645,0.0018376024460546568,0.017081597871723593,0.0073039743397805565,0.0011424492492932699,-0.00039732468549615523,-0.002315093038407801,-0.0025387167735216316,0.0016174690140649437
2017-07-03,-0.003617143621273808,-0.011086911522612685,0.004600483244923152,0.006611683182045188,0.0200385800636118,0.0239559076075502,0.016827763050373652,0.018706332867071244,-0.014924873481750775,0.00396864643770873,0.006747123771556977,-0.004570263982587022,0.0031460700108711793,-0.003646116640317479,-0.01703391107532708,-0.0032209906492344877,-0.01648834927907826,0.006042314454330975
2017-07-05,0.004103069143644514,0.013260667903082113,0.0055526517696364045,0.00853566131940154,0.009977017801918139,0.003338314617522537,-0.015342430434906532,-0.01593054740481013,0.01843111611681819,-0.008607813175515622,-0.0007981301373458974,0.004849398666765964,0.0006728720681676857,-0.005746316633000565,0.012785929112799842,0.00024101225265022578,0.0036971797412894193,0.0004015258046004281
2017-07-06,-0.00948337070030239,-0.007410131981637227,-0.008416040056896583,-0.00698315692560486,-0.0032075297467585367,-0.005937606783134913,-0.009070075225829657,-0.007676107543009665,-0.006465161375206011,-0.00420030807192816,-0.0034277912909576893,-0.00915894252980052,-0.003218927060335943,0.0053881376091566985,-0.01016187378008613,-0.008308174428208095,-0.0004292029766733366,-0.00442567610163151
2017-07-07,0.01010778533348379,0.012895926019757904,0.000150909227614704,0.005441464480264357,0.005020573490133465,-0.006239372410585786,0.0012473495452197006,-0.0031836407187230318,0.014013295830045616,0.0011831209481616871,0.0031996370577722535,0.003842013815533719,0.005607700963556864,0.006498862369562578,0.017451984931884417,-0.006011879346106306,-0.010269777423293781,0.0016116038942250055
2017-07-10,0.006084930959446254,0.0074584396234431815,-0.007497479173549296,-0.00538797281168712,-0.007057343234601776,0.0024827109755830674,-0.0007482230059100908,-0.00435772732532357,0.017932569464399147,-0.006921355207546602,-0.006409544662210552,0.008567755893417418,0.004240920013277959,0.003907503815948031,0.013511060126127827,0.0014656789532095456,0.0016468042724977377,0.0004024954737176553
2017-07-11,0.0032348009893174343,0.00014288776229646325,-0.002435498578256776,-0.005363381052349192,-0.003870556386643338,0.0049029449572649516,0.005474012176427514,0.0007760962749925092,-0.0023510510176338105,-0.003843864498539305,-0.003681126899652359,0.003702336698838154,-0.0034955968813006164,-0.001987366685633434,0.011464969965810628,0.00170724808669083,0.0012981956905655997,-0.003628304722366968
2017-07-12,0.0014419613176175764,0.01643794983403462,0.007591321661364325,0.00397166687818582,-0.003453116627615802,0.0019368760729047859,0.004456556026231735,0.0074392884518012774,0.01237619763701244,0.013127270538499958,0.0021873030083859363,0.006629858538098728,0.0040893770509843365,0.00021312116145972228,0.02310953654957107,0.006880668260121878,0.003539826705123987,0.0
2017-07-13,0.013832798673425966,0.00867623690515455,-0.0028020768842012636,-0.006502427725863566,0.0063574374991474435,0.013150323846246221,0.0001235101580456693,0.002307471459672661,-0.00585909983481497,0.004576966273838227,-0.0029943590270572144,-0.0045072053490289995,0.004146618307641054,-0.0014216664336505326,0.0022630132866682698,-0.006312232660337505,-0.0018115165618103515,0.0004037956812191408
2017-07-14,0.008557715376378963,0.013974630742108177,0.005596324066892082,0.007626654938344524,-0.009171901362635067,-0.007843177460922836,0.0038212681322653307,0.002972625288823112,0.0011785622905913498,-0.002678252245721028,0.004603000072099965,0.002761924053581124,0.003687863746524975,0.007653098577631935,0.004448210824003527,0.0012169893191381752,0.008168926289979894,-0.006074122743325733
2017-07-17,0.0034829238158025685,0.007801312405181823,-0.003399436701883337,-0.0029470885364796273,-0.00936621963623092,0.0028829793259398323,-0.005180719617764056,-0.002204649826189271,0.008181570105447162,0.006584761543355946,0.005153174873378076,0.0006433528097562122,-0.00420525168818217,-0.004882718540136559,-0.0015014078514555217,0.00275303817569355,0.0044433124457903305,0.0
2017-07-18,0.0034708351492226714,-0.0006818956952429592,0.017329115991327318,0.002679530006378247,-0.003507621704755964,-0.02629579003975172,-0.0032206146987785607,-0.0047131333338012405,0.014165949181722955,-0.011239744543421632,0.01237316426644905,-0.009137541080489524,-0.0005176557705166153,0.0036819414223713516,0.019406046236908208,0.008695006877628149,0.006966893090342163,-0.005294249793078768
2017-07-19,0.00624379311611533,0.007610800531634721,0.005562368329202511,0.01244564516685687,0.0014264555017066119,-0.001972298815185871,0.003096936510092467,0.007109262337240731,0.002359457444656268,0.007398468946142133,0.004497991596063702,0.007258546664908258,0.007076022743398937,0.0021885708927094605,0.007828786162650942,0.00040072130442728117,-0.00025403277159352275,0.0024469832787210486
2017-07-20,-0.004512882626029474,0.004862246207922305,0.010008178320046704,0.012136007522710532,0.0,-0.0025608208617305815,0.0001236781886860106,0.0016260943843255814,0.001780528499119962,-0.041760138288873795,0.002825658845405279,-0.0049263472776172445,-0.008852879655685281,0.011778038566667285,0.0023732021972392753,0.0028804628646602014,0.0013540963477292301,-0.006128721944610705
2017-07-21,-0.00046571971000942524,-0.005810434563161528,-0.009268861415173716,0.001461073104893002,-0.003404912950531252,-0.009582427327646418,-0.009193753414515653,-0.0132770855507897,-0.002949811569581277,-0.0025878521656117304,0.00011286044749902471,-0.0068253268562890185,0.010320769827340788,0.006183795976564808,-0.0006079766727070565,0.004225639136208069,0.008589526495068384,-0.003284075200964102
2017-07-24,0.012038774845982878,-0.002578195335013866,-0.01714412891003728,-0.004651535812976262,0.004281721423811717,-0.009124983473139506,-0.0031251978678762038,-0.00048437879444871817,0.012864530178485982,-0.01421580785111537,-0.004864538128641827,0.014806807742970671,0.009924915448003105,-0.008486417099870032,0.00950284063044156,-0.0039060992705145484,0.0004191641927491723,0.0004110996986666537
2017-07-25,0.004264678575527637,0.007984344466054148,-0.008531895161807444,-0.0025702235558008454,0.01651493423768037,0.015463287923204179,0.004995639214216842,0.011465032373573958,0.0008851175763780543,0.016395496746186535,0.010827987587383372,0.05712760052202303,-0.0033459443497693185,-0.00027946621953348094,-0.004346782985291957,-0.013104661549679125,-0.0032741497578120627,0.0016427108415686563
2017-07-26,0.00470281729001462,-0.0018888294868416027,-0.007076847249972189,0.0018365478078294917,-0.009419221915649187,0.0030191763012968257,0.0012450200802280322,0.006968669316325625,0.012357576248785522,-0.0019069678188675544,0.001793320364543097,-0.008945074114310598,0.008994040465075601,0.016493790403103576,0.001994621230512449,0.0016172074356717201,0.008040244318565544,-0.005761332805806005
2017-07-27,-0.01907827091290425,-0.01209171719124342,-0.0009168004311141486,-0.009587094079420412,-0.004142146756357973,-0.003470582438809052,0.005707211521713582,0.009373737148381975,-0.006479915946184612,0.007064766833645023,0.015335337756957692,0.007459773941485901,-0.010963191084820044,-0.005790324305470662,0.028747702030015723,-0.0049406814955037775,-0.0007510327052227691,0.003707522265570611
2017-07-28,-0.007065283007114549,-0.0016415872359147154,0.007766142276566199,0.011681884056669973,-0.0029535655656731403,0.009571171045071165,-0.015334090894859643,0.01876542952321448,-0.025131523429191734,0.0023663849318672626,-0.005196539970143446,-0.0023635499253525827,-0.0013880266679511702,0.0032439549469015666,0.011724010751539428,0.0059097520713307025,0.007485064886566927,-0.006186862380908728
2017-07-31,-0.005163811224955363,-0.004665851747890948,0.006576733083447367,0.0034468385914437766,0.005680592071673429,0.007662531366173069,0.005512416863746539,0.009847762617035254,-0.032137120307690885,0.010212397274846189,0.006739240001049223,-0.001315501176363046,-0.004910053469133807,0.006661883776405494,-0.018730427590924446,0.0012100191047382846,0.0004970179028755127,-0.004145942922604526
2017-08-01,0.008835990281324648,-0.0016519827545130171,-0.0015835316057111037,0.0021872730309607045,0.013309724154114903,0.007384023114890607,0.0016228703396160434,0.014456768578935065,0.008478001555864265,0.0016697282228673018,0.003078278595583525,-0.007487372568707588,0.006517066232220352,0.003280259893993205,0.0035976565596085577,0.006978615934547372,-0.0008285004616412342,0.0016604403979857592
2017-08-02,0.04616855586118661,-0.004418676065332715,-0.002644804504309722,0.003997617140427952,0.0008595681210812378,-0.0032210410181546184,0.005349269458952023,-0.002892788130987778,-0.0003011927254607359,0.00432829042592902,-0.000658833888075358,-8.842123947776692e-05,0.012403597166998043,0.0011591832467830955,-0.0033022792127658197,0.0005614598097937909,-0.0020742591963200433,-0.0012450717511316128
2017-08-03,-0.010041336646684794,-0.0015234404991990142,0.008963940855100072,0.009129186336929366,-0.0065729453830529125,-0.01012756846155094,-0.00136569640703972,-0.00936838904327692,-0.00904782726801088,0.0019250561885143284,-0.0019791100459339043,0.004147369721828021,0.006037103286770408,0.005437012172370828,-0.004202557311188022,0.010290865018608474,0.0015768292407805481,-0.002494803786117169
2017-08-04,0.005257096348679133,0.0073189583083051605,-0.0012756539452377753,0.0005646092797676118,0.01246255923681488,0.0255644403652549,-0.003484757727567015,0.006194790694652351,0.0006685237017785822,0.012914457674449641,-0.002093318673182245,0.006932588863524134,0.0034334797678638763,-0.0053688667496058105,0.006090909105817715,-0.008528326507689697,-0.007825547761118871,0.008704718177205521
2017-08-07,0.015355631672569491,-0.003859944136211946,-0.002405654445529553,-0.0005132679886264672,0.0038363218415011706,0.01352919860210224,-0.0006235580418208321,-0.003001503003497272,0.004737741518517013,0.0039202925084442,0.008456477827496287,0.0031432838250767367,-0.007741974154029707,0.0023141856233321076,0.013817550049370478,0.001120000117251719,-0.0011707644755927042,-0.0004127967046937215
2017-08-08,0.007965171154314023,0.005372283737995473,-0.004450654198963514,0.0006158899804022963,-0.003622806307159123,-0.0037421812815990967,-0.0024981277043701674,0.005178769581034276,-0.002451933764953255,0.0,0.0015298877428201723,-0.002618716580374301,-0.0020891121665430096,0.0017660648528689175,-0.004370508982142518,-0.003604473444497337,0.0029243451512494514,0.0016501653908397708
2017-08-09,0.006103263673697639,-0.004405900008878019,0.007231669934608077,-0.00035922305558572275,-0.001602478843045906,-0.004491866058913124,0.003121685746190969,0.004881586263030424,-0.007941822303714891,0.012378240417123265,0.0037057263112144673,-0.0006120218772491341,0.0023769233645420293,-0.0007468006739694634,-0.00029204754755215377,0.0054417547856270565,0.012024857752788862,-0.0008247423172004442
2017-08-10,-0.03224151089655685,-0.014734767560609884,-0.0010513668740188239,-0.011667659466258624,-0.014430575635530728,-0.024140840685366594,-0.005876853425383279,-0.007058852840567572,-0.025881698209624847,-0.008928053093588115,-0.001960144370652781,-0.010462093755847572,-0.01274271513969919,0.0032546814761255927,-0.022329476397885326,0.008503249868515668,0.0073916236670810475,-0.001651528038358745
2017-08-11,0.013810961213396727,0.015148646299659927,7.513430269537761e-05,0.0023340864872667664,-0.00838739190740765,-0.006004688341473848,-0.0096705168964503,-0.00802411526979669,0.011501963252323373,0.006477545643990974,-0.004369681412015185,-0.0026548688160524785,-0.004747479976337784,-0.003662262487549331,0.004053898481573739,0.00047468355372292477,0.004734702722512237,-0.0037259409705436798
2017-08-14,0.014937409429230735,0.01492258507792638,0.0028509284818649793,0.0035683848274482466,0.011636257663160548,0.014219193747068919,0.0002556890838271644,-0.004771964638845131,0.01569250514140656,-0.0040111330219007564,0.0033881665277458186,0.007591844372809243,0.01222455738659179,0.00596126951505745,0.01576044191363739,-0.005154446208889029,-0.007110487234085253,0.004139078759077523
2017-08-15,0.010888270581955843,0.0002717391328490002,-0.0007494566789995647,0.004069967752116763,0.00259151424521731,0.001011100207166176,-0.00243168994172987,-0.0012886599723197978,-0.0005696730637674005,-0.026871504813506288,0.005983156277815954,-0.0005277973376671293,-0.006166365798307596,0.0066642231121172985,0.0014630580518518856,-0.004222609149805825,-0.0077398492595679835,0.004533286146449942
2017-08-16,-0.004030388343390834,0.005855535216583767,0.00590545539801963,-0.003760274346140992,-0.006925685078226589,-0.008737919673048886,-0.0073307511119345865,-0.006004914344389179,-0.004650886542725244,0.013755920897426235,0.0025996548429950226,0.004126976045983845,0.009595786338329193,0.006220131746404544,-0.0058651194521728844,0.0036659269616086242,0.007329660156642736,-0.003294895896625082
2017-08-17,-0.019385193463022678,-0.017117843516542223,-0.008457817716887825,-0.005537313291733041,-0.015760422532006158,-0.018746494451243552,-0.015742210213543967,-0.008648296053244344,-0.01816684391752496,-0.0170910360488773,-0.004010628106862364,-0.008624536430248754,-0.016281891462384786,-0.009176527100958575,-0.018343692059856326,0.007449709520802473,0.005074491164183101,0.002060581814057233
2017-08-18,-0.002283106014332616,0.0012423219204196305,-0.0030865383784493784,-0.00980400009667097,0.0009923370341480425,0.003291478950583724,0.00497057923247523,0.005273081897857869,-0.0021885951707531436,-0.014672493669645627,0.004335110290998647,0.006870457748580312,-0.00664699640823165,0.008843093735852296,0.0029911484369510265,-0.00023690133195620805,-0.0015523513064673775,-0.003298972063882011
2017-08-21,-0.0018429670637416847,-0.004701336093641688,0.006163579343395136,0.006321034498210548,-0.001212990168602697,-0.00614080585988909,-0.0033982518642433515,-0.0065957084483061965,-0.0054191035240950475,0.011527310898132383,0.004208715001366714,-0.002812941375825024,0.004583772626666849,0.00346228457005735,0.00220770399076121,0.0024452782847005886,0.00375418705840886,-0.002895555279137602
2017-08-22,0.016215377852262545,0.013901538303715641,0.009323207566093844,0.014270445366293273,0.010209211017671726,0.012557268320037302,0.004702203020358713,0.0054681007370099895,0.014175917922256987,0.004747426254635607,-0.0007541072262214411,0.01935375551012817,0.009762620203804211,0.0025888693130601153,0.011024947188235127,-0.003867866052765506,-0.004490353301626323,0.004133945528962455
2017-08-23,0.0012509383669480837,-0.006032373653232309,-0.01420584637372808,-0.002827547316998495,0.0012006768887985041,-0.0037641198769957996,-0.0016954682886259457,0.0023477495869235793,-0.009247299518641366,-0.005417892253169897,-0.0037790899592816726,-0.009281412857380251,-0.0035856757895285367,-0.0014429657945490963,-0.005497279988801984,0.006778618216133542,0.0037569465947516075,-0.004133945528962464
2017-08-24,-0.004447932159065758,-0.00041262637345255813,0.0006774813009748715,0.0026221768797658565,-0.001637644342241147,0.0011217554400121215,-0.0036615707196404183,0.00775523625333127,-0.00581016578615343,-0.005717183893319405,-0.0018407238155481408,0.00026140374040387797,0.0009525554853042001,-0.0022077279411484223,-0.005766103061186854,-0.0036988984849556333,-0.003102549843382089,0.0020691089536389084
2017-08-25,0.003697556934552349,0.0017868192505799032,-0.002788140911382561,-0.0020045752132570763,0.0040346818816911776,-0.0023346663501791712,0.00509638476427771,0.007326040092151131,-0.007577590257775656,0.00939919642143619,0.0025976851934844856,0.0049537319388078,0.002048581342254501,0.005277057103701954,-0.008501518006723371,0.0038559953346530558,0.0036730237596723247,-0.008302247774713936
2017-08-28,0.010020934697145748,0.00013731548379655083,0.0004555462832008046,0.0037488810110058255,-0.0031609378333463892,-0.009575069766799562,-0.0032639235178769737,-0.004352060205195878,0.0008036885505140564,0.011560054324341028,-0.0004324791938000361,-0.0024303457842348775,0.0003653768901027959,0.005183080245786044,0.005516262938636337,-0.0006285355326172451,0.015762360047543948,-0.002922147767720306
2017-08-29,0.008878534183631458,0.003016179966029163,0.0035612843095065216,0.008371239739175433,-0.005473467412935611,0.0016324313242651759,-0.00026157468142844827,0.0009275578072528725,0.008462852074915187,-0.00436913180081703,-0.0016234648308884373,0.008135755452521034,0.005537354768389283,-0.001061008058872071,0.004831647682835017,0.0032170768069772547,-0.002167717921621016,0.0012533947731558635
2017-08-30,0.0026972369698911526,0.01305608101329862,-0.00866003588997061,-0.004330003454128097,0.002302506361842957,0.01112177475066548,-0.004588667508090104,-0.001205993003077073,0.01408188128099545,0.0010672359599138905,-0.004886268475730381,0.013187380698399769,0.0029745732381005036,-0.0006637021530879932,0.011066183882124195,-0.0003134059419417651,-0.0004823538963207079,0.006243516642982601
2017-08-31,0.0039712897756910255,0.010216515801961496,0.009869500093681252,0.015299959025887152,-0.004610326497972206,0.005917177028446108,0.0030177809431177678,-0.0010215928446014706,0.013356185383776932,-0.000867042438886445,0.004344527306934327,-0.0005105514072201522,0.0016647971714390689,-0.0007305815099528366,0.011992304942811206,0.002973398121991901,0.011671728951330472,-0.002908790751757964
2017-09-01,0.0003048315836071705,-0.01116278150264908,-0.010174727108891925,0.004264398786526501,0.008872395131429497,0.00951922138553427,0.003139309315212309,0.010537115702720751,-0.0023993681266110426,0.0060535691266767585,0.0028138546698995965,0.006701471405334798,-0.004639370409539483,-0.002328134888071233,0.0002907061273606599,-0.007665526802627698,0.0019056699430806303,0.002078570693343207
2017-09-05,-0.012081218907984961,-0.004473067438830357,-0.008661380940261613,-0.0022051830719097554,-0.024172028379398698,-0.03651850588676296,0.007935000984105527,0.006232834108954788,-0.013357406140112747,0.014158479576049293,0.0020512827718053538,0.0001690760002710576,-0.008171052976634952,0.000665734664288905,-0.00758596156989149,0.015733563958716768,0.01104460580118395,-0.005413296584567831
2017-09-06,-0.0010494152014580834,-0.0028569504495380743,0.005910137324497932,-0.004677018256635757,0.006680795364280865,0.0048097937486444465,0.02051880143380545,0.021245657409219555,0.002617599408809097,0.023459022728172185,0.0,-0.011220790969884311,0.0002929759050374015,-0.013467089063601004,0.007992808223449577,-0.006154344980385346,-0.005112686639339785,-0.0008354219340836326
2017-09-07,-0.004022656040339697,0.012725229248264051,0.011565220590123696,0.002718350529006909,-0.0176896686241884,-0.013757780206914857,0.0031683696729860014,8.944943827628795e-05,0.011986154684971547,0.008712573794042347,0.002692661434991691,0.006730589839117402,0.003873849087057918,0.008329463083437898,0.00648713540535177,0.010184733322519407,0.010355470274676457,-0.0071294074265873175
2017-09-08,-0.016443522836449682,-0.0048543784650347125,-0.009195641801259563,-0.0021216415315610687,-0.0012432892243227523,0.006327235056352712,-0.0026607554500377557,-0.00916530811648796,-0.0139512998589394,0.010894657335863535,-0.001399279061244728,0.00042446624009228424,0.003568181465690187,-0.008262011733211179,-0.013133615097369452,-0.0021681904107861607,-0.001249512071980272,-0.0025284463557055806
2017-09-11,0.017930696240360627,0.010488196183563947,0.016882190573911666,0.00921155180862255,0.015375422133903749,0.017569530366804104,0.005440640990731992,0.01558473101677856,0.01240846021764667,-0.008112486714547005,0.012310812226042966,0.008872422898151077,0.01034105465804378,0.02095785177404123,0.01486411852840382,-0.012009814475695418,-0.0140071537846853,0.006728368533244282
2017-09-12,-0.003970721185199255,-0.0010706639134030573,-0.004363533856882912,-0.010628484387109323,0.012176373598295891,0.021879577974725634,0.0031496089036115926,-0.0002666548167464889,0.004712995962075874,0.009677089468411821,-0.005120011184941671,0.017264095853074573,-0.002304812313620054,-0.015106932225807532,-0.0031748807224146894,-0.0052704153464260455,0.0029277963545246036,-0.0004191993366440792
2017-09-13,-0.0075505023162909446,0.007071882163913712,-0.0013580807883424157,0.004345635944241116,0.002856516994903215,0.0026960746478746534,0.003390472261975911,0.014911821731321408,0.017173433595824468,0.0006876504499631037,0.0004276702728620795,-0.01089090866206565,-0.005640336017791552,-0.006390657787533722,0.0005202161904642711,-0.003951324881037403,-0.007534635320182102,0.005852859514340789
2017-09-14,-0.008618302641631109,-0.0058674658262862535,0.012976966415928206,-0.0030298462808167953,-0.001976719291865665,0.0012791956050489661,0.004003508412656708,0.002361895862170667,-0.007420420531454731,-0.004007519452004615,0.0,0.0070801178689064844,-0.0050161858664103404,0.009203034087304702,-0.012150959070608378,0.004109053588681875,0.00436907395562116,-0.002922147767720306
2017-09-15,0.010057917324561459,0.007196193101784352,0.0020102005808396183,0.002273244897983873,0.007119806624820954,-0.007211303841172332,-0.00024975024956742497,0.0015715037285673542,-0.005477527591195127,-0.006167808589721058,-0.00299753998081659,0.00735996706623354,0.01260155725585967,0.0036043290912976356,0.003969649112631585,0.0003942129586683287,-0.005006168824665918,-0.0033500868850470425
2017-09-18,-0.007596960098294753,-0.0019937535688207392,0.006893256365617428,5.045790523179227e-05,0.014089319443994712,0.010204395560238146,0.0002497502495674013,0.004873388811219822,-0.012850894351072053,-0.003731701619719852,-0.001287415691532526,0.020065926108738356,-0.009254639113613338,-0.011997865022704009,-0.009542001274116241,-0.005770995106855135,-0.00936418863956403,0.0025136167426437297
2017-09-19,0.0003780718390142644,0.0037184637806035575,-0.0011825574179648321,-0.018023092479429615,0.010917372697202327,0.00604681537471494,0.0016218580067575423,0.009933999544722415,-0.004454625303115753,-0.0009509621288485617,0.010890562474722414,0.00732191387072731,0.0005809309585879673,-0.002565662065561448,0.014655912930003928,-0.0024608069569186535,0.0020885219255229524,-0.0029331678303683496
2017-09-20,-0.016900021030082833,-0.00664984495949649,-0.014901184677471452,0.0056352608141747645,0.007001195458632974,0.0038369351628130335,0.004105249281351707,0.0002578316372008103,0.00344815505280576,0.006448780014499988,0.002439413629495209,0.0008814456283999751,0.006800778634364829,-0.008009273792602068,-0.002030810991037607,0.000715051871833867,-0.008056762884948703,0.00794152554437816
2017-09-21,-0.017320926792354703,-0.0097888813837276,-0.011095709564073887,-0.002762432695754991,0.00453515516524614,0.006506486040434189,-0.00822742112958502,0.0008589589948351263,-0.008834544987783358,0.0032088617209807867,-0.018820059326629876,-0.00048069220660569844,0.01552526264929177,0.00027255383236724287,-0.006175736244676052,-0.0005561072640080701,-0.007633004985076405,-0.0029184927984506935
2017-09-22,-0.00982712311000508,0.0026914294267672183,-0.0027361877671021172,-0.01123028493522312,-0.002106816327644634,-0.0011247621880338093,0.00037544584687313756,0.007015771418759053,-0.009949294208289924,0.004887840286921203,-0.004327137863725288,-0.002889015731894558,0.006298453290907548,-0.002865526967760116,-0.0033367512296407567,0.0028566913575239204,0.004554334482416326,-0.0008354219340836326
2017-09-25,-0.008861319722524921,-0.015575584059018918,-0.0016758078270875901,-0.00665317699248694,-0.007515251036140076,-0.003338466973777866,0.013176076263933884,0.0059503745789898695,-0.016159600990409497,0.0070389925288911635,0.005190323070776136,-0.0008844221678335379,-0.006653478678737508,0.0031380065314094204,-0.04601753672856587,0.006240393094104094,0.010412977004589947,0.0058333498717973355
2017-09-26,0.017057280756570318,0.0,-0.0017549888145842834,0.004942135173285857,-0.0044723746151742304,-0.001390699919833945,-0.0011120035738985605,-0.003991343246434064,-0.0012670426899652142,0.0009926790742365405,-0.0007552463010144038,0.0015271473444346542,-0.004056223315860068,0.005975842856319541,0.008193759918146812,-0.001812808379165536,-0.011224731249993035,0.0033181283083312443
2017-09-27,0.007092459049972151,0.008021251627362109,-0.009129680966679217,0.009246172434250074,0.015671646448741684,0.02074531036458266,0.006653548449455396,-0.0005958207611254477,0.012987951628612878,-0.002110622175331301,-0.019399039024041477,8.031160966626236e-05,-0.0047889730925543186,-0.009865703427818465,0.020911304628829275,-0.015182518096888755,-0.00946482261475376,0.0049566396395667265
2017-09-28,-0.006178680513114913,0.0002707825627764219,-0.0021603279752634005,0.008243985347683872,0.0020990771771702828,0.003019801116709872,0.009289884680034478,0.0014463779263464173,0.005798880595239492,0.008908744889422816,0.00022007042348478042,0.005685701002258479,0.007210454227189054,0.0050470711440682055,0.006242403078077487,-0.0029679562954717715,0.0018837795815988031,-0.0028883865793687506
2017-09-29,0.005465205536704334,0.00835809664745766,0.004162176504011189,-0.001275673090638193,0.0013620411763396929,0.007277990912121889,-0.002558325084227414,-0.0010207554469258658,0.005162311034175883,0.00736380352562549,0.000989718010764576,-0.004161004643558634,0.008217671633695635,-0.002997890097807476,0.012603229249627734,0.002246831310201831,-0.005168394129332663,-0.0008267879734614494
2017-10-02,-0.00201344529604316,0.0016096582953173887,0.009263933342505576,0.00808568060495612,0.013829178023321155,0.014482088030295617,-0.004278473611746779,-0.0005959222076494977,-0.002249368313847524,0.002808476111703573,0.008645744689411152,8.018281744438543e-05,0.006469783467780148,0.001295646129221681,-0.008227113454584194,-0.0018260650884186138,-0.0066845720332925586,0.005773211908445209
2017-10-03,0.004346563658103937,-0.004702097733491351,0.006683907611267785,0.006009056888030552,0.00525259974797237,0.004022648342209073,0.0015912849907681937,0.0033156247168217206,-0.0021812991026372783,0.006986874924436459,0.0038066281219388087,0.00631421192237986,7.009427734356373e-05,0.001021694056451797,0.002887195241248199,0.0009650957796714128,0.0004966887519329039,-0.0004112687662127227
2017-10-04,-0.006494372742386631,0.005773765620074342,0.005962506815255765,0.009270693543150016,-0.010221554071031052,-0.005436487566665356,0.0003668602920020401,-0.002039083119315859,0.008686434686687039,0.0007262603968465079,0.0032513304891802278,0.009752307223015977,-0.0008414557686448926,0.011372220306596383,-0.009102255645189048,8.03826216989999e-05,0.0028099192042143296,-0.0012348221403423276
2017-10-05,0.012367820420318481,0.01699231114504358,0.002254961869471366,-0.012952638539405148,0.013298479575594165,0.023645652107379768,0.002808133217381124,0.00846888530523714,0.01582522878684683,0.005008911833172819,-0.004228794590488971,-0.0026862621830463225,0.0036412056203224594,-0.005466891756800015,0.01660522167538788,-0.0037849853928795694,-0.005378803981330728,0.005339918214429533
2017-10-06,-0.0005793556453227251,0.0003948147719410678,0.0002252167722789576,0.0008081624843548351,-0.0017524874338005563,-0.00016257519155686665,-0.003786726567224284,-0.01315752609286337,0.008861068012721178,-0.0016266533698728026,0.0032545049333135294,0.004184271688168743,0.0038369017034560722,-0.001964570629961568,0.005764711570423877,-0.0028279419322984663,0.004718356504174425,-0.0016400167676392295
2017-10-09,0.0034711097419839933,0.0038085278162305965,0.0017249788650180423,-0.008925913810542615,-0.005275965272253441,-0.013174774255269708,0.003908640618140294,0.005793660237996456,0.001423832773603336,-0.0008444927514199416,-0.0022770408320046,-0.000393995513555401,-0.00013926606814740566,0.002911604455227124,0.0015664436237869158,0.0031506266726056094,0.00814249676987197,-0.0016427108415686474
2017-10-10,0.0003849361676316795,0.0,0.0033663768465183844,-0.008286916317284204,0.007440356739017984,-0.0008240626752778683,0.002799928787967786,0.009217434503780793,-0.0038317903105958254,-0.003324571623574658,-0.0054424864940354175,0.010271780437326081,-0.002021540544212871,0.007611258242757089,-0.0052893261736525615,0.0016118636623779084,0.00261780254207888,-0.005357523633650532
2017-10-11,0.004160671709934359,0.0017025739164589055,0.020329659676808897,0.0029748188321924002,-0.002990155345494808,-0.0008247423151709487,0.004124717723313777,0.004451357452917698,0.007870084007469353,0.0005447777137861584,-0.0017478702291733419,0.003193273479163905,-0.004125447238008343,0.0056206236965272004,0.006679663554791029,0.001930813151047134,0.003181209094195607,-0.002896753524259242
2017-10-12,-0.003519440522666118,0.009118208283027217,0.0013163670177973711,-0.012056408596471967,-0.00881611269346907,-0.010784011601732995,-0.002060232201127332,-0.0015934921807812827,0.00594210964147643,-0.004001945675681026,0.007515965885965858,0.010750712616064279,0.003287750854263681,0.005522853976369139,-0.001100524308405607,0.004250718193736757,0.0008140671240844462,0.002069965550797858
2017-10-13,0.006326101800669908,0.004786245473566082,-0.0029276168165614696,-0.0020755507660327865,-0.0013552256445551808,-0.005310154011898187,-0.00024265955018345353,0.0001678556448325457,0.002006118834161729,-0.0007293503026377742,0.009611824095217743,0.005523604377826239,0.001256281572240927,-0.0009958507069916837,0.006872879287818064,0.007177064299736231,0.007539251794580126,0.0
2017-10-16,0.01824142479189287,0.00206265381940788,-0.0022748129420879035,0.0035258773436197014,0.020444697647128498,0.016135418888283588,0.004842038269997648,0.008107361888487883,0.003384300092723952,-0.0015211904726977134,0.0010742293441206,0.005797559910801001,0.002646978419341528,0.006422374510363616,0.004479419423520197,-0.0007153928997605162,-0.00688847490673016,0.002478316011820135
2017-10-17,0.0036834753685110557,-0.0007729966888755015,0.03373256884199481,0.05385471095038675,-0.0022511009190239006,-0.026417419209439914,0.0018097368764278983,0.0007489078772401731,0.002768586763513345,-0.005311854233892486,-0.003657097763093416,-0.007098995501399418,-0.0022285683710966454,0.00756109983217942,0.009069451551553762,0.0012714559881299152,-0.00685437200135876,0.0024721891476815598
2017-10-18,-0.004434320103102181,0.00025773195973143785,-0.0007816108692953569,0.006550668712306051,0.0037830421888027407,0.024848597155435623,-0.002413711043769116,-0.01736839397755438,-0.01209308252862972,0.0006119951235070045,-0.0003233281263883307,0.005728923739061064,6.971799034584505e-05,-0.0008518725327689,-0.00045436474886649373,-0.006613306442222024,-0.0037735893836393797,-0.0012353306066715012
2017-10-19,-0.023944895205449148,0.0038580294769068814,0.009620900468950701,-0.009694553013301412,0.0012238655273203224,-0.008464429608335234,-0.00024169184441505013,0.00042310133799102937,-0.010475945393579662,-0.0012856226330837045,-0.005300213003515536,0.001978390540869284,0.0012540933852732913,0.00868123333181696,-0.008385912973459439,0.0017571889496913852,0.005900205594889433,-0.0024752487908348253
2017-10-20,0.0017294947126079612,0.011485578023345221,0.0025312909032872196,0.020646397310790075,0.014168843451822843,0.019558306227850566,0.004461870530845306,0.003715592858075367,-0.003757265072457507,0.0011632535676069922,-0.03714839960075921,0.004474959114978285,0.011973704322618784,0.001882934038576642,0.0024031595937841666,-0.010670404902736727,-0.0063934644013389245,0.0057660785806844935
2017-10-23,-0.0005121311151783958,0.0002537427058076007,0.008530923704222504,-0.002316044461398277,-0.0017098319479358123,-0.0106807900305028,0.0015629699609248976,0.0024413869094895894,-0.017043214490538323,0.00798370940812259,-0.010823232967973205,0.0024330912246624723,0.0039138993216751026,0.0014260714143819661,-0.021430423034151238,0.0017729072257677459,0.001561152282888535,0.0012312745232100418
2017-10-24,0.005937387761664533,0.00038049337698814717,-0.013882295438333659,0.005491872363537219,0.015779814093336415,0.011130163978324871,0.0027592843375568578,0.0025193160784412905,0.009885777142152618,0.007800021406358861,-0.0036722556766340224,0.04861656812696281,0.0013696756011376979,-0.001036941115427117,0.0030897509062579693,-0.006218975744112618,-0.003866249212014981,0.0016393446293166082
2017-10-25,-0.004401780577255533,-0.0029208224450389037,0.005491811310329725,-0.0029830661074123103,0.0011883542691343107,-0.01274216755150171,-0.003300035995396434,-0.0060570556173394265,-0.0030685416701885467,0.0003613151918730096,-0.0016108621586658103,-0.010178944945884809,-0.0008900757153789118,-0.002337056375536233,-0.007009374492894693,-0.004791498183094882,0.00016482610882877046,-0.00246002584314432
2017-10-26,0.006373101681450122,0.0016519477673477133,-0.004292305080686176,0.007775790354754184,0.006904061353030219,-8.273693828997214e-05,0.0033000359953964547,-0.0005908419661734909,-0.0004934870097167149,0.009348662800739711,0.0075714483534880805,0.0007305135833553292,-0.0010279958417651963,-0.0030594002700674314,0.00017583448179477049,-0.0033432574870115362,-0.008440963722539144,0.010616677916315759
2017-10-27,0.03520303586857101,0.062147078339963385,-0.00021157304655685432,0.01636076801996062,0.0002948258091604514,-4.1371035814076145e-05,0.002871158809830282,-0.042251305491171585,0.12413062896328439,-0.0018508020441317201,-0.005271010255770054,0.006333051194162245,0.0024654169452298963,0.01584614213537867,0.04161169610302377,0.006594235642687728,0.004725789170675909,0.0024340782831335085
2017-10-30,0.022258856330998365,0.0009540847469990057,-0.012634137817161014,-0.015213924104068285,-0.003543659580444013,-0.0033982626982811143,-0.0020328856040283767,0.007458464794732993,0.008952044592342164,-0.01220517180303888,-0.008885870019396615,-0.00962457301913901,-0.010727650671330467,-0.0030848353532032563,0.011125202097267932,0.009529265359188643,0.0019005914079636417,-0.00487409576276389
2017-10-31,0.013819614741097004,-0.008499482544071499,-0.004223190844150349,0.003956059591076056,-0.007920049319978723,0.006578834990640331,-0.002276949871900774,0.01302780280891006,-0.005026791504877413,0.0028391090988225433,0.0008110770384735908,-0.00506813674346921,-0.0033241027843921777,-0.0018683766655104496,0.0010557609407190142,0.0003214400536711025,-0.0038048019432013916,0.0008140008613264287
2017-11-01,-0.012800460551035654,0.0,0.004080323496122537,-0.003287674194037477,0.0030764674690975644,0.007313998993505143,0.006219371799457861,8.62849989355188e-05,-0.0014486457697830645,-0.0024157518693205416,0.006349960723555827,0.0036017533151026368,0.005327073375018065,-0.010958125539474058,0.014336372583206544,0.004433936692569655,0.0036396764474497336,0.002032107995629439
2017-11-02,0.0072836142883396515,0.010404925541019645,-0.0003572576940646806,0.007465027653011396,0.006616981331303512,0.010669156871733835,-0.004062132228939023,-0.004930166107109744,-0.00860827009168024,-0.016276381142943875,-0.004382936658884427,0.001319841810666298,0.0033064712906109525,-0.023216977400320544,-0.020687722698813815,0.004399127270716033,0.000660338447436838,0.0
2017-11-03,0.025778709427306826,0.0010702183071506788,0.001071390409950427,0.008349695890416063,-0.0017733994804222013,-0.01009616131736573,-0.004198914451892832,-0.002952416177416678,0.015758638211552732,0.010272178370177527,0.0008088278226214608,0.0011717320999468503,-0.003030514062942039,0.01844619424518471,0.0,0.0027098127679238923,-0.004714453957555222,0.0024330912220431756
2017-11-06,0.010093813169964518,0.003914363576571802,-0.002287022151864545,-0.0035294984756096717,-0.00623178237141653,-0.0037303533798019512,0.006829236389431902,0.017670588650443225,0.008117378574432088,-0.0010346612407972243,-0.006140319357191753,0.007873482389030005,0.004336311299709015,-0.005188675395356751,0.006962071062833926,0.00373386729753778,0.008502961206690808,-0.002433091222043203
2017-11-07,0.0032086201824001186,-0.002370511954826339,7.154867107266199e-05,0.002730569937189159,-0.02034851947124169,-0.015228930776005237,-0.0020319136847468376,0.001707359131340103,0.002237247070354083,-0.003415887181652825,0.010749684511769553,0.007956066847994108,0.009365348555956134,0.023622377082198262,0.0004439265377680898,0.0041938736052617685,-0.003623490747111093,0.0016227184087025891
2017-11-08,0.008147032670020527,0.003435411778103339,0.01102860799418167,-0.009115230657075599,-0.011304158256712068,0.005986797077174814,-0.0013169711572122815,-0.004873679007418226,0.008608018401668489,0.0023801543080997894,0.006874454204291461,-0.011010614678246364,-0.0007487322943181583,-0.003672566220767163,-0.0038353622517675002,-0.0022134396392889297,0.0034590711479243223,-0.0004054328062516495
2017-11-09,-0.0020447581812685516,-0.005573687717663089,-0.006887519683317927,0.003741154648844774,-0.00010242228672907943,-0.0019085558857355773,0.005972306332432252,0.004873679007418376,-0.003315638246917302,-0.004765987268735642,0.0022810228870115273,-0.014305346104983432,-0.009716121594936199,0.0021278661668146528,-0.0014490333024201343,-0.0028530689819395525,0.004102401552652018,-0.004063394459407047
2017-11-10,-0.003303152385624535,-0.0026196728477436994,-0.005644686488527995,-0.0023188141852936895,-0.001229886390299434,-0.0026614562221353856,-0.00310114752260198,-0.0005119017257126031,-0.003353326303281049,0.005131662553080701,0.004319661144565461,0.00838795293941468,0.0021291948015993416,-0.0005798782437890595,-0.004695894139352291,-0.015194214740732681,-0.008221702154286374,-0.0008146639936816314
2017-11-13,-0.004015608882738102,0.0007151370984504277,0.0014320495065915403,0.0075048142102037765,0.003582949013641948,0.0004995628928972563,-0.0006030272151122325,0.0004266029672232144,0.0033887511804046168,0.007527504736592414,0.009483024327421239,0.0003662869532122604,0.006633183277344008,0.010386706189186494,0.001735576955461057,0.002092892979365714,0.0014849037541173435,0.0008146639936816471
2017-11-14,-0.015232984022674026,0.0014287417599568718,-0.001933751721432609,-0.004477232541850466,-0.006047268980104949,-0.012691004033435132,-0.00787262589713599,-0.0026478768410008145,0.006769634107239717,0.016256619072119356,-0.0014617419822892056,0.007370413195010097,0.004081083068942087,0.010279930620118491,-0.003923332013905041,0.006731873475697582,0.002058715265764313,-0.0069458910469561656
2017-11-15,-0.013277910837120196,-0.007763550490516543,-0.0027998151743196405,-0.008776771951327943,0.009413760300915784,0.0015583871746587292,-0.012603409411233706,-0.004027943912927748,-0.008968352998573301,-0.015531148996328499,-0.00722758651608555,-0.02532899360405021,-0.006469429080701595,-0.00658730529960286,-0.0006741194572217756,0.010804045353366138,-0.001234720492708444,-0.0004100881759011986
2017-11-16,0.011876205199610976,0.002647732922825494,-0.0016548552185558932,0.006033415770545014,0.002847556077500313,0.007379797843149113,-0.00803614388457424,-0.006893607652507325,0.009364108743296316,0.01219344176113749,0.011494379425500998,0.01671265698182583,0.008537612021279556,-0.0004449388280162309,0.0091738630745418,-0.008729521350376943,-8.236893048590455e-05,0.001229760350429724
2017-11-17,-0.00556777995006379,-0.009661910912423697,-0.00628455855375849,-0.0058428306736520745,-0.0033569025972637816,-0.005655768233842058,-0.003980104757602797,0.0012212143875302867,-0.006536807019906913,0.0014318102915615828,-0.009230142071696095,-0.001688135745307883,-0.002658760130043001,-0.007978850613461052,-0.0032906691900729773,0.007385381990316123,0.011954617110383458,-0.0028717968440572466
2017-11-20,-0.0009996178773091565,0.001576426689576557,-0.0005073750701924603,0.0016660720268119693,0.008825824472127375,0.00046203928141713924,0.0038559659698545615,8.717255794842364e-05,-0.0031646297336896936,0.01602683702749743,-0.0018109795550775231,0.00571346412127769,0.009849619417668905,-0.0007693294396470037,-0.0014535698872843146,-0.00039567918905627917,-0.012696242952953334,0.0049180426992953006
2017-11-21,0.01841973271729558,0.014316033972490535,0.0029681130846997703,0.011115167054817287,-0.00080832579827885,-0.0004620392814171841,0.003964817485717641,0.003914920829858096,0.011633991225005472,0.014040019740107459,0.00508504400965682,0.005027149853540739,0.009485758502391898,0.0018582006421733732,0.01730492434463593,0.0031610584254116248,0.0016473111376924233,-0.0012272449880649315
2017-11-22,0.010456860581941289,-0.00731286601184942,-0.00761894626275557,-0.006512221589754897,-0.0029356704801352966,-0.0067025227210303915,0.0028400340125941345,0.006404730219782325,0.0145233750908943,-0.004638765131217535,-0.004405542285269356,0.0029752208007579654,-0.0024133550631321075,-0.00030412408345176586,-0.005458619128437935,0.003229747972865355,0.009175127853414228,-0.007807724071672625
2017-11-24,5.715428820953316e-05,0.0018032102018580435,0.00523066939105148,0.006088801762249902,-0.0032493935980676962,-0.002032262860884578,0.003937981954429457,0.005163078331250922,0.025482131598395377,0.001567990100651305,0.0013576198491396753,-0.0045025493636419505,0.0044868650534980676,0.005462562987675601,0.010504702674752845,-0.0027564498650219133,-0.002531130153127848,-0.004548281562618004
2017-11-27,-0.0050421237858424795,0.007299739228478553,0.006716038964814458,-0.0005177567129063896,-0.0039745275242581875,-0.003566428439728625,-0.0038146849931213044,-0.007927658926004909,0.008254204381765074,0.010563173632602795,0.005749409895657641,-0.0014567705983389292,0.005131805057150645,0.006197508893703632,0.001366829987349388,-0.0014205668874121712,0.004160723930196284,0.0012424934283475249
2017-11-28,-0.005876269933929899,0.011970513310036767,0.01380720913338026,0.01745505650725004,0.034425598278988896,0.01812407361325157,0.006880479288275782,0.007412549024377254,-0.0018665544899394474,0.01374298138865163,0.004933851678135392,0.013035161758384114,0.015370202648039198,0.005019229699045614,-0.003338353079426866,0.0013416994236287805,-0.00016283992871019603,0.004130530451470976
2017-11-29,-0.020961211179707777,-0.018309868311492453,-0.0015009115496656866,0.030707164156822588,0.023112833431015604,0.01121460499052992,0.00731978381089273,0.0062492177864201396,-0.02745971664952243,0.008852359688909637,-0.00022373867445891175,-0.006713614821100227,0.0031372574751846695,-0.00012675877738166323,-0.040783165467587125,-0.009907741650832498,-0.0062895857738238335,-0.0004122861336164648
2017-11-30,0.013887077536973198,0.009909937229847331,-0.003439137874128788,0.02673908750910644,0.0075870712091285,0.025686483800477042,0.012321972766458644,0.015328241850400963,0.013242167481277597,0.014395185144219029,0.006801609539827606,0.022134781424702696,0.01759424428195524,0.0017098892734747572,0.011637609699579074,-0.003351156092005733,-0.007732209289422441,-0.002477292758907512
2017-12-01,-0.004666091870592742,0.0010686933273641908,0.004654335135771273,-0.006110580613919471,0.0025799068339085497,0.005275994437052337,0.002038981216165481,0.004360593912012185,-0.012312583403182718,0.0033311156718002764,0.004103138555228239,0.0026178951519736857,-0.010052926523674892,-0.0036132016104722135,-0.0118089256925407,0.013374862310215173,0.004038078749280274,-0.0008271299089601933
2017-12-04,-0.00733463754613868,-0.03847093496762064,-0.0069536822715978806,-0.023919034112173637,0.02040308804212296,0.006805470621525457,0.0013171288492276614,0.011067306638674005,-0.024736705273197983,0.02452767216499202,0.011553190064758008,-0.00014133276871300683,-0.004088658063088171,-0.009571282868346935,-0.020948915101029413,0.0004740085405268992,-0.003377685791483844,0.003304422667867672
2017-12-05,-0.0009427292715329475,0.0062703838567861395,0.004736624327969818,-0.006024796824598808,-0.011567345792311251,-0.009299036907113666,-0.008170176409947688,-0.003730883570690088,0.006697395305661661,-0.01114899379802125,-0.00010940320440506363,-0.009657794140350215,-0.004627978145992022,-0.0021180329476441517,0.007900128222039953,0.0049635713485087374,-0.007122183315313403,0.0016481256304731152
2017-12-06,-0.003720659836240645,0.014479780880473712,0.00990283446225901,-0.0006817717237097235,-0.007500628566716762,-0.009630243561221696,-0.007386362819335909,-0.006500022885987807,0.009398827645967014,-0.011274696636977768,-0.001642485998311429,0.0014261268814476215,-0.0003920799896677303,0.013656009551709845,0.01851639361984923,0.003452066820869334,-0.002079954158903092,0.002467106516802489
2017-12-07,0.0018325308812177034,-0.0035094124487560366,-0.007471483150141216,0.0009543503186507986,-0.0029587232275475757,0.01055600184357823,0.003276105582018962,0.00016719612108365142,0.006435618672432083,0.006615239118587055,-0.012682827848601821,0.018007053657069522,0.0018283928302173862,0.002531967423227249,0.022909480322867017,-0.007862912030687797,-0.013246337213978039,0.002051282766729401
2017-12-08,0.00029525525130783985,0.020042675117238215,0.0041340044623417345,0.016935053201466477,0.012443760666172686,0.007175673691106095,0.0013316387167320984,0.002421207612329691,0.0019037041829248862,0.007717396886325987,0.0029921892993901326,0.006765500958204612,0.0024760552170155774,0.0053592385769365624,-0.006348520514767287,7.893594343927633e-05,-8.439886910518992e-05,0.0016380020041257557
2017-12-11,0.019296587521722326,0.01263373554413102,0.0039044524811754715,-0.00510433632656591,-0.0029307513298085495,-0.000879156066860274,0.004466179191611644,0.004160778241410904,0.005937587159007925,-0.006344713074493129,-0.0015503879067472212,-0.0006258040047400406,-0.0029328401117152724,0.0013824307846192142,0.0002234387233017983,-0.0020543622899782095,-0.0039748033218860454,0.0
2017-12-12,-0.00563349052013873,0.004098126455234991,0.010291202406938076,-0.001257692300632702,0.011578234486361371,0.02973772231393391,-0.003257135397229914,-0.006164117810083711,-0.0032904914008107713,-0.002472189145676295,-0.004220352776889257,-0.0024374119803786073,0.0034533345933633877,-0.013783728596773596,-0.011685526230101106,-0.0003955539790784861,0.001185636995259446,0.0016353233406186671
2017-12-13,0.0033142455536525972,-0.0026911617490188904,0.002031595500859747,0.008325175646251282,-0.01262024661013949,-0.008261289289221043,0.004340493914472565,0.002086725017782859,-0.0008157272660501923,0.00674289208869537,0.011398341743185814,0.035278839194603194,0.013310269515495429,-0.0038272675408761773,0.0075438065355721015,0.007488900240081732,0.008596041469797817,-0.006968669311921548
2017-12-14,-0.000290284191242665,-0.007762918306792633,-0.0087158772040121,-0.013914048533981399,-0.008088734210266995,-0.00031308704037145437,-0.0026502846500422715,-0.003340853353775693,0.008664135040929194,-0.0049293560213210345,0.001319551544384232,-0.015533634368142481,-0.016633072846612453,0.009604144420090365,0.0005046398940900621,0.004231981238206511,-0.0020159603635607516,0.0008223684648793802
2017-12-15,0.010110141290602906,0.025184961754381036,0.00570203227323107,0.002572958288348777,0.014041976455975812,0.006593216120119121,0.001566926132799566,0.0016718218388805193,0.0041471972417417196,0.002467715326768242,0.009732702995194712,0.002798923218541203,0.0066346021949919,0.002844412652161723,0.009984186460040668,0.00374678449405248,0.0020998705796789327,0.004101728476381023
2017-12-18,0.01398464527275743,-0.0054263251552908445,-0.004643644452371496,0.003824612639994716,0.0076959553931424144,0.011021206320507862,-0.0010845334559144834,-0.00025059516548273835,0.009655224138541271,0.011706866433487827,-0.00010883169204018028,0.020779267505312164,0.0022017882231724164,-0.013215771483605025,0.00354571008567824,-0.009157501478086982,0.004604252409919419,-0.0015148594681580394
2017-12-19,-0.010713574095230884,-0.006387571801455759,-0.00014105367089280508,-0.0028333089944743636,-0.004216055337745987,-0.013707862273095723,-0.006046698795588761,0.0011689072048761701,-0.0026913841541596818,0.006743841479480644,-0.0021791248532785283,0.007582848625474952,-0.00310981786100887,-0.014495341579014883,-0.007271144625933441,-0.013058632009328943,0.0007514089270264652,-0.0028765172950368564
2017-12-20,-0.0010891686122956386,-0.003618329013689998,-0.00438256161963124,0.0015300844528202795,-0.0034799000553964437,-0.005081510367413307,0.005202358837166735,0.008723521445385329,-0.008253746645013547,0.007125857257499263,-0.0016374655705470296,0.010612102358825743,0.004015029353973801,-0.002989538847869629,-0.00906553494595774,-0.011134812843960883,0.0026671127662365526,-0.0012353306049693153
2017-12-21,0.003778342024529178,-0.00023389077492044433,-0.0007086670274970226,-0.00310762066907225,0.015796935494111014,0.022589542271472442,0.011756373408432469,0.031991658292400846,-0.002431581129890859,0.004102405924041079,0.0015283845776577097,0.013804099911316703,-0.006548896804179565,0.005452434644969385,-0.002476502645031545,0.005795634553948221,0.0014140156234178159,-0.00041211622323952595
2017-12-22,0.0,0.00011695222557191668,-0.0066861334499092985,-0.00765246325347366,-0.0035302898062929762,-0.007846495890416935,0.001430103925956301,0.0012810249945957501,-0.005462815319670158,0.00026580899132807803,0.005005451146997669,0.007152322767330847,-0.0014973473714401555,0.00038832438262528693,-0.0014098409210444418,0.001363436069905421,0.005222809799633636,0.00041211622323956835
2017-12-26,-0.02569734549331395,-0.001287227372889157,-0.00021412512131293015,-0.0018198367169393798,-0.004009890205319997,-0.004838500604505242,0.00011908306098296039,0.007969439692935261,0.007163843150391785,0.011783803030173763,0.0037917818028432707,0.004420392219716437,0.0017575268964280851,-0.003500360091087279,-0.006851862928852843,0.002961068146990809,0.006839464673849114,-0.0008244023562857249
2017-12-27,0.0001758654028877117,0.0036234041153471543,0.0034205121355461885,0.003727107627847157,0.001867065516241139,-0.006891611366541641,-0.0009530617826879187,-0.0034190785897153437,0.004662961709214149,-0.0008934437594292061,-0.004117461662853635,0.006879884443141585,0.0012349291481392997,0.008341734168214425,0.009219261588082126,0.012941310380530315,0.00377049627025534,-0.0020639842190886995
2017-12-28,0.0028096483031445005,0.00011666569500648674,-7.114146514729342e-05,0.010605031813311667,0.00530209139422678,0.002146551707241519,0.0014292522677775065,0.00023892008186081806,0.003242753099142669,-0.0021580659480214107,-0.00032578596193759407,0.005697299705549482,0.0011685277882454946,0.006802747322162678,0.001687574231511352,-0.0008680898625602948,0.0050595831780166625,-0.002896753525202663
2017-12-29,-0.010872546940388595,-0.002102067806572756,-0.005994023939802076,-0.0104235765411792,-0.007916960272103658,-0.006806739107903612,-0.004532991180725052,-0.003110422414597531,-0.014119959328043252,-0.0013181832072697661,-0.0020657794788817153,-0.00531646821835356,-0.0050083034208792164,-0.0010238690337745543,-0.008239789267771747,0.0015777851178469379,0.00649089500023714,-0.00415282988997972
2018-01-02,0.017746226941102748,0.004781629030848127,-0.003513178017647854,0.0031701489343517963,0.00940022743985506,0.003565624920569305,0.016482260838559127,0.01891103554261621,0.016570373377159386,-0.007945798771315724,-0.013477440620127717,-0.003432715849507742,0.0022796114993650905,-0.007067621299147813,0.02772056339244896,-0.010858042084150974,0.012058023910358085,-0.004170147829524556
2018-01-03,-0.00017417051396289462,0.004643072762893741,0.009507201957449852,0.01043550312125823,0.001018471455281929,-0.009352473074286424,0.019449748387688037,0.007263103505374333,0.012694417946001181,0.0051983991458114855,-0.0012141951919034794,0.001527106430474105,-0.008296634231554176,-0.021441728608121054,0.01775566327099172,0.004769863563065764,-0.002640318371886401,0.0037539147323441616
2018-01-04,0.004634197021754038,0.008762883238361054,-7.114652661546186e-05,0.004331040636742287,0.014150746098160723,0.013879310073306306,0.0013831260846630883,-0.0031174524507408645,0.004466013164980371,0.007904762914321541,0.007043832777199879,0.013640019505614043,0.01342302033282935,-0.005151586588068361,-0.0018428189497924148,-0.00015862944199528334,0.0051142831627003565,-0.0033361165221560715
2018-01-05,0.011320984054030626,0.012321890069048859,0.008219418484951542,0.018889303411804757,-0.006440357159192877,-0.005113702955696454,-0.0008065910438922376,-0.0016405612833956817,0.016033278634045273,0.010391467100820045,0.0006578226303964247,0.01568171525946565,0.006965972440731158,0.004558525385583864,0.013578526423650645,-0.0028596413161253737,-0.0010367240451663068,0.000835073118705909
2018-01-08,-0.003721200799783583,0.0010200034884267092,0.0012693936818500328,-0.017509102395439333,0.0014757427511454763,-0.01462584958641186,0.004485601862642779,0.004913631536796138,0.014321673215752182,-0.002392470065263235,0.005247060573649235,0.024819103755926792,-0.0054137796576214335,0.008205645542350773,0.00762406060134416,-0.0006365879105665593,-0.00015959144623716972,0.004580478544820449
2018-01-09,-0.00011471836692484246,-0.000679886711728856,0.01573293997719851,0.004970718560308665,0.005056319666500141,0.008423183761284947,-0.004255080883424135,-0.005382858103745136,0.004664810805020721,0.005504505771830794,-0.007331651816243948,0.0024063056791398672,0.008173818638214552,-0.007349114441510697,-0.0021799822533553584,-0.013462820535340038,-0.004639266039575923,0.002075120067197006
2018-01-10,-0.00022947622231130453,-0.004544429542306812,-0.0011801049580131883,-0.007465374166080341,0.010944021679318967,0.0015346177287555245,-0.007983843392352696,0.00639378396462555,0.001300343617491427,-0.00675502698520763,-0.006390502136186882,-0.0033704515805321896,0.006898781752594792,-0.008266422762145351,-0.00015969763965763384,-0.0012108982299770521,0.002402307369290534,-0.00249066131131433
2018-01-11,0.005664116753255171,0.00295622728038074,0.005679472254929864,0.00529372441102123,0.005337205668152128,0.0031405828034879357,0.00982610067754146,0.02993754182752853,0.017661392848637256,0.01490402251562019,-0.0035433543874939053,0.019877098153738195,0.0052696861732889734,-0.000597827910762016,-0.0003727270350779673,0.004111085553100127,0.003273848095189318,-0.0041649373007032085
2018-01-12,0.010273382634349905,0.017109827566935378,0.006677016718421249,0.014316479132326278,0.01637547218143253,0.007419590425961109,0.006764141582531876,0.007739453292461607,0.02209332740289066,0.00889803876482296,-0.006008028752826174,0.006480140496531586,0.007255781224822511,-0.0011967290823845366,-0.045767098043681585,0.0016878997691757852,0.012044519616055826,-0.010488873171012394
2018-01-16,-0.005095119718498116,-0.014049121215714925,0.007518318511552435,0.01846046270878514,-0.00355650770575672,0.0055481334969353585,-0.006304107071927391,-0.011972583810167643,-0.00026053041073643843,-0.0005601813097785873,0.006784211083395111,-0.005830233528090009,-0.007445768876355751,0.001462474501356531,-0.005478546797591252,0.0041673405398076286,0.0016526978145019206,-0.005498004966427211
2018-01-17,0.016381350864303073,0.020057818497210965,0.0008167710774497196,0.023466589309676676,0.006392634750467161,-0.018785579084048248,0.011773582876972648,0.0026478057605028825,-0.0075850601747910525,0.01772191888488437,0.01080376510059061,-0.004795604347962715,0.0032880206666718644,0.008861905757422454,-0.004438334205246271,-0.0013604899864956704,-0.00813237279715035,0.0025412974275139805
2018-01-18,0.000892956863189809,-0.0004438526486041913,-0.00040830214935313845,0.019643896680431133,0.0023867414651943305,-0.01062195393666899,-0.0064983412861168875,-0.0058344548908318425,-0.0012981395159202124,-0.0074846512912285544,-0.003629385275953039,0.0019565416965477834,-0.003984951033831814,-0.007268914580944713,0.012311291479538638,-0.009333079251518417,-0.002222223136717667,-0.00126984144242996
2018-01-19,-0.004472779458028406,-0.0011104942844089617,0.0029903515559371215,0.0007810733987217831,-0.0022097503138286986,0.020312674574315657,-0.0032077012260984497,-0.0022062468540281874,0.000973762587087885,0.015013042824362369,0.009820768586208036,0.013881759297964699,0.005750955907922503,-0.004120428504327779,0.008252837003766854,-0.005268075562641997,0.00443951894536512,0.0016927638431248648
2018-01-22,-0.00821475389715313,0.01773076569730482,0.005279200077666737,0.0008625824610879663,0.011612693181267281,0.02086467776557454,0.012542923847232625,0.009550591809773055,0.024968019490734725,0.015427004490806612,0.008963767933070098,0.0028127765389523727,-0.0009456861657054607,-0.0009327737371756941,0.022255868699446152,0.0009746589467876058,0.0018176794035315918,-0.0033883979900459936
2018-01-23,0.00022596316731646828,0.0031605933340660745,-0.04352861527859296,0.006751667524455518,-0.0010501444908155239,-0.005483037451718268,0.0005664117951558839,-0.011685389814599812,0.026196267209091777,0.0021496979157442668,-0.03139419977669599,-0.008580212488305206,0.006601099001836797,0.01783756087555414,0.021243326606584085,0.004293416615854206,0.0049620075818472675,-0.002548854394898368
2018-01-24,-0.016056827350487506,-0.0008708905401527937,0.0016907365778607208,-0.0014692081164850027,0.01270245024523976,0.021264852104077296,0.0026013700137334007,0.002820016350520322,-0.0036984656411697347,0.006421504844817327,-0.008344658254242694,-0.006454118386961927,0.0023782712424843303,-0.012320213813959294,-0.01489785468060404,-0.005430611117691388,0.012104321773901987,-0.00983123968850723
2018-01-25,-0.018012243848495858,0.005538976963351329,0.016267332574698968,0.0013468565187325515,0.00025932489191508954,0.012530320478778847,-0.001808932092666722,-0.005648007687060572,0.014944748181596964,-0.0041303297376153215,0.00033965468741339915,0.006099927119872408,0.011621895206200179,0.014740018139006057,0.004972873387605922,0.008175204380403991,-0.006697844353928901,0.0012878301812750536
2018-01-26,0.002334949400539631,0.01856376073277601,0.006419792179103383,0.013329479235796986,0.005344379585486334,-0.0033136653737719764,0.007103824201970387,0.004124662126252422,0.017338563851642542,0.009016057197217169,-0.006929090028479766,-0.013732641575430287,0.01927667314393691,0.02960509667489945,0.013351899105682536,-0.0037150745360422623,0.0007811279884758484,-0.002147305955314357
2018-01-29,-0.020915718128378603,-0.0014895204378593833,-0.011418414084223772,-0.004275234389376502,-0.001032169367936143,0.016055984740754738,-0.011185925346957873,-0.020873403895101682,0.011086281370387245,-0.011209628477875598,-0.009966289033181955,-0.027182841009658638,-0.021565499109648216,-0.012828461978533427,-0.021384931110097195,-0.006982814991859339,-0.0056377880125144065,0.002576214390600323
2018-01-30,-0.005911700254745886,-0.012643477116617174,-0.008737953607367507,-0.04446462316106319,-0.009424651490524882,-0.013076910518513701,-0.01407426401549154,-0.025621203621950285,0.014106344926429162,-0.015292998365774864,0.0010356136928353524,0.007231753034798637,-0.015603861720976669,-0.003732548255948911,0.006110981225799346,-0.005883812022559617,-0.0043281594223404584,-0.001716738616560966
2018-01-31,0.0027511979066868566,0.02418227025564942,-0.030221101131231273,0.0005491836312309542,0.004853116381059548,-0.003911857902654795,0.005974282475774426,0.0009577780285991507,0.00904908363060799,-0.004519388884544732,-0.007040250671932182,-0.006002345454210523,0.004393680178663839,0.021179663852282368,-0.0012299137938538308,0.005883812022559579,0.006681101684367353,-0.0012894908318536102
2018-02-01,0.002088243951673412,-0.007925227722918062,0.013155719733992488,-0.006610193560575107,0.010320896637746818,0.01607084872983542,0.020072114597741438,0.0017535473962477296,-0.04287341409938907,-0.004990030314638841,-0.005691402783860075,-0.0033228754955938007,-0.00012526619064985413,-0.013216611244468032,0.032636192972571774,-0.014571957143066513,0.0032848457504875556,-0.005174655792826292
2018-02-02,-0.044359654849965596,-0.026662512529158033,-0.01685311764604695,-0.014301249951457087,-0.022410628583523075,-0.04581183188666748,-0.05231607650292188,-0.05727553372126806,0.02833573148295946,-0.030113733576284916,-0.01881301811135695,-0.02971475621678388,-0.018969901762703904,-0.002690067590925276,-0.014659729890563843,-0.009322524651052651,-0.0132046247789455,0.006034501074983314
2018-02-05,-0.025301832394457924,-0.0420575944876477,-0.05440219246735493,-0.05250154516044829,-0.049140242939781205,-0.04294089935339464,-0.05858600559505911,-0.05156851845279641,-0.028335731482959443,-0.057616442776080336,-0.03859894803312943,-0.04155246634229128,-0.042246031706307134,-0.010509106746543574,-0.048564206937699965,0.009405371260977792,0.0025286461517819527,0.004288171232906858
2018-02-06,0.04094212277612487,0.03714250622464341,0.010983254334160942,0.02318163106377329,0.02996919774359066,0.037774523209296855,-0.01733452654307149,0.039691894290092455,0.037309646390599326,0.04239576505031195,0.01615306780770558,0.03467126684219501,0.008157355311895239,-0.031136298343424813,0.022097633749670654,-0.006232620832217168,-0.010551884964994464,0.0021372096220932638
2018-02-07,-0.021639558467720456,-0.019012399807490653,-0.0031149122996033327,0.0028381393774207955,0.006756181801843376,-0.0062039749204639985,-0.018160071478297866,-0.01626052087152098,-0.01822670246481336,0.001307770960192346,-0.006576567364124628,-0.013322803656410438,-0.0013880170115327694,-0.009877453058912815,-0.02807374715255988,-0.00954861095323965,-0.004716801326059438,0.007656353858513803
2018-02-08,-0.027902283588066765,-0.0526980242662349,-0.03926332553679077,-0.04233244888522407,-0.04521721569593399,-0.04271182528168062,-0.011371928313985633,-0.02627683150093023,-0.04791179681785306,-0.05407883837033942,-0.019993261301652913,-0.055619834817989995,-0.03479372536444793,-0.01908845196790948,-0.04890672107888688,-0.001094690859900959,0.0015213999811725554,0.0
2018-02-09,0.012108159073771486,0.03661128330062603,0.024777538608776812,0.020575916794106534,0.019824437784833247,0.011903701539331686,0.006290153093168948,0.010628975177174082,-0.008103832312620754,0.01587595615525352,-0.0037467260018736186,0.021816583440697607,0.012792771089401597,0.019155976190147705,0.026059169662249835,-0.006339031496050129,-0.0016816820780057263,0.0008470987389564198
2018-02-12,0.03948871046493212,0.010715798212211625,0.005696705167335395,0.021180686578983282,0.015330807973967261,0.01536470937779435,0.008410036428521148,0.004220157485191007,0.034216770228368026,-0.00032592753832321136,0.01748881783900583,0.020431888210723736,0.010559334080392727,0.012747572824377995,0.001702031501541016,0.004399330277222319,0.004797322705003812,-0.0033927089372361914
2018-02-13,0.009967977352423923,0.007823017098741175,-0.002382508908480048,0.004200479281850929,0.00615606173108321,0.00931811967345534,-0.0015715037282661348,-0.006072091521081989,0.020195349204128247,-0.0018489319533027326,0.0020880680680772684,0.01097118037836046,-0.0065107455545467,0.00710801145669896,-0.018652560460147547,0.004464105118320182,0.005647260981635271,-0.005537820327642459
2018-02-14,0.018269478022779673,0.015464795115565425,-0.0022339492403004144,0.009397987575504517,0.02286215814642459,0.027215977925526658,0.0020947899783804623,0.002996653044426452,0.02550425093174186,0.005265884430011934,-0.010112307160805247,0.026216929534990743,0.012580465706826069,-0.006574820295272361,0.036128351486030365,-0.011155359491761383,0.01690890036145537,-0.007718734722120249
2018-02-15,0.0330268588314281,0.020167468287758856,0.011958747347279074,-0.012137352165361992,0.004164142392667857,0.019236439732226822,-0.0032750405902365496,0.00017599436825997203,0.007353756863193601,0.0031354766742594927,0.02121607568995672,0.012074099644415057,0.020013834581035665,0.02857243397467272,0.0024479816384340406,0.00339357244360325,0.0011690894126077356,-0.004314070540454554
2018-02-16,-0.0032424323452464395,-0.007148302940315381,0.01452480335225167,0.014712929273680812,-0.007211465285734226,-0.00022417336150923304,0.004320792318848304,-0.003471762065980365,-0.008981489364087304,0.009133955614862315,0.0023028917514009354,-0.02333555156706139,0.003968130105408606,0.010435549482892695,-0.014553038664923749,0.0054058751464580385,-0.00327690080231491,0.006893607653217133
2018-02-20,-0.0033693537163877593,0.0077956219823225766,-0.01727184819273403,-0.011885322900854955,0.0002615632786885572,-0.010253418405547169,-0.010375035606780696,-0.010398085797514731,0.013479621592155065,-0.0013915651996927992,-0.015371780048327743,-0.004681746566284505,0.002010572393355136,-0.014458394253136194,-0.007640753701741742,-0.004390045042052985,-0.013532857983753099,0.006419880812216014
2018-02-21,-0.004549173832500995,-0.013354522339131727,-0.0073625610595208875,-0.006773084172011594,0.004175734645235046,-0.005640856162230043,-0.011418074129870504,-0.017451815400697623,0.009873795600639267,-0.019742643020328444,-0.01361575682584869,-0.002123621249438036,-0.0018807359872198156,-0.01341774883716753,0.010736992840676623,-0.012344259247630537,-0.004605010122763158,0.003832238031270235
2018-02-22,0.008324407007137232,0.002619802829679268,0.0,0.008668401543624572,-0.0018247387436763842,-0.007507228062993666,0.012869166000914551,0.007581675961700187,0.0016305852830904124,0.013079175944191983,0.007449748882265251,0.023115423167013142,3.245646836050022e-05,0.003617592001103424,0.006052133911830118,0.002993630084553099,0.005080182381644408,-0.003405707847136528
2018-02-23,0.017241806434569247,0.025083396995448516,0.016111523252230996,0.013428304566858326,0.020061803321986465,0.020220302694913834,0.021775421968891994,0.024273036356240358,0.009821405831022643,0.015408790237203032,0.0025943556458368658,0.02210069098125536,0.011736995611967824,0.02560336894003366,0.02373965962526727,0.00884284310025249,-0.0012676281209402609,0.0021299262611019013
2018-02-26,0.019579151123649448,0.014355323570555124,0.006718781172906831,0.01680277350326512,0.012368846268959387,0.01669090659376524,0.016755524054519775,0.017694902465473786,0.01452729928053743,0.0005838486406566542,0.007130593282283479,0.007850392969636702,0.00885699904539366,-0.003204925502475286,0.008907777113123114,0.0003385526898983654,0.0024545718804690852,-0.0012774112891457499
2018-02-27,-0.0032460292663268283,-0.012868018504718097,-0.0030332926871023233,-0.006601249913521696,-0.011942715951817572,-0.012352018170638001,-0.017142545924675935,-0.008676273699543486,-0.006572357232072328,-0.01863807165277894,-0.013442886040493979,-0.014956425899040766,-0.016623023062430006,-0.01939146062475745,-0.018942131355202656,-0.0014396411853858418,-0.010493776239010686,0.006370800905930387
2018-02-28,-0.0015146843092259622,-0.004575206150925829,-0.013687845133731577,-0.027733529447751572,-0.015975603872607283,-0.015989505642826946,-0.022971513885761234,-0.014987200224541647,0.0003108023685675642,-0.014758606889536171,-0.025400586014552515,-0.04198280276948456,-0.018424938491548297,0.003093837835996643,-0.017455554663922446,0.006335818449079084,-0.001039459574662369,0.002959207400977654
2018-03-01,-0.01767150653091892,-0.009859687633290839,-0.020221563205152792,-0.00758974815779736,-0.01808462339102997,-0.023668149892432346,-0.007155191518454007,0.0010716200346563745,-0.0126419728180118,-0.014534256017131621,0.0022897860149431602,-0.028867713413457168,-0.026147909655644983,0.007073184246960463,-0.01343666125319215,0.006789379912029755,-0.002242512552780064,-0.0033826670734244213
2018-03-02,0.006890491657064482,0.002151695290155319,0.012026697088721946,0.003291525078452808,-0.0009702316089571294,0.005204905904972802,0.0046434577625684755,-0.0035765417237004064,0.004542881180300104,-0.006590361747629863,0.010113866237116477,-0.0259614729007547,0.0062976338146541085,-0.002483012254313602,0.00385750421575101,-0.008162623687336187,0.0053576554529253025,-0.004244488541819519
2018-03-05,0.0034558003974264812,0.0063206595339181555,0.007501678581462904,0.014066417967437067,0.015238056473106276,0.019185608812895567,0.009484987456939011,0.013434963412040292,0.01545075811575536,0.01821260779506528,0.009888058536584334,0.03186824301997171,0.0024945234579501403,0.014097092517854877,0.0211760755882403,-0.00270750651840901,-0.0016761787058910628,0.0
2018-03-06,-0.000848680351747198,-0.0034231954692916307,-0.012170221141032899,-0.009679765830324684,0.000868734308917962,0.014376249861629352,-0.0011807151251604071,0.0044091782182761816,0.009166254460435574,-0.0005503880369908416,-0.0033684767680478324,0.017253683493131274,0.005506326025810134,-0.011418315312874898,-0.0034427264830810917,0.0009315324380688925,0.010726732704616751,-0.0025553676636203147
2018-03-07,-0.009326197823294123,0.005769863213518475,0.006374895258400594,0.004807595542528903,-0.003740923932877423,-0.005936742468629237,-0.025526512302199537,0.0016704034839350732,0.00477513688603251,-0.011238872624267664,-0.010805482694341853,-0.014676277315059305,0.0072062765985902956,-0.0013711601498370498,0.021624546175230214,-0.0011009952412847246,-0.006422222271805516,-0.0008532423687945231
2018-03-08,0.010853304253491415,0.006054508908117825,0.023133930949462488,-0.007907274772636867,8.715736290057444e-05,0.0037239788002191654,-0.0018870473300676655,-0.00431357682826315,0.004430301156928559,-0.003590265272789214,0.010180443609522742,0.013635085056177627,0.005436958095019663,0.008198900692056959,-0.007485351164160003,0.005745685430397395,-0.002389106814492055,0.006381642589150391
2018-03-09,0.017035041549317658,0.02209861095682864,0.01308978292751825,0.0031100078384381376,0.028354850900735966,0.016496063961538434,0.005918768959240011,0.033572134094836385,0.017267856995672598,0.023439006938913327,0.003993515852866811,0.029889346596664593,0.01951345310683144,0.003234992470654394,0.015725219977848533,-0.0065934304800151266,0.0009563277745109542,-0.00127307464875569
2018-03-12,0.009621307285954511,0.002379598661179966,-0.008782851187743069,-0.011869840389171674,-0.003224440638339568,0.009593016688806721,0.009078834056326396,-0.0036750607586248517,0.012274804134015284,-0.013540981211821401,-0.005369978562098982,-0.02398196468633249,-0.012922774798427105,-0.002716689899708839,-0.0025406105722114132,0.0057505443877657655,0.0,-0.0012746974339631826
2018-03-13,-0.00967687055713984,-0.02469002914862139,0.012885038554747964,0.018545816285798388,-0.012056064969244459,-0.01790012917323652,-0.009481275540522199,-0.0028295838805232542,-0.006408166109076724,-0.007596528738647735,-0.0017546062907081053,-0.005256509718972081,-0.004806910121038581,0.0018119463969940458,-0.015710556605321092,0.00504669251797452,0.0019099162259715579,-0.00255427980393938
2018-03-14,-0.00853776007447698,-0.00594923671128895,-0.015225103786224483,-0.006897798838666938,-0.011245793257279165,-0.015386073562504323,-0.012556703157672162,-0.011485941723420243,0.0017740428284011953,-0.0052844737324384125,-0.009072642876963275,-0.0075107298828851095,-0.007154243551807093,0.021364507113197657,0.012620704574237808,0.008770886950468359,-0.0006362335191555819,0.00042616663825859285
2018-03-15,0.0011761742108606535,0.0035100817827311845,0.005576923038597905,0.018028013209830204,0.002519659006094721,0.008210350430087242,0.011079697182778726,0.003901006203045686,-0.005470624864632913,0.0037132933403985604,-0.004185964125849225,0.013220211428289661,0.004311924157651021,0.0008223944781847777,-0.001793235095799587,0.0,-0.006384698464669768,0.0038273489212562895
2018-03-16,-0.0035326809383792474,0.004449631242535379,0.0046487299736443334,-0.007084474463764224,0.0017340042494687477,0.0037064118352553186,0.009362111982673048,-0.0015585768149836486,-0.006747013546594376,0.004985585769240933,0.0038061451686038908,0.012153318092847825,0.004688798420535958,0.018172064690473708,0.006667594833498085,-0.0035825907933204016,-0.0024048107781792843,0.002543451984674019
2018-03-19,-0.015397111605638784,-0.01824147865894597,-0.026069982032857698,-0.012408805531040503,-0.007914117055945098,-0.01912796703808285,-0.012996766317516086,-0.013171283788344852,-0.01716650906449262,-0.010447772393199259,-0.003933266505995663,-0.02793350991383397,-0.010464364646315814,-0.0069165618302168995,-0.07009719118774774,-0.00317672897056384,0.002164589773701047,-0.004242687740249554
2018-03-20,-0.0003423289795007381,0.00258036913370336,0.007420190862973138,0.0076577848045537985,0.0009599861106097832,0.0025108435926363844,-0.002160119645081502,0.005341752708215712,0.026558033324425936,0.0059674781601835045,-0.004459458240602906,0.012475260581760414,0.0018624456627790043,0.003059156435796976,-0.025888563895076787,-0.004027188932047907,-0.0044947503234297,0.0059347355238761924
2018-03-21,-0.02291520430207829,-0.007003961609150567,-0.00015243902404877885,-0.017616113912630557,0.0008719156538990598,-0.005104384083172361,0.014091355759335103,0.021940933717655958,-0.0029352653500792887,-0.0007861194181664571,-0.01635054127337412,0.01123099651130249,0.005830920311282555,-0.002121685664217475,0.007347310412208043,0.0010922993984635845,0.017305747097592427,-0.008062848689557013
2018-03-22,-0.014230511812558213,-0.02951879439139742,-0.02947190915027247,-0.03474997502133303,-0.042642982172698095,-0.03596461080872491,-0.020735898477835208,-0.028952355955290634,-0.02362924078046999,-0.015454158296275585,-0.00821118983064792,-0.058821050256618025,-0.030045178432000587,0.011243401978254651,-0.026925163685282236,0.009860529464069581,-0.003961028707433583,0.0012774112891457065
2018-03-23,-0.023428975426597554,-0.029498663722260246,-0.018061327470104013,-0.012437040805138633,-0.027103428962133053,-0.029488337582452256,-0.008333950826388934,-0.006352588859220057,-0.03247141042965771,-0.020110735684352392,-0.006565149630718174,-0.01792691987064514,-0.02481516911985354,-0.01493586791914141,-0.03392455578216627,-0.0007486586882753884,0.012855573552102015,-0.0034100629806854397
2018-03-26,0.04637945878036289,0.07297666685149554,0.018139829649232483,0.030214058642742268,0.030372295942084074,0.03847397382771198,0.015113637811754512,0.020760172722451932,0.03952772877106247,0.02630974890990229,0.0065651496307181185,0.03339549808597869,0.02522358243994011,0.01209038783695448,0.004194715807872774,-0.0038352556596606014,0.005236637079069193,-0.004707905124028258
2018-03-27,-0.025975486403260677,-0.04704824010225085,-0.0014139829535557086,-0.005079753732228139,-0.019590520338607628,-0.030352431582924916,-0.0040622940096511975,-0.005999757139688342,-0.03853194240189141,-0.009685029842877318,0.017899310558545916,-0.014856104141492642,-0.017852712548245553,0.0071600824380976735,-0.050221902099540035,0.0106357462898153,-0.006177444674923342,0.004707905124028182
2018-03-28,-0.011110561697023702,-0.0008945544599972561,0.0018848666539778556,0.0024744548205953864,-0.0015728365186047971,0.008497322738769913,-0.01214949078889393,-0.022579897401574123,-0.04482954645379488,0.00045787546617913886,0.013407594066780774,-0.012527974909061192,-0.007510466457588179,-0.001970080056867533,0.005307137763792953,0.002641355229887272,-0.013901179544940932,0.00892673302772183
2018-03-29,0.007778415333385745,0.020813327428931175,0.005477321987552475,-0.020809999513749535,0.01807637419867076,0.00993564026017933,0.024421238077551363,0.017157933966558403,0.011060430390128015,0.01971735265501324,0.005565407736145965,0.015177702994395437,0.008687548123789267,0.006511079513415732,0.04322647254811397,0.004851783703989497,0.0004770992456911782,-0.0008467401026983019
2018-04-02,-0.00657779086382733,-0.030593631346183564,-0.028413925284268875,0.014842573037687323,-0.01946622848786997,-0.018069039904264266,-0.018805938791536372,-0.015909828251126554,-0.053465148302259104,-0.030417564049119272,-0.02399910942532669,-0.023965166563927123,-0.014498058363391866,-0.005895012465572395,-0.027922367352221634,0.0019704446012488246,0.011618387953865057,-0.00042363906650971035
2018-04-03,0.010206911065790575,0.013353730388486728,0.029973379791640768,0.033413403084976964,0.013629458612183338,0.012973893144003944,0.024286136960465412,0.022813337994275568,0.014515240159972919,0.0049616440561161285,0.01360216018499394,0.008098331160271153,0.012766576128708131,-0.002281346366117962,0.004622801170012537,-0.007742399272449257,-0.007572208448200731,0.0016934805089397521
2018-04-04,0.018941742792064252,0.028786870214358905,0.015922426351754736,0.018572561111995244,0.015069275717013088,0.008108152528044131,-0.0020014684096104915,-0.0030526385395199173,0.013216397212692283,0.020957486856568373,0.007491622874708759,0.0008269019216717902,0.004012457822640731,0.0020349650897424285,-0.0064908167861224535,-0.002069280215682258,0.0011869437595288443,-0.000423101339731671
2018-04-05,0.006910395956358087,0.0005413892169014922,0.002297795128616982,0.0012230814437122583,0.01297963887467059,0.012548598076344382,0.01524318731696794,0.024249365284928333,0.02877584724996333,0.009479275625115737,-0.0031675667908249807,0.020115914736577707,0.010712916629728574,0.010235127501374218,0.026970213769203975,-0.007485064885798178,-0.005153628849634025,0.0038014829315041214
2018-04-06,-0.025911526459512647,-0.023548538995607653,-0.020169919895454743,-0.022560169219482933,-0.025253638724512785,-0.023094070760191012,-0.015243187316967886,-0.021806509420019868,-0.03256873481425522,-0.026473631594630283,-0.004706489640427069,-0.03531556884845461,-0.02531780798454155,-0.00765114673733358,-0.013521403956787068,0.010876440815439405,0.004679020392694822,-0.003801482931504053
2018-04-09,0.009869181542906606,0.005966868532619532,0.01071522015520945,-0.0055071889176153575,0.011936904233698805,0.008841861012521714,0.0,0.010574771334263012,0.0006047003182865566,-0.011182961826854687,-0.0034484994890268766,0.000629216645831097,0.0006303183318244979,-0.003816798525348446,0.004633016886583611,0.0016501653906737335,0.003396393612850578,-0.002542374249619562
2018-04-10,0.018643126617533423,0.022979502850526898,0.005929251575672418,0.01806420360738424,0.018931972739413674,0.01721876018832858,0.02896082354650932,0.024444431358226132,0.021208971460163664,0.005664755032132956,0.002683193329801751,0.03441628265852978,0.019414046619440663,-0.0020374779369596524,0.044035971881189205,-0.0018153317960703786,0.0023627639565751484,-0.002548854394898368
2018-04-11,-0.004686288192154631,-0.011042658491597294,-0.004771442020816805,-0.021797649231934193,-0.01694120201568674,-0.014249225410774087,0.004660202608502462,0.0033599359621667717,-0.0064052858109565815,-0.0036379425133548707,-0.0012768132486425962,-0.008817203080720449,-0.009313302458631947,-0.004708223291860751,0.007725774786829665,0.003545079767269192,0.007757747639881853,-0.0008510638824645568
2018-04-12,0.009810223523450108,0.018551006539835824,0.006152445769513206,0.010490076918023224,0.024555901462543155,0.025951156834870863,-0.0027158115619438125,-0.00016772894981371703,0.014919161804007307,0.0028883389034245525,-0.0061514995981829055,0.022565198176098183,0.015064773294476592,-0.012308424421993864,-0.014840212991819245,-0.00735145589801603,-0.011698794752361897,0.002126303159494668
2018-04-13,0.003382351949112747,-0.005357347003173875,0.0014556600929367632,0.00017836439879611305,-0.027452879769689742,-0.014238567645235586,0.007996947041574238,0.005770452976454666,-0.012301798945974827,-0.0032355008581921776,0.007428312846825571,0.0005992609292570872,-0.0023924274027361542,0.0072035138752271815,0.003958712804092768,0.0023186495981291516,0.0065336557061440115,0.0
2018-04-16,0.006218819071147393,0.011642321087703102,0.0086897413947497,0.026574375048256035,-0.0008162895562380723,0.0076294648008457975,0.008952611271369842,0.0064832743083988184,0.007457498815026612,0.009388658660028108,0.0030577167401624685,0.012633696494749845,0.004302256780765103,0.01178893097519489,0.0018824963815501194,0.0003307972240553502,0.001411322172474769,-0.0034042586069527704
2018-04-17,0.013670212318161342,0.019975432899633907,-0.009302392662499468,0.035109285658437545,0.0,-0.016617848345749964,-0.002677377770127409,0.006276862365793452,0.04233094912784644,0.002748040889363128,-0.0022924105809374374,0.00766086575352123,0.013200394757857486,0.006762182280900269,0.022970214403157867,0.0027249098235263614,0.0009397760892144064,0.0
2018-04-18,-0.0022466870842598402,0.0038439608912857106,-0.02183932536018034,-0.009053646430250327,-0.008108275643999642,0.001457754921757178,0.011298120814828025,0.019243907622342855,0.015839785995589013,0.027851614222661494,-0.002936859672674691,0.017073427731103916,0.004495595856120866,-0.0022080480030629073,-0.013730739272158662,-0.008030841687876674,0.000782472653381744,0.0021290193299226363
2018-04-19,-0.02874941328638471,-0.003427684477621915,-0.0013319232590681006,-0.002710947102265989,0.02171638001765287,0.0006690674631859541,0.0025214335086071985,-0.0008887812160386963,0.018848114493213153,-0.015521562277788828,-0.03292487030464749,-0.0016043642134431278,-0.008336182727781413,-0.0019668107147755853,0.010404925540241963,-0.008179663333824637,-0.0019573308265061636,0.0029730325567355258
2018-04-20,-0.04183523915897044,-0.011616477234536774,-0.0070021134997662205,-0.0029735377250157888,-0.0022402446757088207,-0.008732989727617954,-0.005302373234915561,-0.011381311376338797,-0.019077222315628885,-0.00039537971113805687,-0.01546249294227508,-0.01078369020382294,0.016337825740571237,-0.010824959568891483,-0.010885926030255367,-0.007233608798273796,-0.007630922448172427,0.005919679019286443
2018-04-23,-0.0029006546817769586,0.0036774404457891787,0.001341275991363673,-0.0030677484646728795,-0.004856124651226085,-0.021218933801449277,0.007189284921613689,0.010329914134172434,-0.006324417291002687,0.0036653831888694005,-0.010899290458176603,0.004817090424373216,-0.013035379605582289,0.0021123268300696574,-0.0026496462572964032,0.00025321797962724485,-0.008007971436282253,0.006303866220856958
2018-04-24,-0.014016927644982656,-0.023665348064259854,-0.005058899415107118,-0.0005122076260954061,-0.004698662299360061,-0.01709093853869204,-0.015451168586957475,-0.008451212335116445,-0.03880337045037847,-0.007911433670490249,-0.006872879287218327,-0.06402346883168755,-0.009464646098956695,0.006433675145563957,-0.03778903227438314,-0.0045677629744960225,0.0048441627385354645,-0.001257598155525173
2018-04-25,0.004347966064174548,-0.008736505980036023,0.00450682715882518,0.0028990470509870484,-0.003811256881974942,-0.01353504014111522,0.014571052858597007,0.0014678303208260557,5.4789642031917987e-05,0.0063905208294574,-0.0027624326963679707,0.005179033086796169,-0.0010873998622523107,-0.01141097652940563,0.0,-0.0067202838941121295,-0.006517269928811955,0.0041858579341155135
2018-04-26,0.0034769913327109166,0.020904443492478348,0.009812851044506745,0.009026823737788963,0.000999591160269889,0.0035884207742551757,0.016962242552094827,0.012148849512487389,0.038814460867135435,0.04588946465123288,0.006204776887068013,0.007684428894716996,-0.0017695505879510615,0.017803523960488888,0.08673998107329536,0.006974596615153925,-0.0035146613382660667,0.004584296424007702
2018-04-27,-0.011637296763211387,0.016414509959490783,0.0020290314440378964,0.013201926829855302,-0.006378153741052092,-0.001208610453479452,-0.038706375994915505,0.019136287984360133,0.035375690121473936,0.003976575716855574,0.0008244023548180867,-0.010926817303668413,0.0008851667080291408,0.004584780474020453,-0.003278220045505228,0.007683577295734612,0.004232050074146312,-0.0008319468046713506
2018-04-30,0.017950295755079428,-0.02429611429119183,-0.01397416365277088,-0.015863356700581355,-0.0056833959927781045,-0.006148974679557834,-0.0005143371580813342,-0.011997124786100207,-0.0041354101149322295,-0.008942579661010959,-0.006476081882222869,-0.0024906613121810166,-0.01543187580459111,-0.0003049989364877633,-0.009201720066969815,0.0017647804904444237,-0.007277412261066722,0.004152829889979722
2018-05-01,0.022970264632896045,0.015701574437729567,-0.0038019847777971574,0.0019017438376211235,0.0,-0.006989502138529237,-0.010342690775183497,-0.0020002406959441577,0.010246596595400613,-0.0009203367998854383,-0.005266817441472811,0.0004155412488116105,-0.001175697773746919,-0.004218512657519532,0.010755900837457229,-0.0035993919607803172,-0.007088229436031717,0.006608863377414182
2018-05-02,0.0432271424088598,-0.015808509154217536,-0.02012011281363169,-0.01441627314498238,-0.00793728209565317,-0.011131998029289767,-0.001951220131634011,0.005032964488215412,-0.007982427837358867,0.006908863234470854,-0.014275959736818129,-0.0038851165839478385,-0.01064394897142886,0.0014081491282361357,0.012631265587206937,-0.0010984833585723486,-0.00048512290731488685,0.004518389282197462
2018-05-03,0.001810672142224446,0.005970803537043595,-0.0038129279952262077,0.0029511794049883766,-0.00632089853160898,-0.002738203909966397,-0.003391160156218025,0.004135194759286326,0.0015278063676655252,-0.014738820045332173,0.005903038924849106,-0.0005562508839719682,0.0026541888884898195,-0.002388901934990578,-0.01171140810016657,0.004470883486257324,0.005082090557421514,-0.004106781954065243
2018-05-04,0.03848334703749407,0.011520499450726142,0.009384422888066221,0.007446050784063325,0.011035490116387556,0.006533598559722099,0.004692396513815034,-0.0038164950513935782,0.005626348876414754,0.00999410849629938,0.014883089936423111,0.017853308940293734,0.0036901695487148675,0.006296826550539237,0.014773676570147005,0.0015138774967618888,0.0020898649194592365,0.0012338064508280327
2018-05-07,0.007208898669063366,0.0110775508362956,-0.004843015358227202,-0.009027484234064864,0.008631825862828589,0.009573504727627314,0.010864048913806343,-0.004711151764297778,0.012065193244044451,-0.007976384567018492,-0.006232275556536261,0.02329691102433399,0.0018746750844154917,-0.004519919738953122,0.0076710850534337195,-0.00159804903776414,0.0002408574536953658,0.00205296725594423
2018-05-08,0.004795138630348847,-0.004270172608609249,-0.007961049357572216,-0.007513828528333813,0.014703477816415289,-0.0008435259885285243,0.004492082250130646,0.012961892739456884,-0.00485509312271568,0.00803042839661332,-0.007530366082524731,0.0007339449869290566,0.00048545373494813875,-0.021283981075859656,0.005323781802972204,-0.0009263548603591506,0.0001605394127705941,0.0036847534022325735
2018-05-09,0.007016445055878359,0.01172516675440343,0.007313538205523434,-0.012228059744856601,0.02156946366320191,0.01976125968287391,0.0232892439628098,0.01684398787908205,0.009755138461656371,0.007108269025555332,0.012933912310063684,0.017717128995862547,0.010071829070821853,-0.010182363275039567,0.020687722698813776,-0.005999933493715706,-0.002089025345925684,0.0
2018-05-10,0.01420267647020025,0.009956458949350207,0.01478770015383941,0.0194424166246179,0.007729507083006835,0.0070491047707628264,0.022147518312039368,0.0007765784351462746,0.0006714163406391752,0.004283579049662731,0.010720278587185035,0.008872130739104497,0.010990246802460081,0.012181489324339516,0.015590092775283296,0.008019966164666706,0.006813380531709369,-0.004505434610016996
2018-05-11,-0.003795871281043384,-0.002147130317852758,0.014965242277420316,0.019365422229397782,-0.0037694543872784465,-0.0021383345591739883,0.004639246509025102,0.007886842086853502,-0.0038418597748061355,0.016690455530420447,0.003003005259601308,0.005763704716441278,0.0004072490385471941,0.0031778697646331886,0.007838545450159433,0.0025193160783619985,-0.0014389641942543227,-0.0016433857462573684
2018-05-14,-0.0023358294841194995,0.0033719952258546935,-0.009317082796505049,0.019203383247678642,0.0003512469310292331,0.004067133762145197,0.006743940709020458,0.004227036229756309,-0.0008550609829896089,0.004037866992959908,-0.001227412359731492,0.002708455902263856,-0.0004072490385471313,-0.0033651181517661694,-0.0018735117760270018,-0.005297914254576614,-0.004088345908606629,0.0012327924325287168
2018-05-15,-0.009130045536309403,-0.00726903635926514,-0.007404787207897368,-0.014096419157224278,-0.007667600250478553,-0.009681415351721626,-0.000488937792210633,-0.004997511650620244,-0.01599953567061611,-0.01635661432957579,-0.0045134453959867395,-0.01747535295706365,0.00033938571582247664,-0.008462673917802099,-0.012508250205385717,-0.011448079236977783,-0.016277640044266142,0.00614126802173176
2018-05-16,0.00928948007384699,0.00256555120526522,0.0017566277269822623,0.009226614642351342,0.002738880538145359,-0.0024869448284348433,0.0028081332167684495,-0.001388353482291643,0.007055728835075805,-0.008547973834482756,0.007919211237975888,0.007898471167874949,0.0013563922045130023,-0.010632338628795155,-0.006094925267481285,-0.0038453369325314457,-0.0015524781481498341,0.002445985727147394
2018-05-17,-0.006343812088705825,-0.010034739973728037,-0.012038668668768869,0.005116789244276407,-0.0033583769967633513,-0.007749070146873039,-0.0017083591718744628,0.007841971455712323,-0.0034837083676204994,-0.005649580548120495,0.005830920311596908,-0.0007154704521808726,0.002132593940205946,-0.004783324912170918,0.003052106140805189,-0.005064171158935261,0.0005722460814242363,0.0012207529510367434
2018-05-18,-0.0036431864563286043,0.0018697418971965706,0.0031440229050197646,0.0068909214433572116,-0.01633308654646423,-0.008821733329578427,-0.007108744238209796,-0.012436037778652405,-0.004682958880200635,0.011214067886084943,-0.006919503899022748,0.013057716234090239,0.008258356012693669,0.00019177293994927411,-0.005894570064148013,0.008568298499597725,0.0004085468047183152,0.00203128243548276
2018-05-21,0.007059985467147758,0.01278631567168203,-0.004194231023168499,0.013237696860217517,0.009136573767913323,0.0029492332313291567,0.011982048231385174,0.011740600591498423,0.007019393787260745,0.012566110053125999,0.008270672865789192,0.020405628092908513,0.014389700489539801,0.023811400671584652,0.009859273152744976,0.0005117707382048691,0.0005716852620071994,-0.000812017910261377
2018-05-22,-0.00250807250117541,-0.0010251154146538302,-0.006568567589886298,-0.011032804374256576,0.007639049406171449,0.0012612993054595793,-0.007808726843439641,-0.008850989458771542,-0.0025640553888279308,-0.015505009814644827,-0.0004051590303614044,-0.017263693540935137,0.0025219020539994966,-0.004942916368309036,-0.003747051547971159,-0.0015360986122341504,-0.000571685262007294,-0.0004062563539686495
2018-05-23,0.0063911593772474325,0.011827217801573312,0.004383835564236753,-0.0037594029236927384,-0.004611981567163086,-0.0007986381545859721,0.006227506541731743,0.0036585881306496737,0.012854923411134747,-0.0010708358897194277,0.0020241556059471845,0.009810870564571686,0.0029782609127449156,0.005317331349443947,0.016725504540102815,0.007233150711287165,0.001061441210087505,0.004055155598948438
2018-05-24,-0.0011155083357227617,-0.0035538444269025498,-0.009768087436068166,-0.006283517255089546,-0.011264199200656756,-0.007216591425764157,-0.023150892340996078,-0.016372619069898335,0.0007550867304374921,0.002568082306338835,-0.005542427164994964,-0.00025361400107442764,-0.001587301920977594,0.005723544304024591,-0.0052034556696969455,0.007938560397134127,0.008532128304135467,-0.001214820960356839
2018-05-25,0.002282802996421974,0.0005084659688655452,0.0009811136425813,0.009104393596687601,-0.005137692134311489,-0.004627377660857031,-0.01962573998839981,-0.03553428520332285,0.004406801562132158,-0.001604278419361464,0.007293387273053905,-0.011800487755429526,-0.0027838554465570873,0.007539742781983908,-0.00544695967198226,0.006205470647351444,-0.003079418965067235,0.004850454131537569
2018-05-29,-0.0036124136178399846,-0.0035647030670486394,-0.017188117753959443,-0.011414149212167836,-0.04368393886171546,-0.034545899091196805,-0.0036912152895927737,-0.0065687074186467215,0.0016878583724227471,-0.009950330852588816,-0.0035049914558220505,-0.014411985643215244,-0.016462929535415737,0.008033156799106742,0.004424547228156634,0.021666273802255692,-0.0001623376626941337,0.006831451121639604
2018-05-30,-0.0021310610089263593,0.00954515776746879,0.013063380013029155,0.01137332372040838,0.02258822937380471,0.012823213415762456,0.03852402338137522,0.030584415890680595,0.007424920451964031,0.016724231997908557,0.011279829548024022,0.011906443232026137,0.015001620740493082,0.009361770499442217,0.010337254954840655,-0.006730715716369822,0.0014600911094905813,-0.007638228092821097
2018-05-31,-0.003365657475747155,-0.0011122909275238504,-0.011222529354769056,-0.014102402489915974,-0.012444439942756083,-0.014416564735971478,-0.003195283533347372,-0.0068949202844206334,0.0029067376227832555,-0.002890484829990201,-0.023234869365214267,-0.023100223582740654,-0.01696035291970131,0.003262054361954756,0.02166378042255969,-0.0016485331788058401,-0.0021909368929654486,-0.0008074283810145714
2018-06-01,0.017873245008569048,0.01953676324593054,0.01361694902723943,0.007589856176662636,0.012905800966447818,0.01087565482674187,0.007236187826809962,-0.0036268425814715856,0.007287966813189881,0.004279225572755856,0.0038194017235784737,0.01054261147982218,0.014631133485194826,-0.016601676561965765,0.011457729617275866,-0.005285350247384277,-0.0049676391908137635,0.0016142053521962015
2018-06-04,0.00832313020472084,0.008693129920604881,0.005674124017758111,0.005246128676036101,0.000461148266703316,0.006721394019131237,-0.01056520884226418,-0.012921231334958275,0.014352446828952864,0.02117794552225421,0.009889669441375109,-0.006666255651637922,0.0003330779767180484,-0.0049176396149295,-0.0036666965963981194,-0.007258197300019774,-0.000980152002017269,-0.0008067769711815987
2018-06-05,0.0076855547850368825,0.005101551337283499,-0.0038614844844704916,-0.0008178956006105885,-0.0056405901089575826,-0.006765187402284948,-0.003588002611450303,0.0038368960095551186,0.018491611555601587,0.003026352427690265,-0.002834966460981112,0.003338682686085069,-0.0017999404875446317,-0.011670491618819185,-0.0017606550041316365,0.002341725582601514,0.003914856969611165,-0.0012113871833312054
2018-06-06,0.003459943032791432,0.002931407218718315,0.010725938995442759,0.01711731580553519,0.023099102185950054,0.016892513636883478,0.01695997392820286,0.005282203171948699,-0.0003537631592568093,0.008559697426043901,0.0051240673062448085,0.02261662696864314,0.0075115851573456585,-0.02010022336074185,-0.00832730949206614,-0.008135922420872762,0.0005696382950959299,-0.002832289977024716
2018-06-07,-0.00268428821117876,-0.01583354118617272,0.004388110404847188,0.0013262867930915613,0.003979024963352919,0.0052396615319136135,0.009943091496586167,0.028603052436391697,-0.003810878897506346,0.0132391096252077,0.018786775970375338,-0.0014066498480293306,0.007192614069476041,0.0015999491426645167,-0.016652998671395962,0.009638426877458216,-0.0004882415265025779,-0.002027986907858871
2018-06-08,-0.009139122702237976,0.007407075493003216,0.0059016299673813905,0.00680465340263836,0.0027939272831544273,-0.00025704738369251406,0.008649741579427245,-0.00410418887108187,-0.0031482643863222633,0.010950679772881423,0.018569907232497546,-0.006225750990777932,-0.0015134070987209004,0.0026821652210875717,0.004877024085817564,-0.0030072698302770757,0.0012201571449123828,0.00040592653349722126
2018-06-11,-0.0024547579766265315,-0.005723323299939245,-0.011349019346922205,0.012290524612629965,-0.0025232058086990966,0.0029947827635699443,-0.005998818228548614,0.008818954795011434,0.0030417056990244594,0.006583434587702849,0.004524602121354428,0.006289732564162625,6.584795710773577e-05,-0.008968669985571803,0.012820688428990224,-0.0018422380013894634,0.001786875069338023,0.0008113590721270954
2018-06-12,0.005475750949974094,0.0025696792155408305,-0.0009787929009757036,-0.0007883948692348987,-0.005791347288022423,-0.006256448244543003,-0.008216575950864242,-0.0037700327409425968,0.005685003223968742,0.008330263909315199,-0.0037475006707016227,0.007584726758920794,0.0025646941356874905,0.012851428435818645,0.004479874137803412,0.00025141420592860993,-0.003332659048778715,0.0020255222625914465
2018-06-13,-0.00825113041961242,-0.004550858664876272,0.0007341844766584777,-0.0028038324224222495,-0.001998547175903053,0.005145147053429736,-0.011102413804178415,-7.869368458233247e-05,0.0035903094439849034,-0.0049798419731130915,-0.010018950504411673,-0.017809567455970246,-0.002828111983837091,-0.001716738619128653,5.1973701552326735e-05,-0.0005028916379027185,0.003008010072629616,-0.0016200894569010607
2018-06-14,0.0005242464083616076,0.005636045966602817,-0.0017956256858439978,0.009681303479586073,-0.017798634994819713,-0.0007700864590061943,0.004651171175601145,-0.0044167592901510015,0.011082966520354226,-0.0032001627392506155,-0.006296754374524291,-0.010199861045721868,-0.004158010148866914,0.010634357717812432,0.02261028440258519,0.008265544866661234,0.0015411448076098116,0.012887814306130901
2018-06-15,-0.01032566333663549,-0.012800968647276027,0.0016325201562656512,0.006052223624444902,-0.0012040940647629914,-0.007431784533216846,-0.01513409383691521,-0.019717262194312603,-0.0045874440520884754,0.004347724297354275,0.018126596591606307,-0.020583917143584693,-0.006436010671018431,0.004523189016120563,-0.004889736223933738,0.0009141907967067734,-0.01667250126734079,-0.0008006405564097009
2018-06-18,-0.0005296890854537518,0.007264074928974498,-0.010576903423529975,-0.0043457051849946846,0.0025916341795450136,-0.002287885999483393,0.001981670206070178,0.015439689132183765,0.0045468366818452385,0.0007477008550025997,-0.020102491326055464,-0.008972273112385245,-0.0018655478797907144,0.005438363147014686,0.012482402786288123,-0.0009141907967067875,-0.0018972989811926484,0.0
2018-06-19,-0.016291789979625274,0.0,0.010250612532429792,-0.007285074256439033,-0.0058406507300492825,-0.013356444885119537,-0.0014858843755885724,-0.0034193504744699987,0.006355249128826814,-0.007401884257289834,0.006440187864197003,-0.036856010594822866,-0.017966368269536303,0.016017163178369966,-0.004143512750142385,0.005803365648902246,-0.0025629380322445636,0.0027994419397377726
2018-06-20,0.004352622472274464,0.00996407395297418,-0.004333435504510061,-0.000830318534067813,-9.298433184775486e-05,-0.0021923102569254395,-0.0031027018371458273,-0.001993382632391926,0.008780896970131843,-0.0006527907032218751,-0.006308340015915852,-0.001187026638215475,-0.005037108193405476,-0.0018421865838343598,0.022579747253427502,-0.008801119580687926,-0.00448021988929185,0.0007984032372519297
2018-06-21,-0.005592013712167756,-0.007191794950246655,-0.004846204400007516,-0.003645734174559423,-0.00027900488447457324,-0.0036939355985691202,-0.009491766028469063,-0.02178559615047618,-0.011412933121643213,0.006159412547405493,0.007748413576725845,-0.025473676291744258,-0.017693484193599854,0.0041095528142686705,-0.0024783160146217937,0.005240186663572375,-0.0017477429441605079,-0.0027972046205800715
2018-06-22,-0.002915926251900286,-0.007243891760602231,0.011380040123750637,0.009797415706482576,-0.016506048571167144,-0.004238416941054504,0.020985435163393445,0.02026796336588196,-0.008444893174660113,-0.014583382260170124,0.012868183026630158,0.002934127413667642,0.0002083550377898729,0.005676458004072107,0.0011903582403058213,-8.296345385714623e-05,0.002412747124943457,-0.0036079413769486007
2018-06-25,-0.014982982076784973,-0.020322631013909038,-0.002037241465465005,-0.014493007302899725,-0.009119470438583346,-0.020020330843535245,-0.020358200620986384,-0.020104831227948556,-0.031090280300250937,-0.005231226536247511,0.0046385858205048505,-0.02430323578471974,0.00027773920474472225,0.012700503343481806,-0.027080958602919484,0.0022376008998770407,-0.0037464140726434455,-0.001607717390569739
2018-06-26,0.012329670651914476,0.006988431743831577,-0.0019596642185044843,-0.003756398278872925,0.0006677796573303271,0.00018053800401193182,0.011223462370662412,0.012562470189702624,0.01665989686543902,-0.00010184855160577911,0.0026959384702564208,-0.007643723825591771,-0.00020829717143649768,0.0022210892480937863,0.013406043700595833,0.0014062954710956461,-0.0052686720246024185,0.005215658767518415
2018-06-27,-0.0014650427222145743,-0.01566505433900602,-0.006066586895545412,-0.006426499202964274,-0.015569752293609004,-0.006338304450099113,0.013181589074384478,0.01471085051720232,-0.0182485073461803,-0.0068475917829325765,-0.003982277726823004,-0.006885091051873821,-0.006059569298576235,0.007824438902956305,-0.016006825400527704,0.009379696873346359,-0.005718145415738203,0.00598445831489197
2018-06-28,0.007249937073706394,0.011112924684190471,0.0032018417406815894,-0.013264031241107758,0.016237086318836153,0.01460801450040409,0.003176933267044119,-0.002702059976732087,0.02435604459204887,0.0009737847682358017,0.004623097999563342,0.010493740989795748,-6.98641143439516e-05,-0.007584616369824232,0.0019894413174758605,0.0002456499497667126,-0.0030405428829982217,0.0
2018-06-29,-0.0021046390748948283,-0.00020279862154734386,-0.005424522219119733,0.001795039646456293,-0.00698133185095213,-0.012838303318474912,0.009228966536900387,0.006108948348706034,-0.000970231608635519,-0.0005636545461217217,0.00012811478995097673,-0.002649983148703084,0.006407153334237398,0.0013179968336927493,-0.009781155947426243,-0.003444602766228508,0.003630687485549109,-0.007987262912942253
2018-07-02,0.011120477757303546,0.014097504643666409,0.0019759598067081484,0.008684767058070121,0.008409835498877274,0.012121906762347574,-0.011794166746283365,-0.01739313034663573,0.008190860129238822,-0.005551001095599742,0.0008963442564899432,0.004559501942722314,0.005262076810416235,0.01178444776880903,0.015523187526998328,-0.0007812778422067662,-0.010080132787399245,0.004800009218630509
2018-07-03,-0.0175698402752053,-0.009645407843727572,0.009251365666969068,-0.002022408973059841,-0.014088114554102561,-0.012983682527159287,0.005853675252575068,0.003855736160165292,-0.011632474011435858,-0.002063771241320688,-0.0029481531322840637,-0.018214630631341818,0.0008973253399562565,-0.00266611527432206,-0.023739226509924462,0.00534211256121436,0.010080132787399195,-0.003197444770624419
2018-07-05,0.008014772676496827,0.007142528227446559,0.018489889314462746,0.01415155883502813,0.006445738801875774,0.001632209284862975,0.0008508052764899578,-0.006031138863008123,0.0034004317187747175,0.004071855740370728,0.01667660059961341,0.014686512307412266,-0.00013799765429419822,-0.00011865915205104462,0.029246933517712105,0.002864745155336176,0.0033655900510992,-0.0032077012269041655
2018-07-06,0.01376672249708479,0.013936120429470754,0.005982071677788054,0.0010373858808944902,0.0032726951914052596,0.004745449892792244,0.0002429543256843413,0.001289698711493928,0.006392308797862079,0.0003599989754941751,0.001261670619249818,-0.002949637121214546,0.005505106113997828,0.010447195507953333,0.023801163373283966,0.0032639767851248076,-0.00159724299435717,-0.0032180236943362807
2018-07-09,0.013789678291194254,0.006797720871386536,0.0023828446531921274,0.011537903306122326,0.030474583110931232,0.027570780105978507,0.006899500830726367,0.014792577737363392,0.01646001245174762,0.008193409211803709,-0.018451881912083693,0.04023988878828972,0.011598683620194858,-0.02973731620918057,0.0074025388895936775,-0.006456644554090894,0.0024368736062366472,0.00040281974423312473
2018-07-10,-0.0012075710910194018,0.0026474497000005246,0.010496091309783791,0.007344743451469243,-0.006171127578265303,-0.005012762233168808,0.009125903874257487,0.012619459210977402,0.002326190205460956,0.0077726521011119345,0.024861757437431672,0.001984268243779637,0.0041968517570052264,0.012742088497040067,-0.0058783357281072205,-8.199745797630051e-05,-0.0018481188055971094,0.000402657541006759
2018-07-11,-0.013061021669483504,-0.0013718767454819856,-0.008989887845235647,-0.0037245451091830663,-0.002159523866149526,-0.00525956439995379,-0.012872358192234807,-0.032418911657016956,0.006820930543792171,-0.0033455019036662897,-0.00830297888575302,-0.032303805255693194,-0.02406460123844306,0.005776404330145218,-0.004925147859457481,0.0038466307611678546,-0.010905971053359768,0.006820487825158305
2018-07-12,0.016627022616269114,0.021439439796242302,0.011968646808634511,0.005718329854363237,0.004314394236501196,0.006889269431830538,0.0012100679109631196,0.005973058358538025,0.023438264971662032,0.005064584134879804,-0.0034166436280894607,0.019263395287764634,0.023050847899785266,0.0004749183807538505,0.021394847231384097,-8.168933535483067e-05,0.00415659927463428,0.0007993605553854379
2018-07-13,0.0015692021207767879,0.011831070165158076,-0.014427306889001684,0.010296351283559185,-0.004596415389931969,-0.003571196177256696,0.007469914253168468,-0.001772050403535266,0.009092356905724202,0.003731347612751336,0.005309746988494467,0.009494306961424727,-0.0026405783994769057,0.006094513110654559,0.0019312481861167893,0.0025292715310122134,-0.004411647097483303,-0.0011992805773284201
2018-07-16,-0.0021975730899834074,-0.004944385845693807,-0.009895540009531535,-0.006670828336707768,0.03890967453495065,0.0219731457030187,-0.009891516113628786,-0.008582353707036576,0.005204219121957262,0.0009558065976060576,0.0027700848736597226,-0.019152039684498304,-0.007485574252807843,-0.00011798713986121131,-0.0004342057721171452,-0.004164461168619313,-0.0005102908768666914,-0.0016012813646509064
2018-07-17,0.0028245651165894215,0.009864444971371115,0.03483409717882821,-0.02637801527325918,-0.000723719951915422,-0.00181637380698756,-0.00218446688893599,-0.008738672948080645,0.011695465542247228,0.01110066901648859,0.006267255410950607,0.006280928852923339,0.014175014380856573,0.0041800419979782675,0.013230622986699291,-0.0018837795822701517,-0.010862699295403356,0.004397368670953285
2018-07-18,-0.005499555565134753,-0.00786472997858931,-0.010198212243734074,0.020289003486214395,0.009278092047820766,0.0009518453536271616,-0.001094025515245699,-0.0031219216943429457,-0.0005478932016575987,-0.0006466535908057218,-0.003881069035464854,0.015496436070040158,0.0044348950530468095,-0.004652129816370054,-0.003004652314188595,-0.004025142001538267,0.00025796466027220563,0.00119593396460724
2018-07-19,0.007743054276274099,-0.00687287928689023,-0.014660938882258443,-0.00979647846577161,-0.01481374754743081,-0.006986814283411917,-0.0025573904212519327,0.0011513159170110042,-0.016384885781358348,0.008226012689088463,-0.003427845273017742,-0.005970166986694335,-0.010853185504744687,0.004887106026752933,-0.006084579797523646,0.006317969733738533,-0.004308123154661212,0.001990050411069684
2018-07-20,-0.002295733033050897,0.017753349936070507,-0.0007148814794974633,-0.0009097562081532584,0.012569682156369673,0.008930953318513665,-0.007465918039437136,0.004919252356975506,0.0004025731648365356,-0.0008887133988160688,-0.0006352836753741832,-0.018824766724836774,0.03718790837094949,-0.0016459941391682937,0.008851097183226127,-0.012344819761127066,0.006455244690663121,-0.007984074350945931
2018-07-23,0.0008876126419755219,0.01587038537435894,0.006178726880853673,0.0001582779362200098,0.018430829338929852,0.008894676752926958,0.0,-0.007717608092608549,-0.0064717984550944725,-0.0010872789450694783,-0.0021629883114423947,-0.003954600540317645,0.0037154167175355835,-0.0067296594014072545,0.004609726590004812,-0.012415274248421556,-0.004815970780584811,0.0016019226517961776
2018-07-24,0.007228132663340463,-0.002875297626582448,0.021329766806618654,0.004027646115989114,0.0070329960216467214,0.009028253129803404,0.01958580945836524,0.020557049871203815,0.015003420859579682,-0.001187472308220881,0.006095256966641502,0.012324677426680879,0.009454192027106439,0.00814067733019283,0.017670463068359826,0.0034316836356339466,0.0003447681468387447,0.000400080017170453
2018-07-25,0.009385866436375723,0.029019382654818047,-0.005736894561917205,0.004325436337360857,0.008982749103010869,0.003428066924282005,0.006962813244736041,0.008442261196568964,0.01861488685874225,-0.004913283166033892,0.0060583297762324805,0.01802885966697708,0.01826476472333231,-0.014558192967791119,0.013096885262402035,-0.0015888283647538706,0.0055001857463173355,-0.004811556995037891
2018-07-26,-0.0031360075052458292,-0.010977656170120266,0.012823659701320685,0.008361710111424595,-0.002869192943165765,0.0017729004223201543,0.007745972114082467,-0.00763515865032259,-0.030294204934483187,-0.007992050531156281,0.007771410382967663,0.014838115802904856,0.0069370272504419754,0.002441131276319057,-0.2102386728567425,-0.0019267021663461358,-0.007829680781883697,0.0068095596607854365
2018-07-27,-0.01677133731569525,-0.01785597372119849,0.009701027077966388,-0.00409397199165562,0.010221849224514986,0.0022327550087528404,-0.02792670653355868,0.01616552488281562,0.005114112992451961,-0.011398721290743104,0.00609947742714495,-0.000140281966655814,0.0013816494068562284,-0.00704186236181831,-0.007802972810485764,0.0016756036092976476,0.0005181347266176031,-0.0011983224939519348
2018-07-30,-0.0056184347946600585,-0.021685900284637818,0.004701965283541115,-0.008277965628555397,0.006014797304586833,0.0054974015366507445,-0.0021996831559201544,0.014657472815760096,-0.021160308944296123,0.0007099031790852213,-0.004726964889970443,-0.019907851687424094,-0.015304162610664264,-0.0045016732177157025,-0.022142832708394667,-0.003438014371331783,-0.0015552102668064743,-0.0036036075040578926
2018-07-31,0.0019989485880685365,0.006715560825307886,0.0026446046614629157,-0.0024454711831833377,-0.015366324455095278,-0.006381481835117067,-0.00281776602950324,-0.012278784729268787,-0.001000939166865605,0.0012158056209540427,0.008443059839652031,0.02856833325134718,0.01724779781891701,0.007849757177994868,0.008846524927418595,0.005445039630592077,0.002935591816336651,0.002003607165047417
2018-08-01,0.05724015707293245,0.0018835944550084909,0.0009051139558874853,0.0005921948888392096,0.0061576015203397205,-0.0058715610002135574,-0.013835921766200595,-0.006993591247957624,0.011039078590284577,-0.006195743754528003,-0.0028477701406564287,-0.03726435269205911,-0.01743899631545333,0.0021464353579259397,-0.005403377176750464,-0.008163456084286898,-0.007355201246121234,0.0012002401891578135
2018-08-02,0.02881169723676209,0.012064677551403306,-0.010534789915552721,0.010639024680715222,0.004227606487041317,-0.008722902786863324,-0.005988788954640842,-0.013084673937736244,0.020466086775677926,-0.0032656422533048988,0.016600442692279397,-0.003832946294908773,-0.006330146781086296,0.009189333970284708,0.02712654117891838,0.0014340548235772413,-0.005399299017749325,0.005582151660036478
2018-08-03,0.002888922998208863,0.004359730480992773,0.005319161477502403,0.004441854176326445,0.008060410643505158,0.00042727739460604234,0.003622513487307162,0.0023405038734118032,-0.006036730730216951,-0.00010222335844087122,0.004016314046948804,0.00361637888711451,-0.005531627921851341,0.009982466921990528,0.00796276973120409,0.004961120119526799,0.003486753881174628,0.0007949125979453102
2018-08-06,0.005179122495756568,0.0008326780325506677,0.0005303633115636472,-0.001789953394477265,0.0002561803523456804,0.007829494061967103,-0.00024940765800727615,0.002013288378200066,0.013326121195838444,0.00025553880543499467,0.0023051268916082523,0.0069786966202135476,-0.00045159834248942207,-0.0008183306506387677,0.043531785798931924,0.0005869775021280732,-0.0051472305572102545,0.001587932055046487
2018-08-07,-0.00941907103096765,0.006912151385762851,-0.004250803425492627,0.003460278330895045,0.003664724773809258,0.008020981874985244,0.013502837549726353,0.007054702979705929,0.007940250276029235,0.006925729164648392,0.0014531366091804882,0.020578317868595746,0.008929491125283363,-0.0022245647862017136,-0.010176001206765973,-0.005210971616839877,0.002271536884478365,-0.0011907125854585185
2018-08-08,0.000675740927234029,0.0055868625428579215,-0.0022084310080248857,0.004492126982495338,0.002039602984434395,-0.006157758808123399,-0.00666669135726382,-0.010439346391306219,0.012824929050397189,0.004910532053462532,-0.0035153681878237674,-0.018930694013288608,-0.007446433175868142,-0.003228554944412609,0.00742570961429628,0.0010106966235972914,0.0027886728311853864,-0.0011921320675333184
2018-08-09,0.007834130375929612,0.001642635886821724,0.0002286846823765877,0.010684190796044435,-0.007755610528620917,-0.011017871745686813,-0.005091597464106744,-0.010957457143033143,0.006340773257550002,0.0003029538015732417,-0.011603183615504987,-0.008554126128475458,-0.00802177933309778,0.004517063967226933,-0.011350489795524091,0.008382981442420143,-0.001480514095817364,0.005946499187378656
2018-08-10,-0.002972625287761466,-0.006127974543390134,-0.003435773564149249,-0.004713103848476743,-0.009887875582653782,-0.01799828467578244,-0.0009965122893378943,0.006588871601621775,-0.00645739689729395,-0.009026888213373436,0.0003684824707604823,-0.01894824216997887,-0.005666844672155321,0.00046813740532176414,-0.01557758209639902,0.0072364632693072365,-0.00043586279729381763,0.007089434967260016
2018-08-13,0.006436141333399737,-0.007274098645368514,-0.004061775136225686,0.0021102315656736812,-0.016026821573396587,-0.012049130373160766,-0.010887561657498416,-0.007323655486486015,0.005234645132179908,-0.0110645529982982,0.0011046334345853662,-0.006643561750052294,-0.004845478311806882,0.002162289363565921,-0.0011656630335864526,-0.002074087108385218,-0.015199062631499184,0.0003923876846654538
2018-08-14,0.004204296479832765,0.012398560811111988,-0.005544446669920581,0.009801943502293452,0.006650939018149869,0.011831346109322335,-0.0031873552834374413,0.0011427639807334896,0.012290994254156565,-0.005371358849894926,-0.002579378694740639,-0.0007409054202861334,0.011615896726483289,0.0037291734151329247,0.005869991381726186,-0.002244856482910919,0.0009733222022218624,0.003915431785013511
2018-08-15,0.0023333899476229657,-0.013600650743031389,0.0071558032432705865,-0.010952426832457608,-0.00832060854777203,-0.001351322103803952,-0.01764941143800854,-0.03858785748504816,-0.01947845407567371,0.004598421908632717,0.012102097464411519,-0.021728583933157526,-0.006182701677068656,0.004815651440917882,-0.008762256593425602,0.0058096270969958145,-0.016766646231995835,0.0
2018-08-16,0.014543650436283336,-0.0001857872742226097,0.015595006254131748,0.009509151106214647,0.009366724936342935,0.016225342429576396,0.013682929364301277,0.007097022015220839,0.0020694383290811506,0.007190949883164901,0.016748388361781757,0.03161139908555159,0.01081091610444368,0.01162402316142805,-0.0272721077430137,-8.27574797026879e-05,-0.0008097530695735315,-0.0007818608698049178
2018-08-17,0.01977321326134895,-0.0005575690129578548,0.014909435199309961,-0.0029309348578341206,0.0,0.0016295728121583383,0.003327790093112712,0.0011891617804860464,-0.002281930759837904,0.000869676484534854,0.0,0.022352164256272646,0.006919547769617683,0.002171677614195139,-0.005165004308810453,0.0012406436401070533,0.009228215827205143,-0.005097050829635059
2018-08-20,-0.009791321526738568,-0.0066216143084233785,0.017763503748386252,0.00026680388193540315,-0.001307816568869841,0.01023114048567455,0.007003275583452514,-0.0004245383209650643,-0.002931687446396298,0.012046195122064549,-0.0005976214842151136,-0.004819979836780792,0.0019314968656236654,-0.004978978435953076,-0.007507976359880999,0.006673007420575012,0.004981773491468551,-0.0023612761846018046
2018-08-21,-0.0019512201310089583,-0.008362745472372047,-0.011240613524447381,-0.002709459957001019,0.006088563646072501,0.012098876588304395,0.00025374270697947675,0.0016122876763239322,0.0035690293275217264,0.011553272971613751,0.003103738912606644,0.009473981721611565,0.009665621737602506,-0.009627376697315417,0.0006954103203040636,-0.003372129692206484,0.002924108237439258,-0.005927699637667868
2018-08-22,4.6501894533394516e-05,0.010139027900908286,-0.005482307404103684,-0.0036368548783806943,-0.0030396480042846354,0.002887091693074069,0.014232874559990769,0.008274977557418198,0.011340240631942236,-0.006312646213433124,-0.006097215374923922,-0.0025749245333421497,-0.00542941514538517,-0.005343568503292007,0.005891543639597049,0.003946724412569263,0.002209555010924983,-0.0027783308202594032
2018-08-23,0.002043945525931358,0.004659406435338187,0.0037075528163225844,0.0026045671226539806,-0.002089682954412483,-0.012613688934452336,-0.011066511329321545,-0.006919274926910813,-0.0010504754366912916,0.005962987127910528,-0.0018003965730548296,-0.020549163852388308,0.01133625692464741,-0.0004660103784389902,-0.004270797742159469,0.001557952018911305,-0.009491356124026191,0.006339165444021186
2018-08-24,0.0031043694559671794,0.0077792576047714624,0.006197909606131285,0.01088083780432982,-0.0004359007958438594,-0.00521795647800708,0.006805319269550865,0.007675799991838817,0.00130767370910668,0.005679285927141995,0.0014405764790073581,0.010327364514399381,-0.0025363021643497515,0.006214988205612341,0.010070578563646428,0.0019644763627820736,0.017317980079984915,-0.004750602756438572
2018-08-27,0.008200921337459486,0.011009285508354682,-0.0009566913929343159,0.010539091828055375,0.0175465844086144,0.03136050677713191,0.009748858612265035,0.011196641034189141,0.01163049527429677,0.0033723499522433802,0.0009592326875357789,0.027334440458872844,0.011614092549268129,-0.007205981902024774,0.015961260154568876,-0.005740543893483901,0.0037595672697758897,-0.003976148381000836
2018-08-28,0.008043183841335566,0.006003838647468221,-0.0044569974240499756,0.005339918213595337,-0.004895865479926464,-0.000948512349930722,-0.0014936522557643243,-0.004079769198404017,0.002662869077713553,-4.951107796686006e-05,0.0004792715172473557,-0.00028165047296897333,0.004695579139404517,-0.0052628622733603475,-0.006785053735415544,-0.006021878374741804,-0.007973056649511628,0.0
2018-08-29,0.014819101948314938,0.015836213620386716,0.004012190537504374,0.00182322239827391,-0.0032772776214542894,-0.000701653041053485,0.007198740283946586,0.002999002580554737,0.03321665263700881,0.003657214711790722,0.00011978199600991954,-0.0009864018275003376,0.0012484396129671229,0.0063121191461201955,-0.0020445259280371855,0.0013229702607389622,0.004563813433064615,-0.0015948966675000504
2018-08-30,0.009151645311069528,-0.0006250837373139886,0.0006671361577885897,-0.002270233022174048,-0.004936143384379555,-0.008319515539575629,-0.004337863900832391,-0.0034162429587918943,0.0021397440472141617,-0.012071778262583245,-0.0009586579524640539,-0.019935161103372314,-0.005316666159585634,0.001757675633500219,0.00984337868018044,0.002146100700231565,-0.004915740235922709,0.000797766293254708
2018-08-31,0.011487777108694591,0.0033886246089182533,-0.0019284978536967885,0.00026078048002858855,-0.005309669957514137,-0.006663757606577711,-0.004232020256772666,-0.011331803803138862,0.0051455996216484366,0.007549469648222347,-0.005530189616406577,-0.0015112809179172939,-0.002448903926924511,-0.004282410557656538,-0.01081030421727358,-0.0023113762975344194,-0.0011446182187391015,0.0043763746017769604
2018-09-04,0.003201827337011472,-0.005534740070344992,-0.007227780058868441,0.00018623014387146602,0.004962357285824016,-0.0006309546553201486,0.0014957001407125499,0.0034551081432932975,0.013227510233182907,0.02124017265002935,-0.0030184146075940485,-0.004402908696960278,0.003639790651109102,-0.00041160733208258434,-0.02634993465808656,-0.005782521308489149,-0.005122781031669077,0.004357305370916598
2018-09-05,-0.006546164886576634,-0.02924822474912768,0.015876882211304982,-0.003245363288717993,-0.004875085827906634,-0.00042085771407154106,0.013238671544709178,0.00042053913736991725,-0.02215576221864942,-0.004545129149679218,0.0071088919183443745,0.01685654803632335,0.013377917836891177,0.009307838309560912,-0.023527715277355147,-0.0026695602738760955,0.003447517226736739,-0.0035636545343867847
2018-09-06,-0.016757064770395003,0.002301708883866936,0.007406626460053306,0.010814130173877966,-0.004285283571031277,-0.012879351051608215,-0.011123585218910196,-0.03152086710369237,-0.01847196430983303,0.008487027823326502,-0.0077136696808208045,0.006946441314194993,0.013628203557596539,0.012737550629407188,-0.02820847615621523,0.0036688109193215622,0.0019395227802645081,0.0
2018-09-07,-0.008100854381249111,-0.004885928134302178,0.0032823983664557557,-0.0050936105516712436,0.0019262767534128115,-0.0026044461067410846,0.016883758016990505,-0.005482326745116056,-0.0031915083938525387,0.001650005227285513,-0.008993740738381911,-0.0017674719154884343,-0.007343524831564429,-0.00994457779078867,0.0031329693591794546,-0.008525628370499342,-0.0027340494166320046,0.0027728280783535656
2018-09-10,-0.013511567382842803,0.010754274334884219,-0.0008013696561622587,-0.03238858132891344,-0.005350185984510018,-0.008587060622006806,-0.0014675311416735837,-0.0010476690326999747,-0.006712814458868383,0.02139580802262815,0.0057216054803142825,0.005152285809661876,0.0034336902953494212,-0.0004068230082108081,0.006967817446237956,0.0036866401193018086,-0.000706776246401794,-0.001979806628737289
2018-09-11,0.024968505012011623,0.01686197144697491,0.009429926253232322,0.005031022382762038,0.006311934692436969,-0.007357429536789137,0.013976043252945975,0.004705891036753023,0.024523917865090623,0.014886975833996964,-0.004501497959780575,-0.0001408054076584693,-0.0018993358034522963,0.0006973095742116159,0.010662890315729727,-0.007639713101034225,0.0006184565289673609,0.0007923930696226855
2018-09-12,-0.012496791239156863,0.0042161982177037005,0.006117987917250522,0.006224839179510425,-0.01186774950428225,-0.008988628457319086,0.0032532108927948956,0.0066721793389074415,0.0014331873265183341,-0.008782904073436354,0.01332384051655072,0.0157175531425413,0.005077239841098863,0.002031046688002761,-0.024029942003628835,0.0023569034481239846,0.008355737079721995,-0.0035707238898821437
2018-09-13,0.023868121517746102,0.010684813609656998,0.003795886384269523,0.01067868372469895,0.003883500027148532,0.0007886435742393347,-0.009791556017768377,0.004394853901213687,-6.532876704326335e-05,-0.012006883206057325,0.004082618542863106,0.008695106883571849,0.011043801565536577,0.012100406935204321,-0.003958441586774516,0.0015122240971196352,-0.0035975996333050585,-0.0027860714534389012
2018-09-14,-0.011416004047982544,0.004065764836769575,-0.0028634853841214905,-0.0006782215787197795,-0.00017619593031421716,0.00397753873601489,0.0072621960419531105,0.009243475605454007,-0.00993932516963695,-0.0018159232748264078,0.001915480054271567,-0.004407113592532854,-0.003627354197553795,-0.005455864215260829,0.005931801872122044,-0.004796575863573228,-0.006526171853233576,0.003580668238623577
2018-09-17,-0.026987058402596624,-0.010908715334134908,0.003363753395036811,-0.005442395987397094,0.0029911168598756913,-0.0059064332885815215,0.005891918685739622,0.001106901215439878,-0.032058688626795055,-0.0032098142392078745,0.007625439069655626,0.009068487538350928,0.0038687106218482483,0.0012085984598385546,-0.010777434761417284,0.0,0.005206736380116003,-0.004777079146103061
2018-09-18,0.0016509221399651415,0.009496410394710723,0.004135478264897212,-0.0022004713333402502,0.0040326170188135805,0.004378482409365295,0.002634101140649027,0.00526227661488433,0.017157767599734794,0.012493605834909232,-0.0029717703884888087,0.019303657417467125,0.0023501773448070247,-0.002418659400416075,-0.0017452011407122266,-0.010514808993651165,-0.0014974677979958267,0.0015948966675001922
2018-09-19,0.0005954971435170552,-0.013427795014660416,-0.0005693950331625313,0.007718247993302286,0.028632518231726033,0.028809019726359634,0.01188650628884694,0.011614336918280874,-0.0075657056343881495,0.0031227846524998337,0.0,0.024452068074730476,-0.002048563709163211,-0.02492759176321332,0.01707117161934468,-0.005984969985824639,0.0038711996260194876,-0.00039848576002054706
2018-09-20,0.00757302889362369,0.01660268082828796,0.010763451880088626,0.0039870661406770655,0.008550316640449194,0.007695923644713547,0.0022425503641477352,-0.0007533587604176353,0.009238656981370759,-0.0029332471237385705,0.01606080815000569,0.02098794489269496,0.00445327810615964,0.0005909467145371445,0.01799003179155527,0.00462013142205209,0.003418806748785461,-0.007200031100964126
2018-09-21,-0.010829688423147533,0.006057166392776655,0.006318914517218807,0.0010505384977095352,-0.0065967762902916565,-0.008715205139712296,0.0041178951066377055,0.014217657909599885,-0.015179170568552985,0.006281754037464101,0.005374472569239419,0.002432935446416597,0.004792150059500309,0.00876398868799927,-0.01878760231195114,-0.00042689435084456465,-0.006849341845574783,0.0032064155729045864
2018-09-24,0.014277811254272944,0.003581884753320397,-0.01701117428514595,0.0025841259255149096,-0.009634725167816292,-0.010422100145345548,0.016650556415120695,0.012225793306453275,0.010053677867018752,-0.020934205657834652,-0.018226149777866737,-0.015336340282520265,-0.011298197105029174,-0.011485239777940226,0.015106579539667335,-0.002565200209582129,-0.00017624251014953265,0.0
2018-09-25,0.0063208481692778,-0.0019203916509617635,-0.013113297435789607,-0.014504746921948364,-0.0028312832603957583,-0.001718951862785445,-0.0011554016305822166,0.006097827748912486,0.020564001872388576,-0.002551451618681185,-0.013740582994545841,0.0005842448802942895,0.0006041931185570902,-0.011678616914903083,-0.0030273697136394386,-0.0010279253948333247,0.0015850654956542291,0.0008000000391133405
2018-09-26,-0.007998054428052468,-0.004115051992416136,-0.0034682115688380345,-0.002279549636213304,-0.011840594668301556,-0.01569237628565708,-0.008358534848305142,-0.011576845421825828,0.00015192181120010878,0.00028917056438055206,0.0016828949763544345,-0.005988431617083383,0.0012072921907110552,-0.014488632562838109,0.01229449584899761,0.007003188585358448,-0.0052933515745734894,0.00039976014985289163
2018-09-27,0.020343338022915623,0.003765493306474161,0.00043418482525933906,0.006596430015122153,-0.004356546055308608,-0.004993221359186315,-0.00011658408673527523,0.004254977371550967,0.01912376508682901,-0.0032821730400793185,-0.004815805117951657,-0.004580560292715161,-0.0024160436978544523,0.006908281020303066,0.011257154524830533,0.0006806193893425712,-0.008884998477042886,0.007168489480114922
2018-09-28,0.0035057392399813806,-0.00034968091994638746,-0.0003618075948833675,0.00523847511190059,-0.01477859409699308,-0.015487720526217195,-0.008782772071883055,-0.0015526050110365505,-0.004970154504845071,0.0014976209951183485,0.00445542310891585,0.00013116474279903294,0.006269613013463442,0.012065334394371642,-0.026284141371805337,-0.0026399845011039202,0.00631646599897586,0.002378122403885308
2018-10-01,0.0067108419623192585,0.010783650894310408,0.010940870670597529,0.011436384317006859,0.005831950788242125,0.0048490875096281255,0.00924902688826451,0.017108294199028217,0.0006787511240382403,0.0021699827686590604,0.005272630549191381,-0.0013780886124909859,0.011180295765767918,-0.0036462576655691284,-0.01235867672473303,-0.007353069835670354,-0.0016864158791993222,0.001582278813562223
2018-10-02,0.008849227590182435,-0.0039868314202348605,0.0056394481478594825,0.005669516603558523,0.004132418945822181,0.0032786914615887427,0.007546329420626371,0.002809779876142743,-0.016626511436188707,-0.013823428558945758,0.008212865303531902,0.01654222026191182,-0.002466389194709228,0.013974597831361003,-0.01933117971553192,0.006094177909045356,0.011482196455801182,0.0015797791572238994
2018-10-03,0.012095086215468617,0.00017367141329603276,-0.010375392706187444,0.0009971747542768354,0.00934463810535039,0.007535565018684337,-0.0035919162659551035,0.004559096079502114,-0.009454539893144525,-0.004945051571122193,-0.01589136733624618,0.021723317817015798,-0.003922638625420744,-0.006516996819199105,0.019269616629082897,-0.01752386333772683,-0.003959704236631681,0.0031520908684523506
2018-10-04,-0.01773728195180847,-0.020881615028862873,0.0022990167473306037,-0.00956945101588121,0.008913563408078196,-0.0013179284076606798,-0.006638351984432599,-0.0028770098958279286,-0.022444225456842017,-0.024293899507917653,-0.013458826983243117,-0.009334290080062512,-0.004059504499769936,0.005985380397078477,-0.022286779016239613,-0.007078902185011236,0.0005288673547686316,0.00039331367332519666
2018-10-05,-0.01636191095794184,-0.005868770178886948,-0.0017956549987341362,0.003274299695574908,-0.005654893489363583,-0.007811332995047759,-0.0028083332285487542,0.003036601342288498,-0.010407904284072062,-0.012499213912622351,0.002803683191745305,-0.022190164191156853,-0.0038931857680217664,0.018266417374552736,-0.00961485046308031,-0.008632133227160395,0.002815911751579918,-0.0011804054113537616
2018-10-08,-0.002321118750870215,-0.01148097640993901,0.0020826608125643275,-0.0007060441387057335,0.006088563646646534,-0.0015962403069687578,0.00921450504110108,-0.003917341221349394,-0.013441613966824908,0.010284039065039483,0.0030385924329404145,0.0002608752380548179,0.0048034628582809815,0.005496267705250874,-0.0005086146715061698,-0.0033673049090307155,-0.011133807687097555,0.0011804054113538562
2018-10-09,0.013758427574761945,0.012639673450969995,-0.0013640118421034064,0.004080729805939853,-0.006961392540328841,-0.010886646583666356,0.0044022313906456135,0.015735840869306822,0.0031595264506308145,-0.013497261935400491,-0.0024301348527436665,-0.025694092057886437,-0.024065004166936653,0.0023627730345276783,0.0041250256810472395,0.010068088224742724,0.0005330017004570609,-0.00039331367332530145
2018-10-10,-0.04743347920664865,-0.05587021948963193,-0.010616500970581557,-0.026371115004541375,-0.026993983828546605,-0.03664183325840246,-0.023271821444622802,-0.033841734769351435,-0.06349824230605694,-0.010527764457945227,-0.009288749259899892,-0.03916183625677483,-0.027209135395178472,-0.005656907258919842,-0.04216868938050971,-0.0027277943789824955,0.002483591838968551,-0.0011808700465386539
2018-10-11,-0.008867076039334426,-0.0023577131688368677,-0.028650190251061705,-0.02291526644404667,-0.030421289444049773,-0.008974958575214995,-0.03515893077756985,-0.034604954768248423,-0.02065916835690151,-0.020655856448154215,-0.03206562539233771,-0.019319860462777266,-0.019340468752151112,-0.021414345097491197,0.012929658679169485,0.012086326844700901,0.02536653110630004,-0.005529239994285624
2018-10-12,0.03509614368660032,0.033973937562040334,0.0002241231190019922,0.009637602899818002,-0.010972771429788516,0.004217043078417163,-0.0026997193972706293,-0.005588498880726658,0.03948665332099512,0.014285583462246938,0.002406130457483309,0.007772792101270291,0.016655216834992215,0.001595509277393911,0.002539973360332617,-0.0034882742273662777,-0.004761707624935366,0.003163308292355134
2018-10-15,-0.021617789531879508,-0.018142966689088685,0.0005974161927961581,0.0024622026058232142,-0.005719927451336868,0.00629240697430663,-0.006905082921982308,-0.007072587105793949,-0.015585345726879656,-0.006777212886109718,0.013443257922679381,-0.0019022797856561903,6.40184376425813e-05,0.0016519177784177822,-0.0014320122214210565,-0.0004368910895168434,0.006660060080441499,-0.002371542612402986
2018-10-16,0.021797864263628255,0.03110955358443748,0.019297482496207084,0.04625275435426723,0.021214044530180172,0.02966435585037871,0.004690787516713353,0.004862453598627874,0.03296108667277055,0.012527779180161968,0.010922288051763691,0.01337976598816308,0.02121877119360727,0.009679481902791316,0.03368874459733175,0.0022697521739921296,-0.0017256259674698364,0.0003956478791623544
2018-10-17,-0.0043307687125088345,-0.0026160314416272187,0.02101374330657724,-0.019523838704135345,0.01107816319384907,0.029247829045904453,0.0036877730792677964,-0.0018739358126976635,0.006446352652582456,-0.04441654167118425,0.010437867222482454,-0.016629044824195315,-0.009508588375029341,-0.002747655991639755,0.004022632703162405,-0.005947192620341275,-8.63595147131483e-05,0.005129228051868992
2018-10-18,-0.023651064678643002,-0.020163996890737716,0.0002867794685482317,-0.0018348285465091196,-0.015969502372012778,-0.014694790381096931,0.004285283570423037,0.0015334813021656997,-0.03387463194345007,-0.02587600950962778,-0.011089851103399702,-0.03998512013805798,-0.018261265978550816,0.004380976078542433,-0.028633374353083343,-0.0003509387648322088,0.0011220923882451204,0.00431966114646394
2018-10-19,0.015115258030038893,0.0014735681427952671,-0.0032310205815836426,-0.005675533454791231,-0.0016666670531628302,0.008895635213153057,0.0014650228467968506,0.005687380043608435,-0.003785279291631591,-0.003275142398981026,0.08432831919103446,-0.027018585082359846,-0.011145064495939157,0.010955678660312893,-0.0056316296037542835,-0.0021961619928089035,0.0007760962748884511,-0.001961169488240936
2018-10-22,0.006091481695899981,0.008887318563710384,-0.0026644598633040013,-0.011791829366786483,-0.014467980000919364,-0.023899835627473397,-0.010054032703533583,-0.007903164143871535,0.014223517672972643,-0.006134988567573361,-0.00805064727714486,-0.02007528097200947,-0.005619460684757869,-0.004622682449096955,0.0047275287993557204,-0.0013200160314823426,-0.002589333399069345,0.003527340518712547
2018-10-23,0.00938253984743771,-0.014054335041190484,0.0018010883441228285,0.010131952721960965,-0.010491093811464602,-0.013813378490666665,-0.01627466195811499,-0.0330458064414013,-0.011579668457068242,-0.0012315272487191124,0.0064456945074599275,-0.0786063999014582,-0.013258332136394506,-0.011826873266862954,-0.0025228851887398045,0.0031651160582053164,0.005859560065639023,-0.0015661710304715373
2018-10-24,-0.034903730374945076,-0.05495156737524009,-0.010564497677614072,-0.03277472061908246,-0.018797906544297683,-0.04386545105631332,-0.028199506062025485,-0.028533754589835474,-0.06090028597441862,-0.008776427642324884,0.02604608792957039,-0.05742542465552942,-0.03555149017786883,0.0287112116604126,-0.0556013118661115,0.007520805016416895,0.002317100371606557,0.005081113138654752
2018-10-25,0.021661496780463724,0.056799996736191474,0.007247984183107897,0.03043111720292775,0.015085561125233992,0.022827617575978645,0.008850182821927831,0.012354185713098091,0.06848719544301639,0.011796564166051883,-0.005155228273354827,0.028865451037118694,0.014616748177655852,-0.013761685073175406,0.03306809936546102,-0.004190681878899018,-0.002231186028154049,0.0027253277521777633
2018-10-26,-0.01605170901037737,-0.012450221213063405,-0.010891771919163226,-0.023200765004315557,-0.013827760176168286,-0.007739795186342456,-0.010010350531483412,-0.00044820941094294935,-0.08142353267721957,-0.03894599800101353,-0.012891731185018898,-0.0050286216598064955,-0.009812016578209041,-0.01929582733344466,-0.037666439714590084,0.006018597260023904,0.0031736527902860652,-0.0027253277521778157
2018-10-29,-0.01894862312905343,-0.029507382471685155,0.0042255636232951845,-0.006450381797887519,0.013732390380647889,0.009980169519310658,-0.006210396464151955,-0.023588138912423978,-0.06535331114282832,0.005616203280805688,0.004315736398694482,-0.009343822074132339,-0.0031965579481253886,0.01686794013506377,-0.02282155678849377,-0.0022636262498057784,-0.00394714773667605,0.0027253277521777633
2018-10-30,0.004981915647743692,-0.0011561808780724883,0.022997779649506046,0.006837633477838173,0.01749040095872823,0.02208633475939143,0.02220459577640146,0.017472461968463606,-0.005512671569817529,0.017399706365371657,0.010708550732159951,0.030074855687358026,0.013379539070779028,0.00444663337895414,0.02865167721537811,-0.004980568642556087,-0.004394475212052642,0.004267707740254855
2018-10-31,0.025732630513292037,0.029260185657801308,-0.005414275532924618,0.01181623740045681,0.02151019332902524,0.02739404403622147,0.011359455733833408,0.007191042223944993,0.04321689760943726,-0.0020447581816589264,-0.005734540930126172,0.03233383272551776,0.012926721109987256,-0.00606850583694263,0.03738564977327976,-0.005093538718847357,-0.005628938872200537,-0.00038722168984802656
2018-11-01,0.015235626165507193,-0.008367462913091817,0.005911487603880417,-0.001608333041613689,-0.00036697248095922814,0.0070743541269222355,0.012348145672460025,-0.004308417040452721,0.041384285951417764,0.02570720225372935,0.010209321861485689,0.027479169866103915,-0.002558165048825759,-0.011837908307239985,-0.0002635566990172324,0.0009213662193460972,0.012770904436264245,-0.006605813802584696
2018-11-02,-0.06863293267393172,0.002263297835657483,-0.000994671484742085,0.00030654864794789523,-0.005520809017017845,0.01191272354422338,0.01574254624061169,0.031520980565462535,0.0,-0.002941260201760475,0.0024526210736328276,0.008702997165053412,0.00710519320683376,-0.013702889977027156,-0.009268520504712467,-0.012510699531539589,0.00017146776448063677,0.0023364496599586155
2018-11-05,-0.028799017690861514,0.012636476473043407,0.010746709763078151,0.0,0.0065296594719624615,-0.004232025687921167,-0.003789967248624641,0.0360376224674087,-0.02291398118739439,0.012482212213196986,0.01535856939725264,0.004916742656350232,0.011617707379218276,0.015109772206903203,-0.011169564005831432,0.003920874742664702,-0.0024032283474534834,-0.0003890293772230902
2018-11-06,0.010755975021806403,0.0019514014464839782,0.002598589796877492,0.009646438352167686,0.004664144903379725,-0.002276110585794526,0.004277950666539552,-0.00033636058218256123,0.009178780339185129,-0.0009884679550342624,0.0033933588471235366,0.02283668491986943,0.008591873711715825,0.004383792856343624,0.008438868646012784,-0.0006227481184044068,-0.002839810866782187,-0.0023373598476449644
2018-11-07,0.029877500316704737,0.03860639670354671,0.01517500928726699,0.041219578067337274,0.017007828100607403,0.013406660280017128,0.012604699665797553,0.01643278417508711,0.06633982997733945,0.02827617699130613,-0.002407003350554256,0.043647967539056864,0.011719538120058532,0.012058117115162683,0.010548411073116491,0.0013339857022241879,-8.61808937492446e-05,-0.0019519818791058872
2018-11-08,-0.0034830772148588558,-0.0018774311537891185,0.0037924541228215366,0.007328432159491914,0.00804078307035242,0.0015985141547699099,-0.016025594876655905,-0.012571451415621437,-0.0003304466757507325,0.004104155216054199,0.0007664933316302805,-0.027845245312860038,0.0023275155976676455,0.002417267364871305,-0.024450115762881013,-8.887703928567603e-05,-0.002156939708595463,0.005844551995950775
2018-11-09,-0.019469813002371356,-0.01970061907608125,0.00027525461224549216,-0.00036153290325308736,-0.009746578699659914,-0.039626580095017516,-0.00024479804353340736,0.0012559134233553562,-0.024504159145186152,-0.01074905400251968,0.011427451991559272,-0.03469182583178663,-0.0015288998224355155,0.01483537421818949,-0.019875667090619168,0.007438270371359896,-0.011291703402663111,0.0019406177236173008
2018-11-12,-0.05168720144777216,-0.024950471880216044,0.0019246637780254616,-0.015193486300176617,-0.02125034559462626,-0.07748217398314874,-0.012943553450048963,-0.017898324988833945,-0.04513975124814957,-0.03590774910306425,0.003133274671722313,-0.015164436519385802,-0.014676088511251554,0.010871815293655768,-0.02380483073686845,0.0065072336538406685,-0.007188599379220152,0.008878653190925876
2018-11-13,-0.01004149224213768,0.0006547869831837012,-0.006476081882925849,-0.011669260924625844,0.0058570680856089635,-0.004865005946768486,-0.02319054696790478,-0.017530740270189173,-0.0034761144175748313,-0.0023993538833419516,0.008272056623561938,0.007650658930482359,-0.0030424958398446826,0.0009519810326463459,0.004300172288642194,-0.0006137390047284379,0.00035186488751496,-0.003464873534518302
2018-11-14,-0.02865404597041357,-0.014220703931519718,-0.0029765016953987515,-0.015950018019322824,-0.020837928982219717,-0.012563349226518023,-0.007851253407151423,0.003202495487255168,-0.019912860999712637,0.005015335115838162,0.00021394950770240324,-0.006850978759611381,-0.0010162258249288988,-0.010352292296392031,0.014386727642157784,0.0006137390047285292,0.008233382763425973,-0.003476920632280905
2018-11-15,0.02437919846413251,0.02176764392567553,0.0017316021644463557,-7.548594048533001e-05,0.025208326541797842,0.006154168550607181,0.010284188853111888,0.02010418881136558,0.012695722730230063,-0.014219575648521545,0.003630155599237982,0.0339495121560677,0.007159290338871195,0.013258621190888092,-0.0025688214907127814,-0.0004383465635710117,0.0011333421726605153,0.002319289790033185
2018-11-16,0.011014814954362235,0.00937057466685628,0.010258618659347282,0.023021257325861303,-0.0007270744669500963,-0.00798309073830967,0.009799632989967381,0.01788107469549099,-0.016204036638711176,-0.0019188447673052493,-0.00010658140177424635,0.004163781171757181,0.0052645909935949125,0.006730286550726964,-0.03049145809397662,0.0057707600905540545,0.007378825961753191,-0.007362947429754037
2018-11-19,-0.0404388370832703,-0.034478075697921884,0.01184815712173946,-0.018840381539657516,0.007608043219476267,-0.019484055445364096,0.0032873970681091317,0.0030191233932608435,-0.05225131552439875,-0.019566523660374154,-0.00566513192781299,-0.031103546607564,-0.0072968366457183565,0.00894045690105746,-0.05889262441787286,0.0027860021511467298,0.00043235765298020785,-0.0007782101525493203
2018-11-20,-0.04895697029108433,-0.028209111304581452,-0.008702210059546652,-0.017249977537691235,-0.021708258515489798,-0.03532557472822269,-0.02881305664814106,-0.028194802414399086,-0.011191206485302925,-0.02650166772683175,-0.012837977711446262,-0.029891450037216164,-0.023464303733007716,-0.01796156719463781,0.0066671964527746045,0.0003477051487086856,0.0,0.0050475742951752575
2018-11-21,-0.001130710206685672,0.013670752891908899,-0.030927440687951703,-0.0036395021494764063,-0.007496911413315875,0.006563549114151864,0.007636094829575508,0.012582012174773328,0.014122849841884555,0.0014777599856606153,-0.007520061595382517,0.013000914409311795,0.0003470414749844085,-0.014593863744169601,0.01788635148689934,-0.0003477051487086505,0.0016412563611679207,0.0
2018-11-23,-0.025726918087324982,-0.0003880104805742351,0.0016888329958269315,0.004098287904959929,-0.009239880942322748,-0.018339523699959295,-0.02705163322367814,-0.03435039459202434,-0.00971920238288015,-0.0026615423079253304,0.0014211535601589107,-0.012592066944923982,-0.0058463418185620225,0.006506203821267728,-0.02318618218421525,0.0010427529617083667,-0.0007771014508409749,0.0019346107777904764
2018-11-26,0.01343308083794031,0.03245488627764048,0.00028119508093179055,0.017204562450144702,0.0241779180506022,0.027333226747108058,0.019545450704574426,0.012074693908328955,0.05142876581751572,0.005728305739771062,0.004360155152572151,0.020071894314107476,-0.0002792516078919923,-0.0016931937665825944,0.03469073385113323,-0.002260673948249518,-0.0011235470694917757,0.0019308752891056176
2018-11-27,-0.0021785251978316124,0.006273135126004835,0.013001342700144289,0.018574541576659612,0.00420130310208228,-0.0035567964508020603,0.0009089139109612077,0.0019983498544586965,5.691249705114373e-05,0.019823410331481692,0.008448008653128667,-0.0016038495816547034,-0.002306806098044254,0.005464340555430704,-0.010170328653758356,0.0011309758048262143,-0.0059846659389547795,0.0026969771688616093
2018-11-28,0.03773182541172582,0.03647430799307976,0.02223387867314442,0.035504544271257606,0.011057848557090282,0.023980740999568227,0.018006917412592766,0.025113811829683298,0.059130432459868563,0.029802023569527807,0.003122815222741061,0.04833144856541749,0.0098193622990285,0.00028085943069776765,0.012952786332318778,-0.004881034706084209,0.003733777619552662,-0.005014475312788817
2018-11-29,-0.007711763923578075,-0.008404549945530396,-0.004037091938735657,0.005678808517655864,-0.007963842995084,-0.01370579830388629,0.007745578689423136,0.005991831926692312,-0.0024945407586177562,-0.010025856447046073,-0.0020448804412106707,-0.004137936938776755,0.009929746462248945,0.0010104413126846236,0.013941556045480285,0.003924138456175282,0.0031152673169492786,-0.0015479879229689751
2018-11-30,-0.005417040584492803,0.006332570464749675,0.007173386866399384,-0.0010268940900059248,0.010214778083168615,-0.021580958938094003,0.005549963791147063,0.000756970472159127,0.009870046294357107,0.026182741802614474,0.01804351519375675,0.04092334851767652,0.0069062464657936445,0.02558454069952322,0.013820979785986131,0.0037353993830571584,-0.0017295057925731292,0.003865486066896161
2018-12-03,0.03434569837154011,0.010763401068220355,-0.004708138750704392,0.01751000363887419,0.009398986079111663,0.0049173566337233935,0.02140450059823799,0.014440382807211678,0.04748287622756528,0.007844043975631376,-0.01267120185357259,0.023888689690607014,0.015081610040065625,0.004283367341355778,0.003407884022640211,0.0070576425804451575,0.0075016519070300065,0.0003857280624794803
2018-12-04,-0.04498559383199233,-0.03236763224274107,-0.0012318643765869398,-0.027547415338038582,-0.04566337556155128,-0.038947306916700924,-0.022285391613907267,-0.02883643124276048,-0.060446908478863165,-0.036078302339674684,-0.00010716390742713135,-0.071824203330926,-0.04320770825717166,-0.001755059959515162,-0.02265167453763001,0.01660286319230442,0.006080607952851959,-0.0019301299162282767
2018-12-06,-0.011212092072554358,0.006154996235938612,-0.0008220867761954243,-0.006121733197845185,-0.0192078214807578,-0.001194354105148302,-0.013179762444441908,-0.01140908794245023,0.018286583585101646,0.003757904553136051,0.002568769474675332,-0.0073732337600562765,-0.007880705013764975,0.002686184220925101,0.012249756866565568,0.0031354629313001714,0.00017075044863476858,-0.0003864734353569369
2018-12-07,-0.03630829170541032,-0.04084489065232951,-0.0032951220869763213,-0.02809554246312271,-0.018227672732752494,-0.024302933513642325,-0.009613609898825788,-0.0036300817728507676,-0.04210553692951486,-0.018179712155172268,-0.011828094886926627,-0.03827078666263312,-0.020338232702088767,0.0010943314740280534,-0.015954137350884353,0.0018596793180301482,0.008077244951554102,-0.002709504269907348
2018-12-10,0.006566322507036565,0.026083113231375694,-0.0011696310112362868,-0.009893493179093391,-0.018862030005291266,-0.004686201044578568,-0.014269278304430588,-0.004773693047786281,0.007277963480257716,-0.006386459236274249,0.006254063947054659,-0.0012958615244854307,-0.0054941221113744285,-0.001368101561974343,0.03172823165167806,0.004129625353998568,-0.003477969320008115,0.006567533747949271
2018-12-11,-0.005735757674779569,0.009251615623121965,0.008500188278996066,0.0025854815342081557,-0.009815178188211865,-0.011416483696785672,0.0018274381807669758,0.00460050288391352,0.0013458091652411583,0.0030241372277846953,0.009414855035771025,-0.0012163971819694468,-0.008298198731818786,0.002024126077327224,0.001620117989185312,-0.00016822272684851997,-0.0011903751086777443,0.002691791665253399
2018-12-12,0.002783290222014939,0.004502235748779481,0.004087199150676528,0.012717235311636743,0.006455159214241596,-0.0005657708776903924,-0.00864445461632103,0.0012981956912109112,0.01227795923236786,0.011546805735416738,0.0012770034727155866,0.01713569140031689,0.010759827544876633,-0.009168583815340145,0.016889228308606122,-0.004468245009741178,0.002124676786188818,-0.003847638453391432
2018-12-13,0.01088086018163665,0.0033862659913549537,0.005017980285265112,0.005563860407686251,0.000989413358647476,-0.004424033079042217,0.012549184294797596,0.0027638642568115794,-0.0031066396240847258,-0.001953574512643805,0.025825495742733462,0.004218575922035361,0.003825200435191823,0.004896711388216092,0.0035231980071460623,-0.002368667041047448,-0.002209757825930362,0.0
2018-12-14,-0.0325207744941091,-0.03174575103072745,-0.10578147967130665,-0.02654809004377555,-0.008241941297996422,-0.018068116059812005,-0.01835394993392859,-0.01836670857491057,-0.04090666908917833,-0.009128789995037594,0.0015533581548308314,0.006886479900297883,-0.017293172361278825,-0.005282865026260512,-0.006572826098857519,0.0034665010403347133,-0.00400699628168793,0.0038476384533914732
2018-12-17,-0.009349834368376194,-0.03006161655044341,-0.029452041023695766,-0.02657442888518203,-0.012845133965279282,-0.027937728745406246,-0.020586210216612548,-0.012197428932045607,-0.04562571323202875,-0.025393711515235784,-0.040869422520811154,-0.01830969793827782,-0.015213350058242238,-0.031328741087171735,-0.027231234080542607,0.005806875143056079,0.00689569837540328,-0.0026917916652534376
2018-12-18,0.012908878995607736,0.010441939602182045,0.009862924767465928,-0.019959961329428247,-0.004758298019133746,0.020559765164387175,-0.027939368688469076,-0.024394746773941996,0.01990047414351055,0.01224831146168434,-0.0030227811000412,-0.001608105194662507,0.0059356161800643665,0.0019906163279635276,0.024450751266087964,0.005955979671140948,0.0023726813944387483,-0.0003851338393601476
2018-12-19,-0.03168848455511841,-0.002696717419812536,-0.021781274220045155,-0.01057075492449931,-0.012766348128564017,-0.01320635481341257,-0.017089644100534332,-0.01755801873682701,-0.03702959695568995,-0.01469220741189421,-0.007924057744116308,-0.01573430675868073,-0.014305116538033399,-0.00844464678497908,-0.07529738332112558,0.013124201999851705,-0.00611259225592707,0.0003851338393601378
2018-12-20,-0.025558485517418662,-0.021248362773601447,0.00515867956619856,-0.031945892614064685,-0.008671469635400554,-0.00497542932446799,-0.030846717995314642,-0.02678605707024643,-0.023174949776719713,-0.02049993409641528,-0.008536770680285494,-0.006396610296658006,-0.019627046133476017,0.0022322076643959267,0.0012001201561495302,-0.00363757014817853,0.015295857432880861,-0.007731001008397913
2018-12-21,-0.0396722593242286,-0.032845648109021124,-0.0014042754682815678,-0.01705603142043877,-0.023923079829398352,-0.050915216052229435,-0.007458901125848389,-0.007361761818838602,-0.058770803594411586,-0.022672237768877408,-0.00010992030801961982,-0.012250794719762753,-0.009457607690974685,-0.004584272540346161,-0.06543847620057776,-0.00016565890913150524,-0.0043704893908002975,0.006575154220259866
2018-12-24,-0.026214701847066917,-0.04263486212777467,-0.04185044627118146,-0.022917315988079664,-0.021792500015133758,-0.02338918251190498,-0.039068053050968554,-0.0313865919669318,-0.024613483992202343,-0.014688607571316195,-0.04049226983742033,-0.026328413012300298,-0.0362646416467289,-0.03524722684090433,-0.007148337735754336,0.004957868360909754,0.010890616142296557,-0.00440444246229994
2018-12-26,0.06805256711400845,0.06607775872263687,0.03101831523845137,0.04371982660493009,0.040622278464511524,0.04122357681127226,0.04667265243517967,0.06144556583234,0.09025397858985881,0.06214854208006692,0.030771658667087427,0.06464539870939326,0.037268463977208025,0.01335638317457134,0.07841686258940159,-0.010773287259451701,-0.003004007599480998,0.005075162172045338
2018-12-27,-0.006510938361585861,0.006146544582220651,0.005509222182700923,0.010708840996497233,0.011191826663862606,0.015106579539063025,0.004361105909371288,0.017812293189138476,-0.006315365367230704,0.012049761862474643,0.02119677406431275,0.015193387755551428,0.015317753737146361,0.01062783726258059,0.0025307047374546546,0.00016662501124693123,0.0075761091673336774,-0.004292689517239941
2018-12-28,0.0005121966953918066,-0.007838508160395039,-0.0010994189889945666,0.0010970928146450771,-0.0021664010126231175,-0.014493007302582522,-0.011231975713316416,-0.006147654356874224,0.01114426125825589,-0.0005873025359955501,-0.009170369942528222,-0.008403410795718496,-0.006175447521228622,0.0032475092324903906,-0.009861128765701136,0.008378662811481592,0.004055793334321799,-0.0027413371390669554
2018-12-31,0.009618827546164735,0.011685615247580612,0.01388911216020307,0.011628037994959872,0.008125526836624576,0.02435893585097299,0.0002933411562552448,0.0012877117302666197,0.016074225539445666,0.009355699160802951,0.008083058755709121,0.011556247016911103,0.01034701866661591,0.0063484948032816995,-0.01596764789668007,0.0037928805365142195,0.0015682393540513383,-0.001962709166773122
2019-01-02,0.0011404677148124842,-0.004440285552605524,-0.010124697080546669,-0.022858834168026566,0.017163880456116696,0.02937571140631288,0.02175890891765197,0.017314082964808974,0.024439741951032528,0.003427943977799148,-0.006986927987186795,-0.005444874371105491,-0.0021973867533713596,-0.02322234429291434,0.034415061833724565,0.0052532337832262455,0.0006595762461891196,0.00743788905556405
2019-01-03,-0.10492438427639399,-0.03748171975048299,-0.016018017154333455,-0.027648844547812048,-0.014197581549372165,-0.014756958078693714,-0.015472798019795996,-0.019338375153951082,-0.02556556436988694,-0.022287005397613437,-0.0070360888332565005,-0.03929667742489925,-0.01344044669372846,-0.0024761243647447987,-0.029468888830894237,0.011315192563904305,0.009025332022042436,-0.005475179888790983
2019-01-04,0.041803297820755536,0.045460092532006516,0.016644044250256892,0.01162730584195823,0.03620213332104983,0.03215972527088973,0.03620628710615433,0.020512137195626935,0.04885110331790237,0.02928064717384586,0.020204913845703817,0.053204888889597894,0.03438322750675307,0.0182493220421123,0.046061017450805736,-0.01164271242259752,-0.008119124438504242,-0.0015698590379774403
2019-01-07,-0.002228300323422055,0.0012745724557103098,-0.006435432663639158,0.0019178659202410526,0.0006949615565879842,0.005525977544568556,0.005186806330213302,0.012910346074621246,0.033776495455764846,0.01950669277917599,-0.0040084556132825855,0.0006240736606378156,0.005555775614941792,-0.001450074210252617,0.0007246377124753344,-0.0029525158821032084,0.003452531173028446,-0.004329863090638393
2019-01-08,0.018883646703063837,0.007224477384961129,0.022960887284264167,0.013281946291836183,-0.0018874490273836483,-0.003699597264154003,0.0072443894415362715,-0.004374421116174286,0.016475880060265173,0.00478968599438119,0.0036840436081046514,0.011938126278356788,-0.002070547216193904,0.007287060179392044,0.03193656549141574,-0.0026317968969696614,-0.002711698937639478,0.0031508493979095983
2019-01-09,0.016839179714836287,0.014198335780035046,-0.007957089377591861,0.0014375785442666726,-0.0016917951995946013,0.006252862573725816,0.005260984029787511,0.013331160814409562,0.0017129075358218262,0.010290343026475954,-0.016466213596024223,0.003845566960015351,0.004652716934866033,-0.0043311360391680865,0.011856743728371382,-0.0015659128757756456,0.00639765961656284,-0.009482489068054132
2019-01-10,0.0031910417495651156,-0.006446358975817597,0.006031567929867455,0.005035731506963482,-9.960655345684105e-05,-0.0026668952169107466,-0.005122181892774544,0.0015878620142604778,-0.0019302463437286318,-0.003734779558104795,0.0024159906316167396,0.020439111398154016,0.014846508116950445,0.014935081445996926,-0.00020802274480680736,-0.006454304574083653,-0.005904076190944848,0.0059370845252268295
2019-01-11,-0.009866459208064223,-0.0077519768042174616,0.00030833269332119714,0.011369757434048434,-0.004792819958363545,0.005270179086688835,-0.00459067370859304,-0.008053497220748052,-0.00950025041542468,0.0019527442259104247,0.006559551234095771,-0.006489119579413147,-0.002835231443636358,0.0018228429986165925,-0.002777779563795397,0.003894118181382543,0.0017256259674696358,0.0007889546774684829
2019-01-14,-0.015151303767920907,-0.00732246376478704,-0.011394147221325649,0.0015734374777869105,0.01025650016660379,0.010066161195780828,-0.0012556681095085593,-0.0073129729282790405,-0.014335204672932615,-0.0033498998444935852,-0.006778945705179076,-0.0022735894598620615,0.0018183806882073107,-0.025827226769367048,0.010996341656347592,-0.0037281017459478327,0.0023781224049674193,0.0
2019-01-15,0.02026003900563125,0.028592694461975193,0.008383840444162698,0.03489946795380249,0.007304345969216494,0.006636390527974521,0.0005582693802923889,0.003573985219342711,0.03484800190926118,-0.013172899331715657,0.009390765669044175,-0.0084575154594221,0.0011620307791108716,0.02017701055673119,0.024190892215848667,-0.003658743479031645,-0.0017215235632558569,0.0035426134292920056
2019-01-16,0.01214261210195382,0.0035172810631017236,-0.01025650016687706,0.017711187792882783,0.008032171697571306,0.09115301182692667,-0.0004186728149083751,-0.006442398803904979,0.005490821753940985,0.00322480548754659,-0.006980069784248038,0.007394735431046467,0.0018129741361844313,-0.00022896393835259565,-0.009511353703075579,0.000999167443274069,0.0031947600385903115,0.0011780877049276997
2019-01-17,0.005920223209890846,0.006997664488130182,0.008167120416340656,-0.006484684005703692,0.004089188834513556,0.010147246115847634,0.006816469324407028,0.005014337154186658,0.0055907755929214785,-0.012332855017515607,-0.00014009955780342688,0.02163871055762162,0.013386310002335975,0.004626332607144115,0.005137923687669181,0.0002496359490323708,-0.001309436311168182,0.0
2019-01-18,0.006140482387289804,0.014871901093085184,0.01231827109030008,0.02181821655417944,0.016095957352283256,0.017180414112492753,0.011852398948156777,0.021297142146430043,0.001758413396894506,0.026577950367013995,0.008568656183221912,0.021471413096177904,0.013985249059934946,0.003413166745724299,0.01166467606955643,-0.005255486549245763,-0.008966456650755078,0.00313479880643949
2019-01-22,-0.022701864924741674,-0.01902677014844955,-0.014567292938921226,0.0007153749430814069,-0.01590165054147099,-0.024287836223633893,-0.015185272469006328,-0.017908819689098587,-0.03848003716185113,-0.013849782623895072,-0.010777625493853395,-0.0324384936241911,-0.014414280170974226,0.007299095975642786,-0.016599285737792294,0.006751994976126828,0.003546834254006256,0.0
2019-01-23,0.004036201041461021,0.009699214414114117,0.0,0.004993346336560681,-0.0025289382207534924,-0.003953576035183093,-0.008240845575040104,-0.008492430247319141,0.004798019100086905,-0.0012429380130602984,0.04750461378851615,-0.0031810978882380447,0.006558335453839136,0.011212136743941977,-0.022408173695459357,-0.0004154721896987223,-0.0014007335541199382,-0.002350177344594181
2019-01-24,-0.007957774692872625,-0.004790765820561104,-0.013837534634448116,-0.0033386507610097967,0.0005841690354227406,0.004560433543702341,0.0014015419254035568,0.018853381910324075,0.009050274978316153,0.002258739454633547,-0.0057100715579546145,0.006879634014212687,0.003121455429680753,0.005004737131792195,0.010547093945138256,0.00654436333120087,-0.00156785112778655,0.0058651194491963566
2019-01-25,0.03259967862946867,0.009092249917613222,0.009402247435633367,0.007188619072702639,0.006306720560154852,0.014754119196881249,0.004471779390203699,-0.00255811015911827,0.00940617369639745,0.017389797718430827,-0.007450806156786074,0.030641515886065132,0.0037470438688962686,-0.03430713340422671,0.021571858061822727,-0.004800538932384773,0.014511424969506331,-0.008220833141294235
2019-01-28,-0.009297653426264542,-0.01969439390756745,0.005909355506101581,-0.004786666332446795,0.004728141195094835,-0.005094152753081575,-0.006715190313682639,-0.00931725095114196,-0.019756057449691975,-0.003164647451314204,-0.0008550663194750398,-0.09569751185850518,-0.008717585950065016,-0.009980756114207392,-0.01038865252432576,-0.0009960986967609009,0.0034938081446800775,0.0007858546541205892
2019-01-29,-0.010418770689038983,-0.02057567059305043,0.010334813565230333,0.002134392602444812,0.0027877932022890234,0.0038978611141243886,0.0037828416375908676,-0.0030357166172372586,-0.027237532883209428,-0.0007788162391266474,0.00021383513450034218,0.01721844053521871,0.008929263495249714,0.0022587100192542203,-0.022492890944539327,0.005053235290901711,0.005580958393311949,0.00039269586282044897
2019-01-30,0.06610101199352265,0.03287129508984495,0.010001228533164354,0.011270134724912196,0.0023012763061772226,0.009826869490376628,0.01084850695240773,0.010496449331729135,0.04690978308951213,0.01376206537879225,0.010422300020981792,0.027900812313896,0.010806364370377514,0.0042141785566179365,0.042299507079696826,-0.0007439553974664824,0.005710394734721348,-0.005117114098376402
2019-01-31,0.007175405380551564,-0.018500598822657133,0.010879527074555884,-0.0006289657422279228,-0.008753843597531816,-0.022323581767647642,0.013601913353637455,0.014407698932106658,0.02850456768638219,0.007382932553749775,0.02042062686350622,0.023171166191416993,0.002439790691594196,0.03057787087568561,0.1027044185573416,0.008563247057703739,0.0004810776231332802,0.0019712208225201836
2019-02-01,0.00048053821266057695,-0.015926208927483722,0.008380773387470224,-0.005492480222289787,0.0036647740890655683,-0.007451561535343479,0.03539243393571728,0.03193130266220907,-0.05532119346458,0.004566466211563933,0.010312559167223161,-0.017041348514669177,0.007491191306122557,-0.006502265062349265,-0.005896527313734209,-0.00604559703674287,-0.002006018726865743,0.0
2019-02-04,0.02800905481621823,0.028392469243151794,-0.009884759232243048,-0.0018996895437516312,0.0035554738850146587,0.005985915504862002,-0.014594925381018259,0.011507413530745922,0.004344178095318837,0.011111225425375421,0.005728915924000729,-0.00022919133732074594,0.022007449153920968,0.0015733876023126703,0.02113763915065535,-0.004474280395452471,-0.004346782985214907,0.0027531974130358323
2019-02-05,0.016964770122720463,0.013899547591554963,0.0,-0.007109212011726467,-0.004422233701825501,0.0014656460304815044,0.010238770383440747,-0.0021737321493075154,0.01549184719407881,-0.00021458076376353993,-0.006036750312357679,0.008521049731752418,0.005124412805325204,0.00039296039951398936,0.01122187975636412,0.004556948935977636,0.00257815160529918,0.0027456381244922523
2019-02-06,0.0003444119199010765,-0.011160725461175856,0.0009026629164359725,0.011907346600698481,-0.00048185805390454255,-0.0070446025308707645,-0.004375214138784264,-0.005034412377506827,-0.011245711970345833,-0.00900008769771016,0.00491401480216512,-0.011122229379236667,0.001411337980684631,-0.00039296039951407783,-0.003922147571414049,0.0004958677787017862,-0.006781876469941302,0.0039093091250772295
2019-02-07,-0.019121041447907338,-0.007193594674937776,-0.007168489478248538,-0.0018570107474090896,-0.013196387894413367,-0.018220114490928432,-0.00773646649203487,-0.005482701094448542,-0.015909978166533743,-0.00352504500172259,-0.007997581845833083,-0.013574171097129122,-0.005049665670219171,0.018083675433815415,-0.024402315121629367,0.006588181616098085,0.002427382047937286,0.0023382707454547703
2019-02-08,0.001169317252330186,0.0037925521901646343,0.0026470047598750163,-0.02674862808810879,-0.010012845015507548,-0.0072776741652264935,0.0016055663074149584,-0.005512926900934843,-0.01633089541722467,0.002550122106060459,0.005850671038413018,-0.0013987103067948003,0.003100150750976219,0.009111930428167964,0.005693581650975286,0.004259159521902785,0.0037910914532596554,0.0011670882451482617
2019-02-11,-0.0057674359480157,-0.003982557890624822,-0.0030257209165286043,-0.018342067857289406,-0.004746844357283977,-0.0017754573858053447,0.001620745897927984,-0.00537245994448432,0.0017488570835315679,-0.008817343360334802,0.00571488441878804,0.0025628096200330276,-0.0008751557325359447,0.0,-0.009245983254933634,-0.003930887052843617,-0.004923136532511953,0.003880486051550658
2019-02-12,0.008580212488316884,0.01546179572361441,0.01623119492817292,0.024432684325339415,0.01690624108080273,0.016381061958635076,0.017391742710585474,0.015021286389127725,0.029119341062697382,0.014113794157221105,0.010023877784038281,0.02859522050560754,0.012582149657915105,0.0014196791713820378,-0.004534058488659777,-0.002546934787549818,0.002101350486324418,-0.0034917591266084365
2019-02-13,-0.004163374237542126,-0.0007487131841400741,0.0021592652001654737,0.001137872301745826,0.004764460370766979,0.001027802135438243,0.011210140474812658,0.00713419451289035,0.0012141514177599628,0.015457746342243207,-0.00020151133503229753,0.003235883472491024,0.007421184337932003,-0.0022943307326364288,-0.005894702736377847,-0.003791317489136066,-0.0039639254265416155,0.005426369904992325
2019-02-14,0.0036365809336609974,0.0008422629291461412,-0.001041821794479346,0.00578309399994349,-0.006520387073128018,-0.01115656424950505,0.0002622606883563469,-0.001841621147718919,-0.010635626590271443,-0.0037222206114518566,-0.007890784494175176,-0.0036128294607663996,-0.006357637308861412,-0.0013134134219357399,-0.0007316627357370338,0.00568159954036536,0.005577349461598222,-0.0011603172810710181
2019-02-15,-0.002227302954869807,0.012272374183280855,0.015294546172232512,0.021624076371905367,0.030102768260073305,0.030537114386175984,0.018704273045460077,0.010020714561942822,-0.009100539499868988,0.024626343150661235,0.00020310754668785363,0.026636497775246577,0.01843127478709597,0.00780039411188345,-0.008883501520676027,0.0015588467691217218,0.005947136390355708,-0.0019368590246719411
2019-02-19,0.0029881375673580365,-0.0004621285717040869,-0.005072234934879496,-0.0026590849216459995,-0.0035116061337744195,0.0008560566526001418,0.006669256476048007,-0.00033520489637150125,0.012134173292475637,-0.0003119151617590467,0.015216699111460638,-0.002941178591301411,-0.0002609262893555365,0.007200702455548979,-0.0012931434422308275,0.002538176332693182,0.015109631391766134,-0.003885008769339732
2019-02-20,0.006414764242151522,-0.005190483430125662,0.00485223713314045,-0.0033338303217301923,0.004837112860132062,-0.00035240516895300054,0.003827511689373291,0.008097210232453892,-0.0033726429645101544,-0.002498829974298844,-0.007126040091343957,0.03267104528122722,0.00844544745567658,0.001455486629941097,0.0016623060623553738,-0.0028661527212978646,-0.001737894425876789,0.000778210157421046
2019-02-21,-0.005654508056459153,0.020872571568664636,-0.006844049233791388,-0.011606556745610484,-0.0020837287323344045,-0.011343042421126341,-0.009082249829847365,-0.009523085919815768,-0.0016411956027471,-0.0001563843929215551,0.0050236215368156135,-0.010244009494042855,-0.0074673247209852385,0.004943588789285488,-0.015623380401357079,-0.008979013330213113,-0.011370535577588561,0.0007776050126692811
2019-02-22,0.011103796902834393,0.014157601024172784,0.008675887079215943,0.002661619910420909,-0.004466202131567318,-0.0018350499595239783,0.0076805293069344945,0.002096173156571968,0.007456201876865055,0.0029671295289795834,0.004699303753258628,-0.0014411300950378666,0.003858609802971425,0.008380310060638317,0.011493308264720751,0.00594012141756799,0.0035921012482106186,-0.00038872692494214245
2019-02-25,0.007258096377386775,0.005571545685194999,0.00365363943134762,-0.009441306895920765,0.010421695462732538,0.013429823030394228,0.0010196279248857116,0.0019246062593098873,0.0008822016402783889,-0.012605758366476295,-0.006806151787015594,0.019494351503122242,0.005597879618857138,-0.0013297520638935266,0.016722695290963166,-0.0029656500849615988,-0.0010363934439048784,-0.0007779074650585284
2019-02-26,0.0005737893208715223,0.006876562037906397,-0.0006610113709428529,-0.00614126802189223,-0.007663597751113838,0.0012577035991672095,0.0020361422149598723,0.0026715661235827888,0.002079893084778279,-0.008882367799505636,0.002607824949346516,-0.024554725201770506,-0.0009091500072496386,0.001861158178833643,-0.002980990800569361,0.00493787522992019,0.0016736405580296937,-0.003898640418138988
2019-02-27,0.003092785970108574,-0.0016924245783617254,-0.0017648361082379753,-0.05029711698554269,-0.0012354480071197387,0.0,0.010244824948347213,0.0011665695844692851,0.002861948137884076,-0.024895766522373852,-0.009258393597382494,0.011529166471274057,0.004408149235877359,-0.0009035584883398548,-0.0080749200003559,-0.011393782440269081,-0.007112348677468602,0.000780944984493102
2019-02-28,-0.009884569876689075,-0.001248885087096619,0.0056511838043264845,-0.031934462580478114,-0.007636539592536052,-0.007092228309297133,-0.005552064734709768,-0.004172583872084903,-0.0007680772843861047,0.007971626498328634,-0.003646312153126055,-0.016178310396969042,-0.0034340915597763258,0.004859433373626883,-0.008388379539562311,-0.0034102757106532853,-0.0056297398167441896,0.0007803355853004163
2019-03-01,0.010456259808208775,0.004453160191230303,0.012436976192356954,0.01609470211118534,0.0006705302226416358,0.007596896500920434,0.01219910745658118,0.020281312691243933,0.019266440442492722,0.0001620264110622585,-0.0011168080752331916,0.0009461082908912595,0.010652478148122327,-0.0008526967045597172,0.005127741133984186,-0.009263815101111192,-0.017163963074242367,0.0038925701133814663
2019-03-04,0.005016828264066334,-0.0024022432473727296,0.0009392046352055364,-0.042024559006584895,-0.002300835067881013,-0.011264008688572505,0.0038675115259509214,0.0007372517223744871,0.014513749826393956,-0.007371706644437509,0.004358630385773697,0.006380994749651743,-0.007865426403743802,0.0036189501984637126,0.030883692187371175,0.007806965150072873,-0.0026289860689159587,0.001164822498412051
2019-03-05,-0.001821390453041451,-0.005000903439381881,0.0020919755151783395,0.02266302880659555,-0.0007681229376032392,0.00010204602325408883,-0.001495327381614071,0.009535136014371056,-0.0022074021829867657,0.0010331422034959873,0.0022226721616966367,-0.008784404376673412,-0.002267942006001902,0.0004248990914624426,0.022975939072835065,0.002088293788439702,0.0013153569801779494,0.0027126542504738995
2019-03-06,-0.005770620212264126,0.00044752741928265826,0.002303319236172684,-0.00982317992645164,-0.0037530718154264345,-0.006449323680454177,-0.01141292879757691,0.0019447376682669188,-0.013970679840275396,0.0024426664339268064,-0.0016159987351874597,-0.016987576210463564,-0.002663290411461751,-0.003990534439870515,0.007272336207472851,0.0036648383515248744,-0.0009041220358621382,0.0
2019-03-07,-0.011642111782811186,-0.012244683463636502,-0.0061299005631599264,-0.009962879557714232,-0.0072572770023993744,-0.010167567140859294,0.011038747315579179,-0.012954921069650571,-0.02610242582691335,-0.010573458000740782,-0.0038484957370497077,-0.015170488603274756,-0.00822942401512714,0.0019174439975472037,-0.019787555819587677,0.006463932343123132,-0.000822639072387688,0.008861549028892909
2019-03-08,0.002373991443720702,0.0010864645705351496,-0.0013029317803356433,0.006275157991872969,0.0003883872276215638,0.012731802609212622,-0.014450210602647643,-0.002627690787343358,-0.0031724058330334474,-0.007038023223343669,-0.0014216086880110416,-0.010978720910509679,-0.005853931933655091,0.004088899304535622,0.002775073371834066,0.004203938104374278,0.010886131652101276,-0.0030733792930608566
2019-03-11,0.03405576259933858,0.02077624654975285,0.003615071538767914,0.024395515046028823,0.012924562627269187,0.003732015272232869,0.009698419743067937,0.016310914538851123,0.030274960502404014,0.006654409025053366,0.011818916303486022,0.013310337927466644,0.010499473052285015,0.004230572149143298,0.01445864740738263,-0.002965650085550651,-0.004896370154411297,-0.002311249102476529
2019-03-12,0.011172679518693584,0.0069772859785909086,0.0044646146019162985,0.011165075189263634,-0.002975192942987605,0.003362203880787746,0.002753788197240438,0.0022624444043435076,0.001483378066794701,0.008514405765104436,0.004708719816371526,-0.004744163422039172,0.002021586003061158,0.007308321389408405,-0.0008721184312169834,0.006988148633947787,0.006035415107113288,-0.001930129916818833
2019-03-13,0.00441233962748278,0.007715275865121487,0.001651172348821968,0.025577047194727552,0.0033584448394866134,0.0031481695539875092,0.008835848661889367,0.006195457721989048,0.010529510971593539,-0.008185584586551676,0.011231047833314547,0.00766978720283266,0.009982581114889645,0.00041900173562317485,0.008398786663947222,-0.0018860967498136455,0.0069686693160934355,-0.004647568395837126
2019-03-14,0.011055278969557306,0.000785717443905479,-0.010020629573047177,0.004035454123620068,0.009059328635471332,0.0011147143435283641,-0.0033509184318059413,-0.000561640003350725,-0.0027183666277703707,0.00259131778412944,0.0013827162698551848,0.0014222091552003567,0.0013535726716639696,5.2362873939637764e-05,-0.018630101614906927,-0.007249393310488964,-0.011614343753995926,0.003100777679300517
2019-03-15,0.0129243383452052,0.011453487462476375,-0.003047676692731934,-0.007410817200904822,0.011421144488925738,0.003992626535772057,-0.003611685848608657,0.005682060822953038,0.015383198562259292,0.003408094767107571,0.010993436198035453,-0.007658845066554943,0.000643915025345244,0.0013604732375877477,-0.024930638213018073,0.006592524907035882,0.004564357096934875,-0.0015491869896477122
2019-03-18,0.010156713174921433,0.014219872978996378,-0.0031298930092766276,0.014218249001960878,0.0059886021590062856,0.021012426818589534,0.011536442528341517,0.00453840501956967,0.01724744665760252,0.00650897963312996,-0.009119945534854939,0.010720948358990283,0.010119210211212757,-0.00193661571657072,-0.033760289958942556,-0.0005751140117696055,0.0005690825729779445,-0.0011634672608262819
2019-03-19,-0.007956256094096812,0.0006802142937872184,0.009215986277096808,0.008318248420473484,-0.003645034176583687,-0.006689982581762848,-0.0025933944768070792,-0.004777839953728592,0.01124441071152807,0.003863424748342485,0.003834624432058061,0.00037278658417003803,0.0019734545034341315,-0.012494561154603153,0.006831476077521047,-0.002221400394851073,0.0027595180241585947,-0.001164822498411979
2019-03-20,0.008700580653789926,-0.0011055833076291626,-0.008341541857657054,-0.02612287305380554,-0.021579485874481042,-0.03439546014775903,0.005549061653508638,-0.004720575234195417,0.0199044535756273,0.010642133769019301,-0.0017679996748111186,-0.008534263506663694,-0.006060044699965111,0.007241620567931246,0.023670106031125994,0.010406091689826397,0.006463102155254211,-0.005844551997705847
2019-03-21,0.0361683258375193,0.022714865745336717,0.005882583505813225,0.006049528916740639,-0.01591238550937098,0.0013371048532757653,0.005762997985879584,0.009339521090865117,0.012160978068277997,0.020582001308367875,0.007541292289898556,0.00786314756470984,0.013725830283323956,0.010686884674533648,0.0038610086577975703,0.0021984294158523005,-0.004034541097634891,0.00623297694017712
2019-03-22,-0.020925816656328318,-0.02672220367465299,-0.008654284769393207,-0.019755806711404693,-0.030698753771585825,-0.02930803709846448,-0.016146280395847666,-0.022254382976463823,-0.03040945472136564,-0.006442776827421365,-0.008131320825469199,-0.03252380818123186,-0.016673416679340396,0.010470757076815398,-0.010532147474870648,0.015415340971751413,0.002342016010943511,0.0019398648167669166
2019-03-25,-0.012164767299261343,0.005197915499665436,-0.0021936247464302287,-0.000931268414497242,-0.008354772036225637,-0.0023842965701217763,-0.0069825720108289465,-0.0016261488264407377,0.005363064312142147,0.004915053627996153,0.0029466674900244035,0.012330234715648952,0.0006415191391483659,-0.0016514428065501532,0.011795799596787906,0.0016005125051552994,0.00763393156482239,0.0
2019-03-26,-0.01038541542096539,0.0021225121522506834,0.014245462211333673,-0.014156279240598897,0.009957336482127075,0.011498016967861477,0.01292907119927362,0.010039757231750787,0.005340061368602849,-0.0017941010567551232,0.010342564629301448,0.0034951786968385333,0.009891277478419069,0.007153732164211406,0.008324149032867946,-0.0007199136410357662,-0.004975533898212435,0.0030959777061843135
2019-03-27,0.008953851857582873,-0.009715433500531038,0.0009377142103478146,-0.006926434618023336,-0.003408524602521563,-0.003467118413563642,-0.007687576608662395,-0.010853824355099831,-0.010176283633362627,-0.0004754483830030341,-0.0011655012970820803,-0.004866189651447458,-0.002352269115581522,-0.005553855684078983,-0.010853052114582396,0.009160126179076416,-0.005243004549240113,0.0011585249388590018
2019-03-28,0.0013255920699558768,0.0013692770638227447,0.001296923591174291,0.002149027565929952,0.011283758445349063,0.006033438202759159,0.004966486493688777,0.001871364606884872,0.004362673345073022,0.0042709194658363345,0.00629694500112631,0.008878155215684266,0.009060730449325973,-0.010367084349904666,-0.0019310850248653074,0.0034826693425834268,-0.014253957480199423,0.003467543449219807
2019-03-29,0.0064964445343674996,0.008600555420735028,0.006531045570547347,0.020552726555553156,0.0051500559511577755,0.004227894702498031,0.0007428501031984521,0.001299756479047847,0.004124738204637673,0.00958247939850255,0.00481696499831556,0.02329680513321422,0.0023940035369316485,0.007268228446212712,0.006862535962266172,-0.0009486166716901836,0.0009019721000169147,0.0011531809870897682
2019-04-01,0.006768304123409766,0.009115525644325797,-0.005811258596936522,-0.006980547826135087,0.03313073209722178,0.024439772746094487,0.01144416600108914,0.01418692180621051,0.01860446323575277,0.01935394448936762,-0.003948197145974559,0.03452870754435189,0.015918435947159474,-0.01474714722543617,0.011986189596733324,-0.0142725981415118,-0.0039418627045340274,-0.0007686395473118463
2019-04-02,0.014432062776724222,0.0014273122778249543,-0.009180013146533966,-0.004612723761918527,0.004766907683193035,0.0038555242564941162,-0.004291588955151719,-8.004162150488633e-05,-0.00011576083823782072,-0.006821413808423882,0.0010608034162898114,-0.0004278990227213462,-0.002666585561484782,-0.0053162216969560635,0.03208207486613112,0.0018476126880344502,0.003695950985601382,0.001152737877361044
2019-04-03,0.006831574966439309,0.006522853032401847,-0.003928992249362006,0.005833774831808332,0.0019953448591980096,0.01686956362426697,-0.005915718509813609,-0.008359505315753541,0.0036977162539411175,0.02188828094815855,-0.0005784805398706156,-0.006655955866251915,-0.0046681066936171646,-0.0008975950326626172,-0.0037959440527392868,-0.008705520077465667,-0.0014767415925136288,-0.0015372793171389673
2019-04-04,0.0017389529758782521,-0.0050975750716545825,-0.011732920398396124,0.006285120947287473,0.00954142612431025,0.006797515568353569,0.014114993472373964,0.007318380807520995,-0.001011111319368151,0.009221736277618223,-0.0025106231802897306,0.006227873668400939,0.0048543784646333,-0.004818520879434143,0.01418950458012304,0.002829542290150293,0.002541922569133941,0.0011531809870897682
2019-04-05,0.0066719542628428654,0.004430519264315773,0.00448942796289885,0.005602933012110628,-0.002371130243193079,0.0007414547679282878,0.0053482563360690745,0.012897241108867308,0.010076285837328315,0.0079998439111207,0.002124783492008456,0.0016399875324764163,0.0039037134804870833,0.008877674030447355,-0.0017058058377347849,0.001290843261360795,-0.001065180976620223,0.0011518526877779183
2019-04-08,0.015613512850070912,0.000333583524099498,-0.00029377203479882325,-0.00012059574292513494,0.0032233626700214186,0.0007902796027860814,0.006163533924286366,0.0020545246259351386,0.006823743505267156,0.0073469919490960585,0.012654756165517084,-0.0038546696311081664,0.0022238704490936795,-0.007604599382795868,-0.004505925205546696,-0.00355383622623143,0.004335562437769032,-0.0034595460192396554
2019-04-09,-0.0030030052585093272,-0.0054345687874479106,-0.004195655928100136,0.000160791092415726,-0.007410256215525371,-0.0095248264490234,-0.012975383642908478,-0.009039788781085847,-0.007607818119640089,-0.013104403128119758,-0.0029575941036031313,-0.025130771792254383,-0.007494383347634162,0.005656153574997992,0.015035317702141084,0.003150626672694369,0.005210465260467653,0.00038498556394220046
2019-04-10,0.005598335124189184,0.00760015350828024,7.375991146721706e-05,-0.011155687414845931,0.0044717262085863674,0.011694880565546913,-0.004526278447875974,-0.0003983587673509619,0.00623921093693725,-0.007343974255289446,-9.555205230913601e-05,0.008616965835212877,-0.005485956031249336,-0.005762181249230654,0.0013505910886467002,0.002416822250523916,0.0030809169821753067,-0.0015408323524035955
2019-04-11,-0.0083590345817637,0.001164144485042677,-0.002732746632833286,-0.04408232673218876,0.00841334073657049,-0.0007392622503291059,0.004770359483740169,0.003976464601056398,-0.0017662679999561454,0.010226823312308847,0.0009551099105191814,0.00969616858471893,0.005796756344492054,0.0075001672021609705,-0.0017448573361849846,-0.005891152090301529,-0.012872916886793023,0.003079294197109506
2019-04-12,-0.00040219195234271346,0.00513926860602053,0.005678690727947355,-0.05321332075666828,0.04581375103864674,0.024400363151660425,-0.012648292889135774,-0.0507127986115138,-0.0005478515947427525,0.011694308387388429,0.00295505672352694,0.01663908134763711,0.0097103153437445,0.0042532028728796125,0.008917363709920568,-0.007148109389258509,-0.0009844942956131627,-0.0023085812481160955
2019-04-15,0.001808591299827852,0.0008264463285518269,0.003963307939950195,0.030790664060376807,-0.011485543397917446,-0.038901287654376504,-0.003342207728300698,0.003167989310275977,0.0009815805318039612,0.004942389743151308,0.006357059218676549,-0.0067507806561104946,-0.0028970341094777174,0.0016229945189789295,0.0030662044926035013,0.002523917480122058,-0.0018896608342494996,-0.0003852822246923193
2019-04-16,0.00010038144926960383,-0.0023157730970068398,0.010927478153873205,-0.04096680662721591,0.010495934212641129,0.009608039065280459,0.006796442596235319,0.00853678882238335,0.009800747829655265,-0.0019055535532684906,0.0065048544232269145,0.01261175848988828,0.005294600807099828,-0.00861621385854929,-0.004351228554262775,-0.006280864075547408,-0.00900423249276601,0.002309469848310182
2019-04-17,0.01928585049586562,0.00824610923154848,0.0036161173417404912,-0.018821935268481766,0.028395874155211196,0.029581890530798488,0.002828508310193974,-0.007455302920926972,0.000954971557556117,0.01012124838774633,0.001651520285711209,0.004986490649873471,0.00018419033049324308,0.0006857082840021783,-0.0005032853454568232,0.0004090481507437017,-0.0019103789189722456,-0.0007692308085613889
2019-04-18,0.003587315574403,0.013053950564845165,-0.007245358459577019,0.0223908667972932,-0.007376218901711785,-0.009618014743493872,-0.0036909490716646154,-0.0034148202926847994,-0.0016798563460449518,-0.004318194041401931,0.0018876834303508667,0.010315117946020606,0.03717855513081754,-0.0015303029285336207,-0.002800651581526425,0.0052210919713525285,0.0007479742713151058,0.005372230879822576
2019-04-22,0.003281180250552515,0.003156236181094104,0.002251680631861394,0.02388386041789385,0.0012331543879912988,-0.0063823266025909,0.021582255733944133,0.01687664145723737,0.013667857476024801,-0.004288087654835936,-0.0003772517260152732,-0.006859409551405572,-0.004862150106136547,0.00537210961602859,0.01756967246103335,-0.004812211072586697,0.0,-0.0022988515867616343
2019-04-23,0.014320285492876127,0.013483350336879078,0.014906839965487381,0.015163392197200476,0.0012316355920295218,-0.0022508205425569435,0.005773410312099346,0.000983929236483419,0.019134267655581103,0.00618262563846117,-0.027252248271920156,-0.002461236782295582,0.0209976836790323,-0.003103877074749002,0.012814369533577816,0.0021234898541829163,-0.0020790892765139082,0.00344629864532603
2019-04-24,-0.0015435079286142024,-0.0034338224993193506,-0.005016133770903962,-0.0009979824226015776,-0.0016718733269806378,-0.017792304879336883,-0.019620345997113264,-0.03113027074029046,-0.011512287582910162,0.003246362809113402,0.005124497556945607,-0.03074305596380083,-0.0030311885634037297,0.001421614035295285,-0.006550956935551497,0.008125501762500695,0.0029095161636317575,0.004957112152781578
2019-04-25,-0.009116540687524457,0.03258078543958474,0.003227544490232457,0.0019083147567673946,0.0005282620298199932,0.004279252188849659,0.005610455013613216,-0.0032178874405791257,0.0002628811792215475,-0.0010648081931208927,-0.003961932031832962,-0.011684935404663513,-0.005092048110546914,0.002207390394422755,0.05684799943396671,-0.001457726205918798,0.0008297378504579577,0.001900057572304599
2019-04-26,-0.004785399042694662,0.005713418877481773,0.005284971593121913,0.02655193499642679,0.007541249349213232,0.00830700979427139,-0.021265628364264356,-0.006808536939290135,0.02511500124612626,-0.014094013016874803,0.024673719891522047,0.02107942565703073,0.010680931494067953,0.006436611355182809,-0.00920084463507369,0.0033980615227683494,0.006613233989050674,-0.0011396012650079343
2019-04-29,0.0015162263530930093,-0.0009242856701424875,-0.003925352077213605,0.0018969338598385504,0.014311359225527688,0.01873225505656104,-0.006481388760332424,0.0052806527612316145,-0.006274030238405573,-0.007146936304388945,-0.010254552449743048,-7.192950910056998e-05,0.0017401396506234181,0.00031292375119822526,0.01703512859687142,-0.006401188652537926,-0.004459132079053321,-0.002283106014224233
2019-04-30,-0.019443960379616734,0.006375564093191507,0.009678413152573008,-0.018618237364835758,-0.0006030064356706914,-0.0048445012875274794,0.003868959583798759,0.019682694458492793,-0.006163100531135359,0.007588860153201243,0.016094260107403013,0.0028731523854513647,0.006239548811551243,0.013826894893730892,-0.007110133513637617,0.00510805018713084,0.0030574745959973367,-0.0030522724966237555
2019-05-01,0.04791889268711555,-0.021046892651071698,0.005297557859370324,-0.004817006432471465,-0.007698666976369884,-0.005795705983341835,-0.020258635586963766,-0.01891846056515692,-0.00781652946430386,-0.024349029010103804,-0.014663712917535137,-0.009150908689021508,-0.015613980618043262,-0.006035457181478224,-0.0019149657796757114,0.00410728343460347,-0.006622540760493382,0.0011456942270829384
2019-05-02,-0.006528962597363961,-0.013145137920902779,-0.004731146063279451,0.002153316938658468,0.00216853968781483,0.0012691595962252512,-0.01769730722184155,-0.0122124580297342,-0.005613365070420627,0.011055363842314713,0.005986050464914284,-0.021806805873568418,0.0025706955033265744,-0.008052200704769533,-0.0025936314981784715,-0.004773278753292399,-0.003827915134357031,0.0022874581072514703
2019-05-03,0.012354635644088095,0.02108972367475569,0.0051537408017656924,-0.0021533169386584138,0.006133133724225836,0.012266523107140475,0.002326183524419346,0.007618269244666142,0.03191341628474623,-0.002241204214991095,0.004914014803369773,0.028372249175624233,0.012524807124113016,0.0035925376414304797,0.015154929223259506,0.002834354247993794,0.005902174330677049,-0.003815342283564723
2019-05-06,-0.015563220154479886,-0.0058354571350015,0.000563181992647274,0.036198258347852244,-0.00890970817635234,-0.005266348685418397,-0.004398454698731884,0.009589753976002799,-0.006087404212380637,-0.004647800665457137,-0.0037778662245504385,-0.016677929899595288,-0.00537340596642838,-0.007878781200721783,-0.008167503987727582,0.0027457014746800927,0.0013252714604317737,0.0007642338896254617
2019-05-07,-0.027327027428469968,-0.02073634438583453,-0.015032545717562979,-0.01023935390488899,-0.016469929890187064,-0.018579716005493144,-0.005329879370623403,-0.0010985761866924176,-0.015265500302302063,-0.024646277942851128,-0.009316542336721426,-0.02285348878830928,-0.016119019792509265,-0.006042314456686818,-0.021426598410963713,0.007632091676507943,0.0033055149509481586,0.0007636502866876663
2019-05-08,0.00019716088328550896,-7.967175221759507e-05,-0.0012868174494385812,0.004610234485386542,-0.005313979381088909,-0.008325534982151868,0.0015629073253621698,-0.006531812679028646,-0.0016828310955116436,0.0020515984015230244,0.0035276768238902403,-0.012951013033704925,0.002998150448568958,-0.009903955117723386,-0.001212728523977944,-0.0043310943554691,-0.0024781112962652782,0.00038160656895811157
2019-05-09,-0.010802344774191253,-7.967810031148063e-05,-0.007611698390032708,-0.004946354819884873,-0.0007995380871712946,0.003378213754866393,-0.0009113990596109086,0.030921228396860935,-0.009377589911971709,-0.003027584096078921,-0.007930861884242022,-0.005700186439304076,0.0001760821721013852,0.0038779299060456656,-0.004706637631574566,0.004090969488577329,0.0023956064490587713,-0.0019094907452712779
2019-05-10,-0.01389642850658061,0.01290442638996105,0.0023039825873923856,0.010949624610969846,-8.887703878325545e-05,0.0020808568746751746,0.008560363558956724,0.006579512179899437,-0.00521921577395709,0.0,0.01683749646850016,0.0010665042526665873,0.007251069721450385,0.01656319906166807,-0.0016446063283120235,-0.001361797783282717,0.001895891430513465,-0.0003823360787612985
2019-05-13,-0.05987685399478701,-0.03018434198660204,-0.013393865388883998,-0.004332076587931305,-0.027574282613693473,-0.03566949095017491,-0.011164495029837431,-0.012787370547346761,-0.03625830154918833,-0.022031442902991527,0.0009428626002007636,-0.04707851886042151,-0.02842561013472652,0.016395929631469526,-0.03677282498365232,0.007825015973878397,0.010159857978932974,0.0
2019-05-14,0.015706290069499862,0.011125558162038376,-0.0027735219586648694,-0.013109982295483526,0.007917409515849622,0.006696510647401929,0.001319957953356677,0.009914159195668019,0.00952284142984616,0.006702297578630107,-0.004817920613077788,0.017170180892779618,0.008000520315110886,-0.00015391324464189465,-0.004471810251012307,-0.0029471525572233553,-0.0017133769948522548,0.0022918268240327082
2019-05-15,0.011908038916339304,0.0139327917643064,0.0006575823132163797,-0.0014814503993347253,-0.003814372075694239,0.0006111846987148854,0.0073597388308614545,0.004102064986582244,0.01672242822432405,0.0007303459033253663,0.010362787035685543,-0.0013345372321596925,0.007228804364883721,-0.00020525451564506778,0.030193029197466335,0.006123523050970029,-0.0005717786555612585,0.00038146100093262923
2019-05-16,-0.004409455962650687,0.022828996908240546,0.009450491970375384,0.003002941754053372,0.012748240095681514,0.01385469903975315,-0.00013095004224586692,-0.0012288536349033996,0.019276965640892797,0.0032279925985335845,0.013128068997425026,-0.005435010031236053,0.008290020137505376,0.011480596542074891,0.003857905444025262,-0.003335454171986754,-0.007216103473726649,0.0026661604065775875
2019-05-17,-0.005698021113959687,-0.006692631984238783,0.0028899666089534106,0.01919878280102039,-0.004863121975642333,-0.008624003824235225,-0.005910570829589535,-0.002320571238178515,-0.020426652277428115,0.0010390690874718309,-0.0061236042171217125,-0.030880265780295978,-0.0049304554887527096,0.009442368623109225,-0.009079006197774176,0.0022248717952261655,-0.0071027718494796254,0.002279636245231434
2019-05-20,-0.03176917983666329,-0.014550573281844996,-0.0013716928114114527,0.018918429510191636,0.0052224141743195136,-0.0009628297801942796,-0.000131743626589537,0.0026516422566691725,-0.005380957572778462,-0.008500038140832908,-0.0011174225949613455,-0.0026917916652785963,-0.007856613647541841,0.0018577566642162518,-0.014021206823734048,-0.0020657881169860214,-8.288781139484043e-05,-0.000759301480534552
2019-05-21,0.01898945318931202,0.005372958564156012,-0.0021696688920855244,0.015930004358036473,0.003406852855655086,0.009436174470125956,0.0046007310862960496,0.00412916599482578,-0.0007803061886740635,0.002615064252215261,-0.008984618229963104,0.020374219194658,0.005795060862891044,-0.002259887966569323,0.011427451992632075,-0.0015919767748396522,-0.002323652497801442,0.0015180268552510375
2019-05-22,-0.020684044569040987,0.006049435112022048,0.004622949579863898,-0.0024034621410555183,-0.008177983120158383,-0.01819475984256456,-0.009090372853634524,-0.006366025385132162,0.001162165201287356,-0.013355966754574069,0.0032849999043909413,-0.011186789230640424,-0.0017113692173354757,0.015118916831465375,0.002701682088177185,0.005719294325260344,-0.0009975063171254136,0.00075815015141793
2019-05-23,-0.017217068041969943,-0.011739350889602715,0.007395474381277288,-0.011455433433929274,-0.019867599628612332,-0.018323566163989523,-0.023703821563832946,-0.022648174890127243,-0.024054534350653866,0.01622466085897374,0.00037474236822777126,-0.010576943449981115,-0.012181866187349644,0.007892311473880871,-0.024305519378778336,0.01118474167671802,0.007704772798712204,-0.0018964541990610917
2019-05-24,-0.0038479817717365075,0.0004753981544715878,7.153331661989913e-05,0.004573703154315287,0.009800857018689187,0.00535107908575894,0.004192311232355938,0.007101221826770485,0.004287181318331999,0.00824714858796356,-0.000655891332417333,0.0052210919715131145,0.0014409224400171547,-0.0007864340535527119,0.001049926877579516,0.0008612253422946866,0.001072297706573195,-0.003422707279232148
2019-05-28,-0.004143342995621022,-0.0006339144427704163,-0.012902469509491041,-0.022750067326811542,-0.010906033038567764,-0.018617837209384324,-0.020312878910404217,-0.0033752457993997793,0.007186392688727231,-0.010593649469417456,-0.021123210195751085,-0.010716287263830422,-0.008555815281209312,-0.010876658372325348,0.017790654516246406,0.007174079427662197,-0.0038822169107876367,0.004181720599783852
2019-05-29,-0.004780527087522737,-0.009717320589620018,-0.04277850464610629,0.0014036248849543713,-0.0027682955761442413,-0.00285457718841931,-0.006216777638544101,-0.013102110178351332,-0.009432122492363302,-0.008177431950158047,-0.002588067584055043,-0.0009050891306337533,-0.005400007054799498,-0.012253522994888773,-0.011569023985713953,0.003025720916331234,0.0003309888321488553,0.0022735894595228645
2019-05-30,0.005173200922351575,0.006303128540195784,0.0059216692932321695,0.004527688327563385,-0.010776767248911606,-0.0036226133056230375,-0.0026365102340513715,-0.011975159259329352,-0.001578870967871163,0.005720749325384168,0.010882123424836371,0.00295906840983055,0.0065490501488936065,0.0011064729791007684,0.004490697579369961,0.008561894255559822,0.006761239477343,0.00037842951822982603
2019-05-31,-0.018281630925924015,-0.016439165765909088,-0.007293202577497575,-0.007006004342285336,-0.010327760561370887,-0.02638989460966226,-0.016814183432795667,-0.013349236318634059,-0.022972617339937076,-0.006457901843944648,-0.023243459000306107,-0.016801553935260016,-0.006914146903901842,0.002610443250411765,-0.03073921561026182,0.012441483996089277,0.01338686222918802,-0.004170622157705407
2019-06-03,-0.010161697222551096,-0.03154006507053874,0.002208767416156031,-0.021909062636401893,0.00470766334074454,0.003828488596796425,0.015562879829427405,0.018622187984308456,-0.04752087929542239,-0.0014759372241838539,0.008611150883300119,0.006986637419069826,0.01306022554233361,0.006888083745876165,-0.07802093659904681,0.0066495637213676686,0.014329660751411922,-0.005333345976059771
2019-06-04,0.03593065149772866,0.02732680328779906,0.01727236815558373,0.017598711135271693,0.030344603886011113,0.03586842808555968,0.023511085021502325,0.011230775165720745,0.02154806142680248,0.029522439266412813,0.008442106930725597,0.01178277546511431,0.010041325180234128,-0.0010026068623993985,0.020202707317200246,-0.011466883439084023,0.00031966754847452306,-0.0011465699683868217
2019-06-05,0.01601447886982242,0.02144746654699947,0.0048487656074802,0.00831390638776428,0.003547554545915696,-0.007612639851225967,-0.008323715930064517,0.0029793595142411657,0.005155631564904461,0.014238735347852437,0.01939420326408161,0.008482921994993581,0.007465374166484342,0.02608865134583769,0.0039920212700744325,-0.005667907330725908,0.0025536682938250817,0.003435773562176907
2019-06-06,0.014574980653348609,0.015691234618623158,0.01697081975537601,-0.003920845321046229,0.0021768716083801925,0.007243917994996533,0.01806010116248603,0.02542829911678963,0.009081445578241214,0.0024374155161656337,0.00607166406832819,0.0021905813794661816,0.005004868103045646,0.00540923810969724,0.0009509658958159215,0.0032208616804352014,0.0032623860245977123,-0.0034357735621769457
2019-06-07,0.026268926631618627,0.027623081828314383,0.01358884406190074,0.020263080981013287,-0.011023661944769383,0.0,0.0036268425802706418,0.006607225886878454,0.027918933169891136,0.0006591122509218701,0.012861616111624357,0.008634308230174187,0.011678282905176437,-0.006680507595193327,0.029386333700039874,0.008614499622977688,0.005624445452530837,-0.004215373173703105
2019-06-10,0.01269841743909289,0.0090909717010983,0.0033865363634511736,0.005536374287445095,0.010751812003932328,0.022452952710049184,0.004415018208681634,0.006645633023549392,0.03089208883944445,0.0037941110391407364,-0.00045979126327287646,0.010231903814045729,-0.005705319079529552,-0.004757126256628608,0.008444201021650947,-0.009457056449563189,-0.010003259025306086,0.001151410607138408
2019-06-11,0.01151307278102111,-0.003777866223016432,0.005451950375900541,-0.009190162048480548,0.0030766470748798823,0.0031374591761662977,-0.0009348915539764306,-0.00920075495722595,0.0016486190511264167,-0.0002019895981553206,0.006052288075602641,0.012173101074486542,0.002157875622703872,-0.007153635677553846,0.018588317142903227,0.0006128389957539627,-0.0011975571268753955,0.00038350911373951653
2019-06-12,-0.003187663368358753,-0.004628408429573958,0.013501235425904335,-0.0055876320513458715,-0.012821271336184822,-0.02343268665870457,-0.0108820849496394,-0.00812069427888054,-0.004506571184115831,0.004685737254346942,0.0027389773356658337,-0.0014152058338959702,0.007255872785400524,0.012693272855135067,-0.01733067106173488,0.0007655209746327109,0.0051790881073210775,0.002680453452824957
2019-06-13,-0.00020600504679209455,0.006292428176245041,-0.006869958674051154,0.0018796229948394143,0.002467895772590761,0.006445380868969064,0.008741902218147145,0.00597264322129318,0.008041657886450887,0.016995599597408487,0.011152026362680818,0.0005505958371587073,0.0016758650517361398,0.0010749536866005347,0.01378706131309728,0.0034376108097342044,0.006100720106199266,0.0007645260279915208
2019-06-14,-0.00728892575480515,0.0009819844428816298,-0.004415961592875937,0.006064201241863997,0.002552882494932654,0.00109629099235624,-0.004428645766917847,-0.0008274036542885553,-0.000336901101323656,0.01676016885797365,0.002611320199982558,0.0004716981218778754,-0.0021965326748219984,0.010638139816168287,0.021516995119025956,0.002513425292736305,-0.0003160056907320355,0.005335378510848055
2019-06-17,0.005948857518327822,0.0030154564876924204,-0.004650671995567235,0.002442301861242624,-0.005478465126723762,-0.004339989557054317,0.009903721204317078,0.004789439377736728,0.008712146060068171,0.0058631300605982714,-0.0018902746531814644,0.0007071302591697213,-0.002607412318381003,-0.002854863671364318,0.04148134804729526,0.001748052886163487,-0.0006323111181271348,0.0003800114056071456
2019-06-18,0.023246191287899107,0.017238589639779513,0.00564953052635372,-0.0010982977490802375,0.013549973147270326,0.02151400984238154,0.008619028363304982,0.012606584769924987,0.008100588204858124,0.0024127792432251686,-0.012602732649183242,0.023366093129457657,0.019477217943038215,-0.004614010467996244,-0.0028610806843782596,0.00499925295133248,0.005047329327244023,0.0015186031799525371
2019-06-19,-0.0029269298265253447,0.003913610311903507,0.0015676218115933834,0.01810934968149222,-0.007252320790573447,0.0033792464699088872,-0.005560718685128894,-0.0003254413834653503,0.0038948544838258254,0.002214627066174002,0.007453902340966991,0.002146088046456196,-0.0019364398353587738,0.0039838754524588365,-0.005266669974122894,0.0014345579868901544,0.006038997216768076,-0.004562745562222238
2019-06-20,0.008003465569191582,0.009243023551460637,0.012453284834413119,-0.009760093543696191,0.002544299419757643,0.00030663873097216244,0.016981912739563003,0.01124743822876086,0.004912499623151186,0.015792689687707973,0.01188346717590452,0.022859003203360068,0.005004275442098521,0.0006785904974547884,0.010875150283420069,0.002637231683284552,0.024866146066081913,-0.006116227015001965
2019-06-21,-0.003415029433071649,0.00014602803802816333,-0.0008441787341037622,0.018079046130641405,-0.006829694625998767,0.001225615514257922,0.013998932433180521,0.005216495919107622,-0.0035983942689818667,-0.008843724433209,-0.004844362214506841,0.0019437805168680683,-0.011295043070834789,0.005653144810346191,0.008458820500267396,-0.011047327849074197,0.006613730443964944,-0.004997127446549258
2019-06-24,-0.001006643933435464,0.005896286417639853,0.006803463029894777,-0.010519701729775878,-0.007152712750645473,0.007879460231629365,-0.009570688676170343,-0.00016010246627492743,0.0013594062534751684,-0.018752507867541245,0.010110585836302768,0.0035786215774549126,0.0017195923073401937,0.00312688168144882,0.0076093555255416405,0.007428778857235902,0.014741542526628735,-0.0015426150406876078
2019-06-25,-0.01527367000176457,-0.03208121441077713,0.008214456214833998,-0.007963042279017717,-0.008317209021272193,-0.007267215314350095,-0.008876184110451492,-0.010219360714347902,-0.018791904641679433,-0.003705152445160226,-0.005445226575979351,-0.004923913260814492,-0.003844503372217576,-0.009555596091092794,-0.019715403685818998,0.0030916587615485228,0.0019392860556772598,0.0023130311048479334
2019-06-26,0.02139849461069978,0.003740279645036515,-0.016708417640517222,-0.017063106139541144,0.006659292090203082,0.004833754037263599,0.004317400571755804,0.0023427728131666767,0.010359987789795034,0.008172046646321388,-0.01797293807393911,0.010711997095879923,-0.002014215281486731,-0.015392812900044532,-0.006268280815995152,-0.00642020408409632,-0.009207685668966823,0.0007698229755883371
2019-06-27,-0.0003003454000095893,0.001641301472970871,-0.008211272864980093,0.011718963865840313,0.003313089722516025,0.011657084542089604,-0.010234966658640876,-0.0066386254167136675,0.003392856170608245,0.0029024788179948463,0.000455560118354478,0.0025863675977356015,0.001439139067547714,0.007261697186020665,0.009757209660628813,0.007022341689828443,-0.0009781423600686164,0.0
2019-06-28,-0.009153612172025738,-0.0014173289461999413,-0.010072592929482397,-0.009503487453385868,0.026832646805537957,0.026145280104542416,0.010626534894692822,0.010745407369255758,-0.005608362449436696,0.00457843157426917,-0.0011848882578030296,0.005813328119579793,0.004305032048704921,0.0015143746333679958,0.018301164382488598,-0.0006774303067137933,0.0027063615977428457,-0.0007698229755883401
2019-07-01,0.018174580920624118,0.01275792411816135,0.0005742176439072378,-0.005630344679566108,0.016675923068716014,0.010985382432407034,-0.0009138978376847913,0.003209245373774892,0.014969539090055368,0.011046137421557528,0.007631544261406393,0.0022719786969034737,0.01263534169305804,-0.004108790754022076,0.0,-0.002335667344611052,-0.0195594136317776,0.007289500913975196
2019-07-02,0.0058375549158154036,0.006611351488847593,0.00479617226358008,0.005466403534373674,0.0010550379025348867,-0.004263159252415833,-0.011032420804435018,-0.015417829723263991,0.006285512720197568,-0.0006660006906774711,0.008920183488994756,-0.005505611264296236,-0.001075177648884553,0.01768409862020437,0.010309369658465047,0.007683653621549194,0.021134748716203536,-0.0007648183943132137
2019-07-03,0.008252736332403523,0.006422442160408787,0.014955802030888407,0.005069719350026344,-0.001582974563038241,0.00029124799982179676,0.009463793030667501,0.003410755296021498,0.0024217025190844768,0.009283886309720128,0.02305475405140164,-0.0019157093978313328,0.010027688104929435,0.005139423884403779,0.011218883604872559,0.007103630275052574,0.0016476936022547122,0.0
2019-07-05,-0.0008809710823740318,-0.002914179535732904,-0.01110690205467614,0.007232863714003313,0.005921099001264272,0.008986870166619136,-0.00406371405273512,0.0015391472919816232,0.0020144729384579375,-0.0030220062663678885,-0.008185584586305531,-0.0007377896157594059,-0.010197558720698597,-0.0029747646932527785,-0.004065046248013492,-0.013351533470735777,-0.011212820191230035,0.00534148542102287
2019-07-08,-0.02082944818200121,-0.0007298737638454074,0.0028415164391334866,0.0034355266898670528,-0.005478013345238214,-0.010395355306799465,0.0045868634235948615,0.0004855547558239223,0.004831559782378029,0.006833685900716827,0.007922576651525407,-0.0048089464925595805,-0.005223426400071801,0.004889282101102975,-0.0032639767862352688,0.0013582857508908563,-0.006453349655720577,0.0019007798907687073
2019-07-09,0.006080864074687902,-0.003657381006481317,0.00311637053665176,-0.007451840736012578,0.004243662985892853,0.00976985909942117,-0.0006539794876397778,-0.0020247020478055297,0.0182615933005479,-0.0042832665330949735,-0.010045907538403048,-0.004087249772976252,-0.0008542384984106233,-0.00464905340260537,0.017470125559753042,-0.00037711657147451705,0.003497570475452756,0.000759301480534572
2019-07-10,0.009840116979069094,0.010134606082937543,-0.0014153282385118,0.005998234730218731,-0.002915582751831539,-0.008701171540252715,0.014031671038205977,0.016801713626628995,0.01453450821960025,-0.005913677789899986,0.007412016638842128,-0.012362949205840402,-0.006057507521473062,0.006321254647101391,0.01751549978643425,-0.0055221593489636145,0.015664150386811453,-0.004183310914597204
2019-07-11,-0.007309035451678468,0.003981905713503413,-0.007820315697519495,0.053803475655632475,0.009510462665824096,0.02578499989640299,0.0007737942099230949,-7.97225662279603e-05,-0.008132473003030322,0.015490316561137286,0.005523180655750127,0.00990255653915582,0.0004584527297874951,0.004382211453022502,-0.007426512002288307,-0.013440446694201963,-0.008479396470121496,0.0
2019-07-12,0.007653413485073749,0.003606206577050807,-0.042351724853944596,0.017987051930829716,0.0104621704072401,0.012180074865123302,0.0007731959153708722,0.004375330157795059,0.0049500732920467845,0.019386639047785852,0.005318929573925216,0.032317736142845645,0.014786438646483477,-0.007968930105368784,0.01792709916303686,0.0011525607339054563,0.0062352303577108085,-0.0019073055552278784
2019-07-15,0.009351124418301781,0.0,0.0030482161807629375,0.00022562328528351512,-0.012216556821297875,-0.011092424319408406,-0.007110106872480559,-0.002065952264716498,0.004955379573205205,0.0021513751920445804,0.004252186733768695,0.009208698168044418,-0.01209726523336707,0.0005747401853696253,-0.004696911614368943,0.005742961532131813,0.0,0.0015261353619380469
2019-07-16,-0.0034658695693093504,-0.013189552754049184,-0.016541674284460905,-0.004899938189569969,0.010654192125306598,0.01845053510346121,-0.01503198032067035,-0.007665320189555536,-0.005502520774151148,-0.006606134677088779,0.0035441105515944143,-0.003946476617988638,-0.0013150749484020557,-0.004655300803323517,-0.0003433476429188774,-0.0029822235827695483,-0.00849852819296483,0.004564481107887042
2019-07-17,-0.005639343130298355,-0.005926485244772253,-0.004841891740898121,0.00749095370196801,-0.009864337330237661,-0.010354087184774473,-0.0059441427255162525,-0.004981930754320885,-0.008930750299603064,-0.007623572857475234,0.0004313505656646902,-0.024453587309431316,-0.03588037770512224,0.009717877285306424,-0.010058264464300705,0.010740096382250349,0.016331174257264183,-0.0018993358071095383
2019-07-18,0.011295687447888671,0.001100150464630472,0.0015913313709566485,-0.02295027235609063,0.005947712801635212,0.005703348637414005,-0.008515219094613124,0.004340493913512181,-0.00711854348473952,-0.005441241189102082,0.002118678629906712,-0.006207986828140546,0.030717743626081297,0.011604080289197924,-0.00506732665588247,7.576044593042517e-05,0.014019265983196768,-0.005337412590903209
2019-07-19,-0.015040087545511447,0.0014649870771052146,-0.01341585789895827,-0.015273375684534093,-0.009903240307441658,-0.004672469018487352,0.002002269908866193,0.002883231214007,-0.0067877351331130185,-0.0065500374536951195,-0.0037318333606876633,0.01741730599864574,-0.005131616761892306,-0.012461958523110531,-0.012126219642940621,-0.002351246864481562,-0.014836957907590336,0.004957112152781578
2019-07-22,0.022596798567626676,0.013161433395913658,-0.012898421726179533,-0.005195628618247049,0.006408871415415724,0.0022455099257516417,0.001066240271176349,0.002156981063914582,0.010688303465195049,-0.008343005193127863,0.0025183461710589616,-0.007293655938353532,0.0034047988573211907,-0.0017657309704909052,0.019767040741124682,0.0018965980721370778,-0.0001487431209049615,0.001900057572304599
2019-07-23,0.007787377718828291,0.006193308000574893,0.0015535190323274542,-0.001214900312236803,0.01812476446901887,0.02505726002607862,0.003988306269743418,0.004061646965651201,0.004452134425530032,0.008530745736187123,-0.012655634765901109,0.02092708257575884,0.0073470655366538445,-0.009888238780930826,0.00019768706191831682,-0.005471969877184051,-0.005668695719842388,0.004545462370982128
2019-07-24,-0.0008143517978699034,0.010214009729001194,0.007269384730236956,-0.015332026735662467,0.0040310531018871165,0.011779232829570501,-0.0001326875867642971,0.005706149576696389,0.003163720006743332,0.007620598369909745,-0.011040076804143348,-0.04585818855454091,-0.005160266023542967,0.013226184752925432,0.011301776234688062,0.0043344427383482705,0.005073501892287377,0.0
2019-07-25,-0.007938649788023926,-0.003773455048226535,0.010272225241811149,-0.009723382530872808,-0.009632825840560199,-0.009275874748202061,-0.0057222858918162,-0.007217384702925854,-0.013581347126268687,0.0039046207748767853,0.001508630538963298,0.02100444784961314,-0.0010928019948096724,-0.011635554671636938,-0.019488985486831152,-0.00479179467933488,-0.007095141605949225,0.0018878616130939263
2019-07-26,0.0034718908423077245,0.008169689881935395,-0.002978806861364016,0.016904955642891073,0.0043978857587926076,0.009771180609937433,-0.0016027784912496287,-0.015320131199401192,-0.015711847977152776,0.0062896197719507505,0.017231195566489062,-0.013376876223897943,-0.0009211814803945067,0.007389668943202709,-0.004794495525437402,0.0023607367323067005,0.001647570207186325,0.001507727389757023
2019-07-29,0.009295261215689755,-0.002195701558333867,0.017365365282395177,0.0034730479299484355,-0.0031886957688146284,-0.008226778758958317,0.007059636378056559,0.004113738408604846,-0.015873760880211158,0.005196011230575127,0.011008649295159819,0.011519313554603722,0.005285242382521692,0.010510143115019932,-0.019258094729890627,0.0003042056452132445,0.006637605008895943,0.0007530120806899416
2019-07-30,-0.004301493034824742,-0.004833330896174185,-0.007091693244612729,0.004363643287843132,-0.0022468035728006245,0.0048899852941606155,0.00013272280991308231,0.0008850626159430288,-0.007305240072171737,-0.003123567078035755,0.037312394798219004,-0.01129363935227936,-0.003558722616549214,-0.009458919775118204,0.005598263895828695,0.002430319415748729,0.0033393968178088026,0.0
2019-07-31,0.020198875526544365,-0.02950109104642619,-0.014182471802753118,-0.023495941369010447,0.0035407438006815725,-0.005752739348919384,-0.01322576221977009,-0.009941484181393815,-0.016864880998107096,-0.01702859845940758,-0.019879035829738354,-0.009674325320712092,-0.008372598495718203,-0.010658829546431723,-0.014363729967921084,0.00800850457423723,-0.013199788951888867,0.006003770381154654
2019-08-01,-0.021876688053494648,0.013050161513187568,0.0005374074062580979,0.0009633525411022772,-0.0267334868621692,-0.0395205809411167,-0.025883477385939376,-0.0194387912918149,-0.0061578335953039786,-0.004032641683704284,-0.011159974409740505,-0.037766617828025296,-0.017017456952879182,0.014805147888770123,-0.007752778133042418,0.019626666502973553,0.02373822614165737,-0.002997379539995649
2019-08-02,-0.021385225197520348,-0.008437640980786114,0.005968796416650788,0.0032044890228668343,-8.854650811208451e-05,-0.010594678286918284,-0.009846830827426606,-8.282602361007903e-05,-0.01744204976456928,-0.0032001533264267726,-0.002487456787678816,-0.017905225095466177,-0.00912436713022412,0.005454515859736531,-0.019437416144331948,0.009199019868552469,-0.0038193215726228845,-0.0022539453565828455
2019-08-05,-0.05376773121877247,-0.03485916477200661,-0.006967068720560131,-0.020157819343635884,-0.03020454331856398,-0.03742073881794229,-0.020700591320523504,-0.016620418502061578,-0.03239079609195376,-0.03457631827674441,-0.029280586052154865,-0.023478880214648588,-0.036365439718417526,-0.0160209405781086,-0.039330760473893674,0.017140371696369578,0.013885052073405776,-0.004901046568117025
2019-08-06,0.01875343170133379,0.018584274088403727,0.0046755920070766475,0.013054063024511684,0.007818221641942237,0.02124242842138759,0.009629074682347801,0.005375453898580621,0.012778251867474588,0.01865960263670943,0.010556044538036538,0.0035284983061355875,0.015374081639645723,0.015973638006832686,0.01518159346064648,0.007961311550492671,0.008095454403486198,0.0011331445992295772
2019-08-07,0.01030208081254846,0.004370862980117461,-0.004291523177921031,-0.007398008394182619,-0.02197286973067345,-0.0013114755979444907,-0.00650362818333171,-0.002348206379937929,0.003110665604492237,-0.004271562253043666,0.010792097781482712,-0.010705858656407384,-0.006892162319456514,0.006929577309568575,0.0034626448061340627,0.00035713010575658984,0.015075482881596693,-0.0007552870463418703
2019-08-08,0.021816155813906078,0.02633554833754476,0.011226205188162431,0.004736179841233916,0.016797861585629747,0.006105557562728679,0.026317308318051822,0.03408905158932504,0.02178069660995628,0.01745061924004405,0.01648388972160882,0.010214256843706523,0.021913709820413275,0.010979110025835325,0.026699515692070606,0.0021401063956033957,0.00502211488791944,0.0007552870463418892
2019-08-09,-0.008243093147092899,-0.00853222818933302,0.002730170056391453,0.00407053458763531,-0.0010928962833430032,-0.0004832085142148872,-0.021506205222643147,-0.00659477252692484,-0.013905022046767244,-0.007353148717597204,-0.005635742010313829,-0.02187328298245914,-0.0020378813089980304,0.0058374036502445575,-0.012222051031999597,-0.0019972900570398976,-0.0033216751980378535,-0.001133144599229641
2019-08-12,-0.0025406644306638897,-0.014040450028093938,-0.0008334280892538268,-0.02208169748814937,-0.0189500657348879,-0.026346952707131784,-0.004811103095408596,-0.00713205466169997,-0.012615337798920986,-0.014435663000463773,-0.00644304449633098,-0.022533778526267274,-0.010312789285460576,-0.004769300358815153,-0.013289944278794872,0.02063531633514624,0.009651700554554818,-0.0007561437047007832
2019-08-13,0.041476209843675275,0.02048251204494596,0.011230568385628695,0.024451890422491972,0.015298427570458007,0.012770432161530445,0.012275346830289788,0.00688696663303002,0.02184468148985789,0.006356259663190891,0.0104596289666216,0.019429618979909153,0.01814190442901645,0.0007887350487601258,0.016478891972374433,-0.003433179059436289,-0.005977304108459414,0.004528309624067023
2019-08-14,-0.03021700799500557,-0.030474083899166383,-0.02396959416308183,-0.02445189042249206,-0.04240852157922855,-0.04279182649537646,-0.04112350116837266,-0.03873386379417471,-0.03422406323057216,-0.03288742914827018,-0.012530201702265086,-0.0324509731449598,-0.023734624174160935,-0.003065634803738243,-0.047488279169185174,0.022279437684018192,0.006818288109248189,0.0022564883628389304
2019-08-15,-0.004993953370169127,-0.002241650792333549,0.0021472400893515257,0.004308140830489304,0.0038095284159963055,0.0031653674259365535,-0.005930336134391058,-0.006732310570506863,0.007436995295596668,0.0009916208857162342,0.013723519266353859,0.0003471318269795678,-0.005808104854799504,0.010136394672515309,0.015898761604432005,0.011058133161214862,0.006632944548859456,0.0007510327021464136
2019-08-16,0.02332067277595276,0.01816142723656014,0.006261952496895268,0.005878287735367189,0.023671967640024057,0.016380548264367783,0.015492748093853008,0.0004274417679399182,0.009219134478089029,0.009175281416783252,0.01513323042870729,0.010186552172621233,0.016865661003742108,0.0017484130715069285,0.006060790072727728,-0.008042573340269124,-0.0064228090106646365,0.0007504690797402818
2019-08-19,0.01847239763536859,0.016609983384205038,0.006752425034273195,-0.003996742677477429,0.008964525631534971,0.013844153185858474,0.01669730262500981,0.012869086320647179,0.013052012958065667,0.02089483209415661,0.008854790125668904,0.007955899785607902,0.005016783468137838,0.0065522926804601695,0.013356242562293699,-0.014405597705806064,-0.011765256004645104,0.0022480339175402816
2019-08-20,4.7538684782949066e-05,-0.008343357428140633,-0.012554853896190937,-0.018768468095594962,-0.012777951636427755,-0.011039945038690298,-0.00606587648576356,-0.010109750259738277,-0.008149319461094932,0.04301434791163392,-0.01120694174785695,-0.005896696998659119,-0.014514571760271034,0.000776096274530571,-0.012757619377751321,0.010291212144009266,0.007765110314935569,-0.00224803391754018
2019-08-21,0.010780246242853082,0.011085061887656365,0.00709574563815356,0.0007908264549861695,0.002791738274170989,0.003494238067903253,0.009946027936494704,0.014956904611592367,0.012226629033665429,0.01513206317833388,0.002519950934470005,0.008619639457582078,0.0019556322313527053,0.009673319600536998,-0.0014155054631591374,-0.00668760464074705,-0.0031693515278342654,0.0011246486634824157
2019-08-22,-0.0008468596121699725,-0.007303789203059946,-0.0019786916650773013,-0.031315284665492014,0.010262189630249868,0.008633147145131699,-0.002153780715861859,-0.0012732907792069909,-0.010407458472848359,0.0028091178817465654,0.0018439364880912764,0.0017829100103404656,-0.0054486038863285615,0.0016257229014156956,-0.00826066679405685,-0.0066629896701062025,-0.002542733394298314,-0.0007496252194399233
2019-08-23,-0.04732272965860177,-0.032381042011913864,-0.027337609760655527,-0.009836144876871667,-0.02514801428355848,-0.031210199629644594,-0.03035400118104002,-0.021897745011890905,-0.030973586891481178,-0.016192285179613967,-0.017741447010284385,-0.03302736057586628,-0.04014440543312378,0.0012626264296604736,-0.023848374465320586,0.0163009549540923,0.019400405361339853,-0.00564017287762601
2019-08-26,0.018820979384889653,0.01532540037822966,0.00795387848899252,0.0018192061153016622,0.00798538697729248,0.017431286377902946,0.005319947526545954,0.004850174067782576,0.010942303131687122,0.005411367878130998,0.01690371553767163,0.003151263112656426,0.0026802823959512496,0.007721352779980969,0.014576784869787578,-0.004050395129589592,0.00013871549474328654,0.0052651494335835694
2019-08-27,-0.011347984921855219,0.002138722744227321,0.01429483632951275,-0.03590615007549802,-0.010629891729296485,-0.007945329940038638,-0.009774959348958688,0.0007773027986809363,-0.003987883042955527,-0.002014375995763557,0.010255644980748628,-0.009130879945040698,0.0036260735044139243,0.0017425109975556128,0.005198264207888095,0.015291444109886695,0.009525196258013947,-0.0007504690797401505
2019-08-28,0.006688008525945317,-0.0013269445365338296,-0.007432675902071053,0.019632859433516083,0.009974675719235581,0.011794661061144874,0.007266288365198552,0.008596287784337624,0.0013726293107147616,0.016994229416991996,0.007026273997934212,0.012968986540842588,0.013058886648874448,-0.007033291396718114,0.0025340177717170253,0.0012863479655618004,-0.00282048823169991,0.0022497197336761384
2019-08-29,0.016790089026821785,0.01870852578299125,-0.0034251940700205574,0.014280654072178841,0.022406270197464852,0.021081474864944938,0.011020609666334703,0.0058886451370881825,0.012476750645008312,0.02390658514842746,-0.0018138351080704382,0.025019574417260944,0.025067071444370967,-0.0003165200913964437,0.020745033823460622,-0.003796100003496787,-0.007190296464977031,0.002618292126399972
2019-08-30,-0.0012926393188541418,-0.0018841950643029186,0.0009353079410027052,0.014549781014800957,0.0058426311903152705,0.0023075989128411144,0.0007304068702537252,0.0017003914997842122,-0.005675502015625931,0.0025920977543664897,-0.007870468530049196,0.010389923257290322,0.006215363375872802,-0.009268580663552326,0.000538735063383074,0.0002716284142521962,-0.002570606202432692,0.0037285650975120415
2019-09-03,-0.014670661733074342,-0.013289717318632006,0.0029560503825174222,-0.014549781014801028,-0.011903812387689587,-0.024524660435226414,0.0011675424551609282,-0.012393850684878362,0.007599310854498577,-0.0169923111457361,0.009354760053262757,-0.01669318092448457,-0.0066433277999817875,0.02914923902530902,-0.017823652843663135,0.0012904692678723211,0.013817145553141903,0.0022304841957659334
2019-09-04,0.016824133243897452,0.011619964853026032,0.0009316770857376471,-0.017011452104526398,0.011994833186070766,0.013776110055006808,0.01059132135036362,0.008393334645508546,0.006004819656510448,0.0064060008203742904,0.0151288815961983,0.017533164174654444,0.021835324829082448,-0.006404576243695795,0.025709748271827662,0.0014933480915369436,0.0062241574350517005,-0.0063326715661920375
2019-09-05,0.019362926529402465,0.017430576714301066,-0.0021752649965912944,0.012535227251261754,0.022499149207113402,0.02603014034537582,0.01404436956536351,0.0033207063591586842,0.02202574938994596,0.017687836771665653,-0.003658986885457652,0.03213957489259631,0.01914075798386449,-0.019418085856690713,0.019892730883812174,-0.018276288166497696,-0.024293810355202047,0.00037362227291399327
2019-09-06,-9.37778406992437e-05,-0.006806402776898748,-0.0028817341492821265,-0.002573105935578076,0.002133523788534358,0.0007724617771078973,0.009348510008117072,0.005256476707193908,-0.003924636865138065,0.012977015415085455,0.0008956561286640541,-0.0023606995373067863,0.004626248991327256,0.0015001707549741664,-0.018024220076925824,0.007090031421422018,-0.008418739213614466,0.0003734827314453417
2019-09-09,0.004258013592040826,-0.01142373785496757,-0.009876236413676857,0.007309465193088743,0.02447383236594731,0.02275915883055929,0.007864104566427962,0.009509854965195522,-0.001178762763165166,0.007500035156762562,-0.005713368463731874,0.03641130371427238,-0.00880235716930906,-0.0011362862837002992,0.006750856203684414,-0.017924975590065277,-0.0038824034930877408,-0.001868810111177321
2019-09-10,0.011743816359191491,-0.010526412986726758,0.020273598857371806,0.007686698468150189,0.01265785187092868,0.017072045323252925,0.008080289156680614,0.020395334712990227,-0.005914746562493916,0.0005580956205028518,-0.01892227496740322,0.02360907978426009,-0.0002947504957789286,-0.008082051252225943,-0.013816132074684063,-0.017683366137713884,-0.008594718531570367,0.001121705106818088
2019-09-11,0.03130010901942055,0.0002939015452209572,0.01242728481875885,0.007499981585026847,0.0027343433253739714,0.005411293642686598,-0.001944445056091842,-0.0046888581771430335,0.0013393569796158855,-0.0014602931770180461,0.011528222220264197,0.02126285588357974,0.009797960397609799,0.008854866384004179,0.012384720299437643,-0.0017785370888822021,0.006045322631969996,0.0029850768444747377
2019-09-12,-0.002238740075815477,0.010232511441505795,-0.005657507444635054,-0.01770415175927109,0.006125072317402168,0.00890854034159503,0.0006948787708636507,0.0011536878086474678,0.011215050427970243,0.00488788864922808,0.012293221523834122,-0.010119403677164142,-0.015592678598903504,0.003085301901470636,-0.005426122474139581,-0.006572391139081254,0.0020541887867956557,-0.0029850768444747377
2019-09-13,-0.01964575224713344,-0.0014553924849380544,0.0026798377507187138,0.019751497323615603,0.019484953398245027,0.0052890876537928415,0.009127431642284524,0.00065865307792848,-0.002286249023882113,0.0007695925818378513,-0.0053085183261400845,0.015290472268697097,-0.005470668338701891,-0.010245291445405251,-0.001494688795589694,-0.02159034817053031,-0.008313544880147095,-0.0014958865898817295
2019-09-16,0.005243372322701441,-0.007235551390981358,-0.009526808378475003,0.0035039776048588563,-0.008939447141192785,-0.012262232708616776,0.014894037708151895,0.021334576800073883,-0.01727404914324818,-0.012861222078273678,-0.019597931575999768,-0.004720347430677349,-0.008984248260805173,-0.0008241758710597146,-0.00519537335300509,0.012663003062840942,0.00831354488014711,0.004480963434356506
2019-09-17,0.003631415701693159,0.00774517973717366,0.0010030478060192546,-0.008180793028438452,-0.004963624375669873,-0.0060490106643200404,-0.007624271105398409,-0.0018547644530552655,0.0081038568877983,-0.0033824837108426195,0.011705749867912734,-0.007387339489825546,0.0015029912353431536,0.017751811127586052,0.009938633771425976,0.005409122128003008,0.00197935876867502,-0.004480963434356483
2019-09-18,0.00933553581358158,0.008191122599087339,0.005690572108709427,-0.00824827080416388,0.009986236641580357,0.005404295007689247,-0.0047948581489731055,0.002338050809338728,-0.002796697436340039,0.0026895730251970044,0.002061261397620713,-0.00835744113833914,0.009030351710799824,0.007531641450259447,0.00031896231181838725,0.004234709360749359,-0.006305146459454914,0.0037355291830502638
2019-09-19,-0.008158159414863671,0.018241501551825155,-0.0023030871536306443,0.009666497399325702,-0.0031780573701586066,-0.008558725419387002,-0.006751661885436277,-0.004196261806010867,0.002220415536224048,-0.011809702567184662,0.004027788930530992,-0.00727443002621199,-0.007169774395362185,0.004456335359254524,0.010574276387207282,0.003003649544609926,0.004042702055485432,-0.002239642593168648
2019-09-20,-0.014725926598010397,-0.011621819874574767,0.011766639427247429,0.00017176965710011293,-0.004028879044672017,-0.00694690067905432,-0.0034623675610710196,0.005323022489012564,-0.01512339163058497,-0.015239147359245522,0.0027852889316441606,-0.015177618285162241,0.009191899504532274,0.0036394341362292856,-0.0011050597064053513,0.013124013433032752,0.011751181912670937,0.002612429177848035
2019-09-23,0.00453660991232475,-0.002153780716406596,0.0006833972700161176,-0.017849107057697752,-0.00016822272639835983,-0.0013108616113657612,0.0006934332147447002,0.004654530511600652,-0.004950477499117489,0.007007923650779365,0.007985050168521747,0.002026659046034076,-0.006975732564616043,-0.0019512201322733024,-0.016509996779850586,-0.00021145374555261504,0.00558076090913917,0.0014897581925782217
2019-09-24,-0.0047662785004689645,-0.012729811709697189,-0.0014432757261003413,-0.016616729823139498,-0.01312410353427355,-0.02711402775024649,-0.013820279994532118,-0.009330827028572805,-0.02477649556848487,-0.0037196163861297916,0.003160072313155903,-0.019103603643127718,-0.008290825502758007,0.014235900083459697,-0.03010278916456037,0.011982065365804668,0.005273029632779213,-0.0037285650975120875
2019-09-25,0.015272344435769117,0.014309704318291887,-0.004266023076940908,-0.012657547615455855,0.005694147030176043,0.01091494392192354,0.0029475774019770344,-0.0018604656523660914,0.015225625613628455,0.011863163096331874,-0.004784504119967609,0.004908956809502863,0.007033603796739238,0.0037564471541458033,0.008349861740252335,-0.01473504066902532,-0.018719552003722745,0.007813993248365795
2019-09-26,-0.005171017600224062,0.0012907854074349272,-0.016472047310987753,-0.03057475677689948,-0.008254312278838926,-0.008655164610826688,-0.005340091386205085,-0.027497936434909734,-0.016242443406503684,0.0073817190763092715,0.01043150202312985,-0.0017391308731426684,0.0005988741344333009,0.010193326022668873,-0.014824883671094592,0.006411859204887125,-0.00028206755704972345,0.002591154513216287
2019-09-27,-0.004877947262345006,-0.013056051582317832,-0.0019421252954937554,-0.001021497975954347,0.0058786111787631976,0.0035954879453330628,0.007160437754870542,-0.013067701451224097,-0.008305268947426987,0.0003045795739345945,0.0020893610945941703,0.0015811529896341437,0.006028609299068605,-0.001987127527713987,-0.01685323056034767,0.00245519396627657,-0.005161757969433373,-0.0014798374862805507
2019-09-30,0.023262640265930997,0.009394490252296342,0.006046998812303989,0.009524321846747143,-0.0002548744758858819,-0.008361413442297533,-0.012245912762542136,0.0,0.006043885548283106,0.009353146906846068,-0.0015264112224530092,-0.002214314863120329,0.006879400871219338,0.007452915488097174,0.005518342738292016,0.002449180748620517,-0.01564708806874429,0.003326560078436513
2019-10-01,0.002764403401825284,-0.014197992937933735,0.004703713804784953,-0.0005062941673512749,-0.018350712169087794,-0.022151569299746002,-0.02379017328892551,-0.022080092276400187,-0.00014978856795571022,-0.004059603934469415,-0.00427023974027081,-0.03168996078852435,-0.030057153348700016,-0.004128860538955115,-0.01282902107212849,0.003001431926404747,0.005457823242814478,-0.0033265600784364987
2019-10-02,-0.025387452983598204,-0.01781292498608109,0.015344398166251676,-0.002120011854901259,-0.020105572357112366,-0.022148857734687437,-0.02645268127098526,-0.03259158370357809,-0.013001505312200365,-0.02422210705859567,-0.022619671781495227,-0.019890888116441182,-0.019123157840690033,-0.012664436082592751,-0.006906223049188248,0.0024401308858115027,0.011606097026672835,-0.000740740775957945
2019-10-03,0.008458825278430619,0.0120327735350879,-0.0061552684933419794,-0.006433569204339852,-0.0014138024798705082,-0.0051075991591011255,0.012284621299715515,0.007629561495349726,0.0065102843645327485,0.005570798737885438,0.0054361389117796545,0.0006666666917109011,0.002727838021957677,0.0046159287673631895,0.027008817283942735,0.009080573954564932,0.004520420185220835,-0.00037057625097782415
2019-10-04,0.027646179363564293,0.013411279729207545,0.01865260798992411,0.02040699551306112,0.021428446566414423,0.01788812646171103,0.014458083174452536,0.0061674204301038656,0.008793181507239938,0.004925901678825665,0.01839394253983781,0.00829604890757818,0.012978807436023284,0.014749275483091443,0.005947270399355916,0.00735626018486377,0.0,-0.000741564736853523
2019-10-07,0.0002202303626322177,-0.007266417672268891,-0.0037478493764338933,0.006530043156980073,-0.002183502330512661,-0.001994018606943156,-0.013869847864805227,-0.005195731823973172,-0.00402614365781006,-0.005234577681369894,-0.0093988700325064,-0.00654816049437747,-0.0027538954403126953,-0.0044621861475040705,-0.0042762400988633886,-0.008322777346748796,-0.008563695776875213,0.0018528817637894328
2019-10-08,-0.011784126089281059,-0.010630988352408435,-0.009962346545283796,-0.005120663732455236,-0.02254837119489953,-0.015235229444902108,-0.01959682665777422,-0.013779833102509569,-0.0157936136675355,-0.0003087713133567255,-0.01567082977591036,-0.019142554131684485,-0.02834248134508732,-0.011156390037296644,-0.010799422306846879,0.00269012060841139,0.008704630172147364,0.0014798374862806018
2019-10-09,0.011651993691956786,0.018765838558992613,-0.020072688031646257,0.008910255924263944,0.007217674461007249,-0.0026381223759602704,0.011033360773282765,0.012719762332483016,0.009616412545202319,0.009964745213942841,0.008645231071463729,0.012383798376510767,0.007661910244825856,0.014633459925617114,0.011745101458114353,-0.005664563365011481,0.000915589738927852,-0.0007396450054807302
2019-10-10,0.013388369392272784,0.0062017938731780175,-0.0012389656222509188,0.007402290366656151,0.013930749002876797,0.015225137816745898,0.011939120371190725,0.012734550522305788,-0.0010051565956321086,0.011594962169394828,-0.0003279763883771901,0.026846695572667056,0.007044697318073867,-0.005844953892331159,0.0010003335279159442,-0.015006388739204892,-0.008767644370976773,-0.004077855510479627
2019-10-11,0.026250703137116024,0.004160993162107823,0.01743582708918506,-0.007447320198620744,0.016757500882036952,0.02378062873038444,0.01063917344422432,0.013521918778212655,0.00675517750492185,0.013082735335919278,-0.006995049714082911,0.04548954245269033,0.015778447526123958,-0.010660065413383752,0.022844329861819924,-0.012454166069080294,-0.0055547785615345305,-0.003721626925367389
2019-10-14,-0.0014404340736770271,-0.00093113210896934,-0.004655608485151733,-0.006686872610232061,0.0026656363862567803,0.005554216470904886,0.002895195999129181,0.0002582533483902736,0.002600661722102057,-0.0020476075751648267,-0.00862574809893284,-0.000155775372311023,-0.003368965852258397,-0.002792079294328238,-0.004952795386102109,0.007236640307276272,0.003991167724130441,0.002978408755280993
2019-10-15,-0.0023345157990165896,0.014371334424029589,0.016087765397015164,0.07844082276119911,0.029696357550047906,0.003104688629395239,0.003463206925905129,0.0011183277864774167,0.017666942561114236,0.006130287397690795,-0.024026445524442924,0.02043168873265327,0.004041399169311905,-0.005959179848167622,0.03014979689865874,-0.01216187957262729,-0.00699503209125933,-0.002978408755280942
2019-10-16,-0.004045226832711103,-0.00822758027952299,0.017387848986865215,-0.006728651485173388,-0.00233683965457255,0.004639034124552958,-0.01729065960628175,-0.010370847423643794,0.005670276786241393,0.0011876485953129523,0.0028117430021041795,-0.006431382707089889,-6.111162067739902e-05,0.010361880885815522,0.003488006918854018,0.0012157186750817086,0.005713893125994194,-0.002613404507438708
2019-10-17,0.003875231081589722,-0.00514103238771922,0.007370859641404567,0.027796904726550345,0.005582650003351282,-0.004639034124552926,-0.0013199385942604975,0.002082791692724934,0.005638305945745926,0.003681219381385223,-0.001312014914349497,0.014337163146147653,0.02349496568130932,0.005119317036085592,0.004421758006964796,-0.0024329171212284393,0.0014233864761738048,-0.0037453227325436136
2019-10-18,0.0047912915753996095,-0.016456524395752587,-0.06422034209834337,0.006830152725944509,0.001743390089354221,0.00029057097438276206,-0.007808511132061813,-0.005302285445818067,-0.016908772125319292,0.004887306968569959,0.007176451133690285,-0.0025018018423218265,-0.01170868100242488,0.0059969547888738504,-0.024134703226090726,0.0,-0.0010673498718500526,-0.003759402921848956
2019-10-21,0.017194082901469353,0.007395625355969803,0.0025027386752120915,-0.005804700924729429,0.024498378115960937,0.013132449358134323,0.016575370319266834,0.016166334357663157,0.015890060203930422,-0.005182996243206979,0.013612554311747141,0.011561701770450803,0.02014955617978935,0.0013755160354724115,0.0208202190658079,-0.0075510049188154274,-0.004781454247837405,0.0007530120806899416
2019-10-22,-0.0022894259375761793,-0.014993002829980815,0.009175089634903363,0.02253844897810567,0.009986392085394865,0.001671243077159573,0.0050787310793592505,0.010153237685538656,-0.011223892179847766,0.002110150603163878,0.025699831074000534,0.010980856426367374,0.0,0.014668521577618143,-0.03988703965264638,0.005830080932269792,0.0029286781174526415,0.0022556400537792226
2019-10-23,0.01332966708265404,0.006359438121218684,0.005403332327609641,-0.006756782463054243,0.0026409522769890157,0.008172619849163273,0.009507418200913111,0.0015268473576766082,-0.0020181984797529562,-0.010723395188844478,0.006688988150183982,0.012266443809749106,0.00537207230711249,-0.001016432409680509,0.02067972416197022,0.0010042322054814564,0.002351014512163927,-0.00037558685511511475
2019-10-24,0.0016435207914203649,0.019482541327201904,-0.018648559077877633,-0.013365761321013138,-0.0007195682897648435,-0.0012785000678927154,-0.009507418200913217,-0.0033961656010891308,0.010505466437367007,-0.0033293525718832376,0.014447969147762038,-0.011070360838190782,0.00943430864373645,0.006546322608277972,0.0012348000389255781,-0.0020094739071388813,0.007090719633093815,0.003000752435822581
2019-10-25,0.012241053780922134,0.005629401690428446,0.006644542718792915,0.0016345882437418286,0.00796626534171357,0.014955132000912634,0.0023131425669559447,0.009227578702599723,-0.010982265084117995,0.0020928104678003775,-0.0124175115971833,0.04299221912649898,0.0009909936982944408,-0.0028244438406080465,0.008069084848122358,-0.004897028366738754,0.0023289470281931757,0.0011229647466680117
2019-10-28,0.009967195079146278,0.02428871331052618,0.0064458732876575085,0.008699949173901754,0.003801382577336087,0.016297411503480658,-0.008847689886712655,-0.0016023617171258319,0.00890236237077425,0.010272173179483046,0.0018643867108847447,0.002358913134500405,0.006099173738853231,-0.015528592651238326,0.008004495546212026,-0.009137782053773715,-0.008637221837074003,-0.0007485030303203928
2019-10-29,-0.023399532094119744,-0.009476762444272988,-0.00046457608347175546,0.02098847421499669,-0.0006325611024839269,-0.0005052941149210238,-0.0029180061564699745,-0.002958456999067267,-0.008119170312489179,-0.011296675958545964,0.0009713453896125818,0.009026679152944467,0.00277585188605813,-0.0027048510564324614,-0.00047529773016771894,0.0006554750614870837,-0.0027768895340610582,-0.00037446171634746597
2019-10-30,-0.00012331723417902408,0.01238535175216188,0.02840319198724763,0.009899704191539705,-0.005552044719025316,-0.00844393066432325,-0.010575891759031437,-0.015096879333085367,0.009755348767898651,0.008929010384551427,0.01078307704208838,-0.007029531555995461,0.008281620831792926,0.012220807565790056,-0.005615016341439384,0.014528100562285014,0.005475179888088941,-0.0022497197336760607
2019-10-31,0.02235774604555819,-0.008611762368431733,-0.006040489523185952,-0.008275909304183567,-0.00646321819012384,-0.011323777189865642,-0.0022174597004302383,-0.001892473683131646,-0.0018725491532971385,-0.007051556342475074,-0.0034475881007983546,-0.018264691244283784,-0.010767961699996068,0.012157178012053509,0.017899925146400944,0.013400057955930267,0.009948926655600314,-0.0018786404162343916
2019-11-01,0.02798549593466585,0.0024382609870498874,-0.0063820304757545585,-0.0019409405788654787,0.022793009528559168,0.018618361705573502,0.029600469775908692,0.0006025392910981442,0.008284568557051142,0.01169703114366027,-0.005153405398107004,0.04740694242577711,0.019435899182158923,-0.011095989807073908,0.010226683465307605,-0.0030800855235975496,0.0009123127760042207,-0.0003761519705138148
2019-11-04,0.006545647933171444,0.00575850621686353,-0.0074207585302153295,-0.0038136144417485513,0.007949539175407515,0.011343487136802883,0.029307682665614208,0.045091329332220514,0.007352442676398439,-0.010248681582762428,-0.03952107310317922,0.0166779199455685,0.02179127000296962,-0.026263571410177388,0.005665153947333078,-0.013249021104196328,-0.0028801256254903976,0.003755167764712957
2019-11-05,-0.0014379265251620546,-0.0006228158395474259,0.001457893985298832,-0.0037882609355460646,0.0021712167337881883,-0.005609920986184926,0.019619308485241654,0.003038891911825613,-0.00163599445313026,-0.011645961390532752,-0.0014287517665644213,-0.0037505584553094687,0.0037706598962048616,-0.010904182838229514,-0.0020563445452207096,-0.0113102053916235,-0.016312418449040186,0.0037411192135566426
2019-11-06,0.00042770768766743037,-0.00277277316116954,0.004131921098375274,0.0008785592192888276,0.0015479879254328855,-0.001006726850296881,-0.022133978711831172,-0.016871058446219507,-0.0033023146191853226,0.007764780223405765,0.011872056505041643,-0.006030306768539238,0.0007192453766414908,0.0016717997730039738,-0.014357413547569173,0.0060335297346554165,0.004281133902283949,0.0
2019-11-07,0.011441064812301232,0.0013873476141525538,0.003582457430534807,0.02343394937384577,0.00539916467806919,0.022051560270652127,0.021038838288346875,0.016460936635082205,-0.0042243719994411845,-0.0045829398125306845,-0.005834808585488174,0.010393255948615208,-0.006380580362001999,-0.01953100389609888,-0.005916712288806094,-0.018284719168754272,-0.015643258149725867,0.002237971840115455
2019-11-08,0.0027330309361595097,0.011715384492489359,0.01187473772808206,0.001986639533021509,0.0029188130403969424,-0.0017032724873904395,-0.01894284087499484,-0.007907132871406028,-0.0012982363717921502,-0.00042938727127831555,0.0006685609475031598,0.0077921592215080574,0.008590403922540346,-0.004537600166457413,0.002203221790223158,-0.004216138498705012,-0.00638469846466988,0.00223297450397475
2019-11-11,0.007887623694282583,0.0010271511158112588,-0.007698732266804441,-0.011270811597201882,-0.0035343870832483778,-0.01755939581674884,-0.006094555042283046,-0.000992802265128495,-0.007999975203459686,-0.004476591497960523,-0.00309584818254608,-0.0010804971331934278,-0.002099216326869934,0.000630204837365426,-0.0064660496017305575,0.0006668889879631714,-0.002404810778179062,-0.0014880955110087902
2019-11-12,-0.0009157509796095449,0.0065489012280671435,-0.004784879823152456,0.004554922077943678,-0.005866930523384384,0.006280741564414069,-0.013886129648090289,0.0012408488995725464,0.0035778213478841235,0.005678411541476356,-0.0005029337904862804,-0.01127959230874051,0.006504267225527755,0.004489950072499751,0.025308578470597275,0.004582078816972753,0.002695910409082946,0.0014880955110087074
2019-11-13,0.009536002966301962,0.0016305459145844212,-0.0006092453166522436,-0.006603538008990551,-0.005278695691070255,-0.004957597764631224,-0.008250752457948835,0.010853584591611167,-0.014097783549125498,0.007180745506976396,0.011503961480715039,-0.012722380449909018,-0.0003297065643445866,0.020792981954809053,-0.006603748912386642,0.006467757369474821,0.003994050551202037,-0.0003718163276972879
2019-11-14,-0.006943550122941798,0.005078387188427498,-0.002364337752007573,0.008873242356865709,0.0009335616046423222,0.0005014245119637335,-0.004369999671649159,-0.0026203749032240337,0.0008495571695591491,0.007425514123308727,-0.001244039141033457,-0.007293471708699808,-0.007724176334412018,0.00856311755435154,-0.00020707149206004386,0.010276683861716636,0.004194697696162422,-0.0007440476503261252
2019-11-15,0.011809372671453119,0.012817677078642068,0.029938302135826156,0.05168410258351195,0.0072057027390590896,0.003729989768420302,0.010022598242792455,-0.0010664917536586536,-0.008648943897195656,0.003123419726666566,0.00033189512418183367,0.012952562035783917,0.01162160285394203,0.006720309710812455,0.010045158516778181,-0.0010882578072485898,-0.0025291771981897316,-0.0022354703791886508
2019-11-18,0.005029474251604881,0.0024641216557019256,-0.0008155095527469066,0.013018088073719248,0.008379829932195553,-0.002363744906836229,-0.009730670055664721,-0.017476091747793826,0.007468491367421463,0.006552718032169269,0.011137350613346536,-0.011907375026819272,-0.010786994376009412,0.0031925476876842893,0.011719879370122636,0.0018131056206507365,0.002962108873903253,-0.0018667169912375257
2019-11-19,-0.003037179635511881,0.00033252419398510343,-7.417022096360745e-05,0.004751818283854449,-0.00030627871588411907,0.0014098280978859672,-0.010268536758381446,-0.017872816180966974,0.0001483459430106229,-0.05592040154025009,-0.003863388965137319,-0.002859436338247779,0.0017781733958585231,0.0021513712531229454,0.009679446414161526,0.008298203983833314,0.0005048501784050096,0.0011204482985295854
2019-11-20,-0.011709735672071349,-0.001730334519324161,0.008273056493582016,0.00483822039146926,-0.007301827146875914,-0.009727214498052819,0.0030916476608325648,0.007613707167289909,-0.004150569657704399,-0.02220522786970703,0.007139663498603939,-0.011661530116240213,-0.01623139681441225,0.010943086033557713,-0.009122357442823205,0.010294629092523109,0.0005045954333052074,0.0
2019-11-21,-0.004493533836999478,-0.000936141826549672,0.0036713456314000034,0.003586245715503009,0.002311605282560045,0.0014674189820291267,0.0238210246834483,0.012113146288306101,-0.006217982013531623,-0.010741046283264194,-0.016074203409472555,0.012917899374764077,-0.0039010650179607614,-0.0003401649818382754,0.002124216862254412,-0.006278559438085656,-0.00549213694434417,0.0014919808793183954
2019-11-22,-0.000878214607616066,0.0007356137690541548,0.011875845377716845,0.0010480855330913725,0.0065971396070692995,0.009349911903407775,-0.004315311643429269,-0.001179444113575681,0.0063268255510539806,-0.002336396143079811,-0.0004155757854866896,0.003620669600900698,0.0014717539163621911,-0.007513055061511615,0.004486459951207815,0.001287461733305011,-0.001885835040652444,0.002977300302299185
2019-11-25,0.017381863348715478,0.010903638375930514,0.0004344677836727365,0.02084041753339563,0.005337819597153705,0.011150601956511345,-0.006653192029546002,-0.0021096164102633874,0.01597961015740303,0.0016955758708791639,0.0018272430327963096,0.017499585391571915,-0.0015850555254951274,-0.0035197701278796116,0.004866922127999583,0.002926378734460762,-0.0048031531101441,0.000742942086044913
2019-11-26,-0.007839334611464738,0.005276013030182257,-7.289958059952059e-05,-0.004502994826975149,0.0013679892697079736,-0.0013477090990520813,-0.0024700339461186833,-0.004996411291348471,0.012938530099757513,0.01074789470087717,0.014417187561708119,-0.002256334074357873,0.011323107769165853,0.010096774403630418,-0.004112755320997645,0.005827191019994649,0.004803153110144146,-0.0011146202177425043
2019-11-27,0.013342802200374475,0.0019057012507314628,0.004219415542370213,-0.002597542691802972,0.0029575723977307566,0.0022451738213929407,-0.0005820721941005784,0.002374290948088572,0.011932266205093953,0.010095632888542646,-0.00409803048759961,-0.002741793478651845,0.005028786369711409,-0.0025573281348915122,0.015113637810146964,-0.0029093509966046224,-0.00531393425153505,0.0014858843771281447
2019-11-29,-0.002205237396076971,-0.006190339162394332,-0.001889260843193019,-0.00285439234732801,-0.002274278896909278,-0.00157109223190722,-0.008331554442771184,-0.007993239837803994,-0.009786473857069966,-0.011228726127380679,0.0024608330034027854,-0.0066111390160871935,-0.004860752090470353,0.0032127509478892657,-0.001783768186806144,-0.00213416884017302,0.006184761592488634,-0.0011142062454304355
2019-12-02,-0.011629569733740132,-0.012162446805043229,-0.0009459706000102968,-0.0007506300283439919,-0.0022033971607749005,-0.016902837560605066,0.004247534764723263,-0.002821358686932914,-0.01071917364936468,-0.013192622809580766,0.005392610502009722,-0.01230506679816636,-0.02397598340430948,-0.011052212185487135,-0.009667688792438903,-0.013402979305791983,-0.0005078904516941908,-0.004096077220645098
2019-12-03,-0.017990974358749023,-0.001606103537057207,-0.0014570889945028163,-0.009918149435556875,-0.012937979515074395,-0.025124611788134917,-0.007923739184397498,-0.00782160504846729,-0.0065548895006978265,-0.01677440750128861,0.0018724310439317826,-0.020493968624192626,-0.010205641092465655,0.004228883491876764,-0.004416347637903817,0.020750601444591614,0.009534200065667643,-0.0011200299865880606
2019-12-04,0.008787638813404745,0.003610112224069262,0.016055888415165778,0.008701647800593635,0.019533659391085655,0.017282881489506973,0.01127969184770977,0.00901951740118133,-0.005251169785456536,0.006799262444258476,0.012768882070123347,0.0004282961018947482,0.0038176816383253664,0.008703349756199142,-0.0005534173662274654,-0.010035314281023,-0.001366759195606084,-0.0011212858560823056
2019-12-05,0.014564468935818626,0.0005337247437958867,0.0012906003087149764,0.009548992960403095,0.005425785729153516,0.00554171548498492,-0.003502119439557738,-0.0052300029178839755,-0.011544840422407495,-0.005151029886205003,0.0007224563832391758,0.0066152391188188855,0.0046080376456665234,0.0012798090564217967,0.0032657601813641892,-0.004875959753613881,0.000575705254818673,-0.002246350626029138
2019-12-06,0.01913202363918771,0.012065911432904813,0.005858414983202318,-0.002592008836811609,0.014770876534294578,0.03382325810668342,0.015951614338849014,0.014338386808676464,0.0063687186926472406,0.005991405303296781,-0.0034564561558294445,0.011770231384083415,0.008298327872162342,-0.0007250240199856321,0.008441397743896044,-0.0055501638131804035,-0.009977669356357882,0.0037411192135566426
2019-12-09,-0.014099149166845038,-0.0025733246358634696,0.0008544574718655971,-0.009502877529331598,-0.004676200765115718,-0.012544405347933153,0.002155637824767286,-0.006034610978548193,-0.0011939072170024094,0.010445534959596398,0.0054605451670010005,0.0007704430421397696,-0.005543663289845147,-0.000512098335210091,0.001441387958464807,0.0021660658287964625,-0.0002906976764656128,-0.0011208669186293762
2019-12-10,0.005827435243342738,-0.0015207117220434802,-0.0036364972868177413,0.0071087794430610965,0.0006693689594186299,0.00031553562455608863,-0.008650572975144169,0.005017230645188244,-0.00590476158981653,-0.0029137684513294787,-0.004816578309052107,0.00028001400278160376,-0.002582275557475852,0.0007680491936166313,-0.0023370886553068884,7.21214526710639e-05,0.0028307041220739996,-0.0011221246756116937
2019-12-11,0.008493328758178546,0.003764492772736771,0.0070470448584148805,0.0034998785770002,-0.002382016906953638,-0.003114634517819506,-0.001449065607227968,-0.014180999648532368,0.005453104601322689,-0.018229062849169832,0.003133413562502732,0.007878173698704541,0.011255653753426997,0.005656821327251134,0.006896065827579173,0.007830218520261287,0.006861957655931074,-0.0037495356994267618
2019-12-12,0.00254504683282078,0.01010043347821145,0.0025502989171523553,0.011026330004244222,0.02821642005712533,0.021734153071011997,0.019814000690904592,0.021954591814552893,0.0066171997345223395,0.0001886614479522756,-0.0007222244829234423,0.019121567541339292,0.007809886894961476,-0.008005493273125814,-0.02762011117644041,-0.016594897423240326,-0.0035334451762295016,0.0015015017818866291
2019-12-13,0.013501604636779204,0.008382932413160715,0.0002829654799319057,0.006571919135801898,-0.008805500259892731,-0.0046558115358456996,-0.015906332354970514,-0.007179994523879568,0.0003464659092327355,0.009574840819907704,0.007198879273930092,-0.008552616191415532,-0.002313966661888816,0.012955474823398764,-0.013508878614407258,0.011501446905703346,0.004468797980330203,0.0
2019-12-16,0.016973074620947656,0.006450386810459125,0.0028957890072521366,0.022684562614137184,0.0038665012604851105,0.013420649959040869,0.011060947359169359,0.011798552508318719,0.004685361884908889,0.0067503340519737475,0.0007170458023629112,-0.0011688268373950155,-0.003282588266143356,0.010578999631272538,0.019437899961177056,-0.009030874511617295,-7.19191628920785e-05,-0.0018772297599374537
2019-12-17,0.0019633397354206503,-0.005415524807472452,0.012405976529874678,-0.005356235981695632,0.006097579867936464,0.013545798270640777,-0.004581909505030872,-0.006387649891667962,0.012051147709486535,0.010109722574444226,-0.001993064796751723,0.00692423840774931,0.0016992357528388122,0.0014604939056551349,0.002371881710488235,-0.0013798615061258372,-0.0002157885280806768,0.0018772297599374847
2019-12-18,-0.0023922175110246773,-0.0020707960548568237,-0.0025806465934124848,0.008330953098403862,-0.0010136848312477618,-0.0030329312678251475,0.002723040020123356,-0.000421674051731265,-0.0037094168178348737,0.0012852292228642702,-0.010428459662771379,0.005110917800360551,-0.011726667084230213,0.0019578852771768426,0.020505096192104773,-0.008246115249945585,7.193468333872188e-05,0.0018737123702835035
2019-12-19,0.001000428838224713,0.008642984659636586,0.014972207318335968,0.005855136552858593,-0.005011085687969397,-0.0022155138407429194,-0.006893607653738471,-0.0035490995511902462,0.004613702187053298,0.010131983896517007,0.007311324900753138,-0.014376916352731311,0.010594164132011497,0.0014970685223577535,0.01742750197024865,0.0015933587862551476,0.002586208338032851,0.0
2019-12-20,-0.0020734286910166285,0.010858563512982382,0.004872869187659102,-0.006914078734426724,-0.0008011945515372647,-0.004402125355910981,0.007894966724412806,0.01303580126535606,-0.0032301538656514485,0.004395013984414072,0.003516065632815221,0.017430975531498152,-0.0005100450652744376,0.008523719266030684,0.0011640315601415278,0.0013181021234473103,0.001003944150296847,0.003363860396640758
2019-12-23,0.016186637663151426,0.0,0.002598292059750333,0.008508082904527594,-0.0002915026983314523,0.0006986594753697202,0.004991809551609723,0.005416454224348145,0.003631796141668333,-0.008991886198631043,-0.0036761809166259997,0.006282318767491759,0.00011336583178865263,-0.01632468909888621,-0.000581846408651893,-0.0014646652189570241,0.003077255800792808,-0.0005225245528313618
2019-12-24,0.0009502525916241545,-0.0001906032595185662,-0.003488733572142658,-0.0018655772588303942,0.002765850806558685,0.003572988550773053,-0.0038486256608149896,8.31013424787967e-05,-0.0021160129719626844,0.006638198423686396,0.0025587731855810873,-0.00689238487649333,-0.0006803878473942046,0.007219042805087178,-0.005154399936077582,0.002854112954911208,0.009387736962110448,0.0
2019-12-26,0.019646039233165245,0.008163310639166341,-0.0006854949541815367,0.0037615049690261516,0.010556095418714795,0.005638460462151251,0.0015697470228065275,0.002158214501054982,0.04350627878969377,0.0006795171159767925,0.0,0.005005083156783251,0.003227727256429797,0.006010754515749305,0.012932780579546433,0.0024086723803856415,0.007826586752154224,-0.0015243905401474836
2019-12-27,-0.00037950009979025886,0.001826024497301871,-0.0005487344953629622,0.001081775569289513,0.0007189589780862022,-0.002381623660231772,-0.0034280850601974243,-0.002490661312907689,0.0005510128343512426,-0.0038567165930411718,0.006923747368527724,0.00040472175930012053,-0.0022639810438378253,0.0022705234024007637,0.0014907790877182875,0.0010929360992552272,-0.0003512345931931382,-0.004970379185909568
2019-12-30,0.005917584185314755,-0.008655874609262447,-0.0030922546539612922,-0.007188664777554329,-0.003672106944396925,-0.003735399383010934,-0.0058836361171699224,-0.003747662100377166,-0.01232832986832301,-0.01216626788625019,-0.012931214672450096,-0.005138618473499426,-0.0003400396749579591,-0.00504341705660224,-0.01789095258752559,-0.003647775256028094,0.0021055594527968177,-0.0019182818095916478
2019-12-31,0.007279967896377577,0.0006977703349821372,0.003915243521809526,0.0004423047550119803,0.005538984775331659,0.0005655493590006776,0.004308494386250818,0.005491776158597277,0.0005142459778849998,0.004911759054273617,0.0034486941183413636,0.0010840109456955935,0.0032822167435224694,0.0035991351301492107,0.0041009675203952,-0.009842165383639715,0.0018912204004909294,-0.002691791663106156
2020-01-02,0.022559879327878837,0.018346832791121002,0.0006853070443661217,-0.005047071141824832,0.012050486299107746,0.018912787745501185,0.015922997780130607,0.007605228027383819,0.026788579493115187,0.005844231774243099,-0.012001271666433668,0.01911462911813341,0.021186404120209456,-0.01472633626656102,0.021830614200979263,0.011229887915554727,0.007320932122363052,0.0034595460199665683
2020-01-03,-0.009769558113830863,-0.012529922105013842,-0.011645265107415948,-0.010171209945799101,-0.013198921681770441,-0.011762316335244395,-0.008071983218192585,-0.00346477825596429,-0.012213309583382468,-0.0033288523406557126,-0.006748267407131546,-0.01398156368025867,-0.010732759776336401,0.007099040128655219,-0.005305305788418624,0.015282954180727478,0.0131812404979022,0.001150527452731162
2020-01-06,0.007936682485797751,0.002581459012235932,-0.0012483530295340059,0.006918060942134344,-0.0007954586965607704,0.010182031128090935,0.007648762501285222,-0.0033939025167317926,0.014775868702425381,0.004693667620019792,0.0013858886172541296,-0.0006738998842088566,-0.007576431560785558,0.004980916822279989,0.018658409162724494,-0.0056947351593715,0.010434877292579494,-0.002302380143751359
2020-01-07,-0.004714229964592798,-0.009159597850308385,0.00608829886693711,-0.006054994933304164,-0.017146821183290504,0.006561032397798771,-0.008217671634098266,-0.012851716568209725,0.002089382187706491,-0.0065681681118562145,-0.006210692514813615,-0.013300956134978177,0.0005631899224830364,-0.0008698714376735355,0.002161350275452292,-0.004927903297769317,0.0039274156657764766,0.003451585404136203
2020-01-08,0.01595831599062144,0.015802891272678598,-0.00013795957757014424,0.020865036671133003,0.007770730400297059,0.009593311819272102,-0.015195246496545878,-0.011488553458662058,-0.007839295917316177,0.014853444709584291,0.00425358514534853,0.008841790581312231,0.0008441906120244589,-0.000455949108254068,0.010086944588900448,-0.006632919102923401,-0.007529798490978304,0.0026763541088010503
2020-01-09,0.0210183645517687,0.012415579433956242,0.002961944648751448,-0.0056937725838768945,0.0036445845426093053,0.020152234980762577,0.007626484910118053,-0.001615577920340118,0.004787750839557332,0.015213502068919563,0.01087849662954715,-0.0025085609274514004,0.007342464957233051,0.007805280289190539,0.014209502783849396,0.003504164776650311,-0.005667671971084452,0.0019073055575843368
2020-01-10,0.002258211167201019,-0.004637797015291145,-0.0022723370081531797,0.003088150413780227,-0.010017999032474897,-0.0020218281731850013,-0.008927345107693234,-0.009147317469086237,-0.009455148250253263,-0.004316777580469496,0.0009684449146674518,-0.008042573340172651,-0.0021802943648656574,0.0018905151118597144,-0.0011000092779897951,0.008851541504866571,0.0060080743299556465,-0.0007624857408605732
2020-01-13,0.021139335537174165,0.011952578992713821,0.004402263265735892,-0.03194873952580668,0.008270256088480659,0.012722817928078686,0.009500575274094505,0.0018876024479624475,0.004313206455778912,-0.003932438708003778,0.007313675357677588,0.004710710196243535,0.014391135990830523,0.011633971405563527,0.017501639990009026,-0.0030384165747338095,-0.007447170004051464,0.0
2020-01-14,-0.013595279597610716,-0.00706803593936233,0.005612224708976256,0.008326268729689683,0.011594332780959173,0.0018334798460347185,-0.008633147143843405,-0.0030906618000790635,-0.011625502535087252,-0.0023758836684183876,-0.0015226191993541667,-0.0009540034799816799,-0.004533901385842405,0.0053832117541300056,-0.012926229372358674,0.005130995900029768,-0.0008919077123797585,0.00038131554349170836
2020-01-15,-0.0042947407450017235,0.006455403438983075,0.0033386737655113513,0.02795016460466889,-0.015099009265074091,-0.001833479846034654,-0.0015908601234353443,-0.001462806267333467,-0.0039770008414339334,0.007957127366372482,0.010133739224824604,-0.007596272626595536,0.0015504737585060142,0.015421586997013358,0.009495539418849732,0.006609694298857245,0.005817352065913264,-0.0015261353602153982
2020-01-16,0.01244869087754016,0.018157474712079843,0.008062101186367408,0.014502473049758156,0.0038690415817555957,0.01822530392883653,-0.003915602130882219,0.0065230683618479335,0.008513511458155265,0.018659150556997926,0.0008729120101043249,0.015676438808624873,0.008430034220370052,0.002738912102268733,0.00279960446544844,-0.003155707991455075,-0.0015707703417468385,0.0015261353602153912
2020-01-17,0.011010095921179876,0.005581074888040281,0.006523882303783307,-0.007576678824703427,0.006897830944169029,-0.0010417084959773175,-0.0037851260796249713,-0.01127039073018288,-0.007064523617628504,0.013413697094336138,0.002693284264696761,0.0063368150572914415,0.005307955224519948,0.004469325375612784,0.0016670049588135476,-0.00858498220743175,0.0018436961076333095,0.0034253125806931717
2020-01-21,-0.0067999632400279775,-0.0035971261807505373,0.0006701514793103368,0.006878157333239884,-0.009889551224372725,-0.015187302170458451,-0.01439719300251868,-0.019835505497452884,0.014523562853409262,0.0044744728956918,-0.0025346548222790317,-0.013145985047516993,-0.012631978161510288,0.013678709818672398,-0.0031561413093207503,0.010450922178039064,0.001090958788144174,-0.0007601672739204743
2020-01-22,0.003563155109345192,-0.004816384988060521,-0.0068567087676461025,0.00019962736307081624,-0.001169932861623944,0.005479465764483797,-0.005787654355776656,-0.003624954236707525,-0.0024024607661785346,-0.00021466137216928885,0.0017432651002497156,-0.02232483177840305,-0.004875626035641523,0.011648963940227432,-0.0005420543995569917,0.003507143128794917,0.0003406806832935267,-0.0007607455678325794
2020-01-23,0.004804304845398868,0.006136834132506584,0.0018869201640911433,-0.0037663572562181384,-0.0010248152572200446,-0.005967985559321891,-0.006270549061058458,0.0017699119667831337,-0.0015270254608295748,0.003215092256021752,-0.004555527328780212,0.0008409840011764111,-0.0026137990021701846,0.0006923343488496519,-0.007073576242709464,0.006977600399212481,0.0022455863269239167,0.0026600813683885843
2020-01-24,-0.0028860954246964516,-0.010127889801853526,-0.0014148562244603276,-0.02245691820034292,-0.025141299730319245,-0.015015666741488482,-0.0067623670425573405,-0.011113695186213704,-0.01224716473457827,-0.0070868974803660785,0.001199376467584824,-0.01674181723419454,-0.01373686482853655,0.013898658248913114,-0.008316246238372073,0.008056011345229144,0.005828549201339061,0.0015168755289088898
2020-01-27,-0.02984629918936054,-0.01686463042453923,0.0028949426082801838,-0.030232845142243468,-0.008447142768321593,-0.01574835696802503,-0.024112262329155122,-0.01313913790567489,-0.018049368307550953,-0.0034974883985359325,0.0043854473668562145,-0.03368541299220968,-0.020475805898672064,0.01138646695015902,-0.01418660145909219,0.015434884065083743,0.006802060101843012,0.0015145781020095646
2020-01-28,0.02789661303756152,0.019406235423700808,0.0050293484054100175,0.006246072661100841,0.01801444797422113,0.018472816857989165,-0.001391143281429763,0.006591148415725733,0.013532403194142803,0.011482762444606314,0.0027014159127547246,0.007413694176224301,0.011002976334251985,-0.003492633350744044,0.013498101673011775,-0.007862277411242465,-0.008966855968228389,0.0
2020-01-29,0.020716283746771355,0.0154725725391574,0.006932436775497594,-0.010443683720754224,-0.001488870966622087,-0.010192754497136922,-0.0083877472176565,-0.0067723406607481575,0.0025597858369547214,0.0006839360784483535,-0.007726351711028705,-0.007045383612081258,0.0011961383253819178,-0.00018812197823953847,0.024671334314632698,0.009731760386020966,0.005403228058381417,0.0015122876238532516
2020-01-30,-0.0014501475837240825,0.027817062629465993,-0.0011964109100940437,-0.006809985884033641,0.012290988433516193,0.01656207191412761,0.01055091246328991,0.009288969707593322,0.006801360738806158,-0.00526982218240305,0.007091380659898166,-0.0030241586758821084,0.015084605681192291,0.015569020260008611,-0.06333570287638889,0.00013834128802210285,6.735594250339129e-05,-0.0030268657258627563
2020-01-31,-0.04535179892792079,-0.014868645103998874,-0.009958976807265525,-0.030828381394243043,-0.026320251879388048,-0.02648116887226105,-0.042083272181217886,-0.03899093704003338,0.07119570216675052,-0.02035263031797007,-0.010615895682119835,-0.030146254066076957,-0.02912937780327877,-0.006429695277469141,-0.03704487363873193,0.009088467957083556,0.00577570443727301,-0.004176956897297584
2020-02-03,-0.0027500543069064894,0.024086362173079048,0.008694543803238058,0.005745985395989492,0.007601737580873091,0.005285690634683273,-0.022630188371208063,-0.008059269561194585,-0.0022527246551120664,0.014968515487366952,0.003924243212831066,-0.012101863382947647,-0.011029310156348216,-0.005196176249515154,0.01122887937252787,-0.0008093335905142333,-0.00651686944778722,0.004934532691628367
2020-02-04,0.03248042528809215,0.03238646943384932,0.009477487516176039,0.024584015724079377,0.014293401981364468,0.012184369471488784,-0.012593372729118188,0.00534886087341002,0.022433825940505216,0.014832869366366444,0.0043864966458194736,0.028412728653251392,0.022452101751911993,-0.008544326000080493,0.027246746131976314,-0.013558591770560076,-0.013094254054224338,0.001513431996310331
2020-02-05,0.008121237826713644,-0.0012221544774165879,0.015642192031533393,0.05166176373970866,0.016857625824076367,0.009707216731819566,0.044995364927190244,0.03159660439004097,-0.004792724247223085,0.013147237626910118,0.009110056271265229,0.029011076833781763,0.009599346667023629,0.008169457199225644,0.0013335240341109027,-0.01099489349173675,0.0012285013830073243,0.003773589381863849
2020-02-06,0.011629116920653656,0.020521722574971785,-0.002991677568899932,-0.011118970705181684,0.00014534883737959975,-0.010203330517493316,-0.013642776402953076,-0.007189365270021725,0.0050659016434923985,0.0030611199076232276,0.00259893826219835,-0.0013833778466007525,-0.0031139444834569906,0.006055640515322337,0.003515777091619783,0.004496600002163,0.005373979805063009,0.001881468101002976
2020-02-07,-0.013653251516387568,0.0014148892217682942,-0.010739413021522953,-0.011140260997090692,-0.0032025647867131336,-0.015922974074694632,-0.006647774787116197,-0.005035948928914637,0.014069697963134923,-0.006468708236673935,-0.008372215399168577,-0.028676859755505567,-0.00608596139524204,0.004499236027714803,0.00699468800115093,0.012400883454271958,0.0026423674712449485,0.0022530989644598516
2020-02-10,0.004738311181458493,0.02582069962148724,-0.0001975308641348142,-0.0076009042730921135,0.004146817626379193,-0.002692697688976248,-0.010466162586132489,0.007772178290723839,0.025934297727674263,0.013852201994736652,0.0007135778297825073,0.007097792135656014,0.009482511504411787,0.008128924454869353,0.003432147989619633,0.0027656796994276105,0.002567915994161928,0.0014992506523268513
2020-02-11,-0.0060515500668002495,-0.02283424503587531,0.0008556854225784875,0.013014617259199194,0.0018858350404009699,-0.00379891554766466,0.00946143667021369,0.012850855583599025,0.007883888283710934,0.0042716498340676454,-0.01605914750452828,0.013825956810936478,0.012356236959292805,0.0015076580846712503,-0.027937569510611323,-0.00505313780774452,-0.003447929589623552,-0.0011242272087087209
2020-02-12,0.023470102214566788,0.0014628202527115879,-0.005939043456632805,0.042714353297316834,0.0,0.009218983017307517,0.012151216832439719,0.007435644561221318,0.004268355742687674,-0.00020694079513030263,-0.00573484064382614,0.02465858494399554,0.011267568490585878,-0.006968926269862714,0.017083798668349363,-0.005078801746924968,-0.0008130081748632792,0.0026212334773352097
2020-02-13,-0.007146502419719646,-0.005428600270614487,-0.006640571583540479,-0.004226660631244569,-0.0008699435080277381,-0.0012578618012544214,-0.005564662476404763,-0.003397410509608797,-0.004700846500870079,0.0031821496012687293,0.012157470300096574,0.0009308654144605867,-0.005867716807754286,0.019094271130554095,0.01122918145181681,0.0038288883844682267,0.005677225305223757,0.0011212858592368892
2020-02-14,0.00024622203223347066,0.008887502276183144,0.00026647125662506945,-0.011381533224551925,-0.0030507759551281813,-0.005342544731163793,-0.004606028869588124,-0.002600548477327605,-0.007001620298225052,0.010956427951341744,0.009398715144212475,-0.01245920117556246,0.0038234607296869427,0.011011140332550991,0.004867556180108634,0.00436787881956029,0.004169755184079401,-0.00037362227249071694
2020-02-18,-0.018480221555617588,0.010091878017341002,-0.006616123308814154,0.011182969501341834,-0.013328648436845269,-0.01645830171597183,-0.012777075838159796,0.0014524330809289716,0.009695825210217819,-0.004458358613116292,-0.010119205108233267,-0.01027069523011867,-0.007717330032315601,0.012559034776708285,0.01676042752590541,0.006825494457075145,0.012737326685000003,0.0037299558333113002
2020-02-19,0.01437888518635719,0.002986509605820547,-0.001341921833151688,0.010437167756322384,0.013546869932400014,0.01751224249757717,0.0076526741786961325,0.0045253041294658035,0.006726964794793989,-0.0012305674467632914,0.004554360474996504,0.002047981990977721,0.007993825181567679,-0.026478527760073995,-0.0014243380385128128,-6.871199380192574e-05,0.005814354008308637,0.0018597736450065502
2020-02-20,-0.01031193135707581,-0.015389058071266266,-0.0038343863197237062,-0.010470265543640642,0.0,-0.019572594344905152,-0.007986731306298274,-0.008433511785733015,-0.00791988077999139,0.013777579041711655,0.009046962744968214,0.0005113408196831769,-0.0008850537144893428,0.008555426481880471,-0.013470243251593447,0.007802914332896643,0.004076271258990444,0.002968462293142953
2020-02-21,-0.02289513442291455,-0.032123089277992026,0.010459364544285813,-0.002319571588257081,-0.01229433707372558,-0.00910764901359978,-0.012270092592084888,-0.0073119784688688615,-0.026892210742733916,-0.006824301405485307,0.0009475679804556942,0.0020427525893345895,-0.004548235695487542,0.0020194013575545186,-0.020718322771301437,0.00929734225932973,0.014913499681262191,-0.005945762592157771
2020-02-24,-0.048665591191770816,-0.044072601174726604,-0.020688766483297923,-0.08167238418779625,-0.02724354034318245,-0.02671746931199076,-0.0479787228022654,-0.040244996841584044,-0.042235027540891305,-0.023256862164378937,-0.027201677156877477,-0.037423626163872833,-0.025962319817345193,-0.01323610062377565,-0.04605340437933128,0.014818065897270728,0.008945006391301587,0.00037264766620442077
2020-02-25,-0.03445911165942658,-0.016639515370006262,-0.008672961853890273,-0.0532296090356614,-0.04567003683287862,-0.03134939522281221,-0.03907877858456969,-0.03894952463928677,-0.018357986498238686,-0.00972590881195052,-0.015282445105145098,-0.024276568407503276,-0.04355484805183601,-0.013265669390426225,-0.019875368084539324,0.005310334417658357,-0.018035978092553313,-0.002985076845507548
2020-02-26,0.015739136397511445,0.012417378094961129,-0.006728426868263485,-0.001481791338864977,0.003005142633379884,-0.008445099684634924,-0.02220033344529233,-0.02686954099977359,0.0034663132171392766,-0.00888593838229403,-0.010513777049676857,-0.00583092031106915,-0.0037017177626985373,-0.003186368016868279,0.002182908194876795,-0.005310334417658232,0.004360992364058881,0.0007471050035133234
2020-02-27,-0.06760261040718943,-0.07306431229250873,-0.032251734507808785,-0.03513477539967327,-0.04250468445427502,-0.047889189133134044,-0.06206406516556472,-0.04069875310076203,-0.04933335341096653,-0.0458766126178384,-0.057021351094405634,-0.039604412487319926,-0.041088708715040854,-0.04640869218471971,-0.03851102589248584,0.010790161948358228,0.00019482417180178804,-0.005992527295842768
2020-02-28,-0.0005851375231456546,0.02392443663117922,-0.0339213809455482,0.004087413331155699,-0.04430571348019524,-0.018003478589004335,0.031999570095053324,-0.008428065037980364,-0.00029192818773960506,-0.031138833262480802,-0.0023816885955385736,0.007838107277046535,0.016287815007189902,-0.012150913345313649,0.014232881150956464,0.02233238421845408,-0.03717605165224941,-0.003386644819652817
2020-03-02,0.08901831209322433,0.06441892260313652,0.040369780448527924,0.06876797432426451,0.045540840648715074,0.04242055675202025,0.04634327161160278,0.03422647567018785,0.03658849379829504,0.05405755696001529,0.054397189090011074,0.026685192070019,0.012683604979428172,0.05985167671675192,0.020416743744083716,-0.007372146572110656,0.005511137008280646,-0.005291017633685052
2020-03-03,-0.03227457792018763,-0.049105625693714156,-0.03214964307542509,-0.043822843243192876,-0.0382468622853758,-0.02925856565405758,-0.049068599365072,-0.023040080854873527,-0.023278658371655856,-0.008735968897853786,-0.01169407176513783,-0.025558975234944138,-0.014411680457319238,-0.011996395039176605,-0.05520194025184621,0.015406241482860475,0.030950373706099966,-0.004176956897297584
2020-03-04,0.04534100935370485,0.03605715023295639,0.05656002619018119,0.10182711911945677,0.024408964878548753,0.025767493028153052,0.021597445717538414,0.042925934997602604,0.034414256850806645,0.056046392187181424,0.05218145025405681,0.02399034746277396,0.05585695853352825,0.062391205047118446,0.031089489207026918,-0.010675342538815866,0.0017529626303507658,0.0034188067467367882
2020-03-05,-0.03297481714098071,-0.025415535812367718,-0.010298175007425588,-0.02257337541244708,-0.05030570501249934,-0.048840467245112526,-0.045067608922010574,-0.013693244818294035,-0.02656661859846861,-0.026352152129998422,-0.02332206627474167,-0.043556630283311165,-0.037313542948342555,-0.021706500735258347,-0.03497026807642297,0.024586953272310506,0.021370940080378435,-0.007613283819554058
2020-03-06,-0.013369045239995658,-0.028674487763178755,0.00014082523672471112,0.003210841987146775,-0.05306356221646458,-0.030336306492602726,-0.049498856661996354,-0.01942817328499841,-0.011994538748502141,-0.02719670343205745,0.0002466192630670016,-0.004601865299221975,-0.005411169913983799,-0.015840325367163705,-0.02228017679649762,0.050734849311296584,0.0003809040167943197,-0.005748243461655648
2020-03-09,-0.08239528656258603,-0.07017837661590491,-0.04015334534271415,-0.037434167517225725,-0.14555217457108932,-0.10971995958832298,-0.1303910152917162,-0.16687289328188495,-0.0543019095079047,-0.08228436173994437,-0.047122970130588346,-0.15410949790652254,-0.07052686811005766,-0.0395474533050318,-0.06614121843282392,0.02674240887609072,0.0016489095567576758,-0.010819270914882322
2020-03-10,0.06954624929554466,0.06614723840870881,0.037403669692731414,0.02370738380192906,0.07482628064444805,0.06464339961407935,0.03635911229284667,0.05204917573744546,0.04941383230197764,0.06991107251039676,0.037957305865208256,0.022987334377595297,0.056158451937254494,-0.021470428817681166,0.049997469918673244,-0.05261848817212996,-0.021327139639782413,0.01465510224139883
2020-03-11,-0.03534793886328027,-0.046360232939175385,-0.07200300517465119,-0.007960169681209795,-0.04821436175353841,-0.06998138733947049,-0.033496514918237366,-0.023213946412548928,-0.038230411727834285,-0.05140989750535603,-0.07723316442997082,-0.05600459409983325,-0.05269722399167762,-0.058247010267398744,-0.04564119058588764,-0.037491853437786854,-0.003566684498275729,0.0015302221818199707
2020-03-12,-0.10397777709154683,-0.09964161947170844,-0.04969725223285233,-0.10372985895715277,-0.08602660302884924,-0.13169635451665748,-0.12142233209811314,-0.08505343384432684,-0.08253501929958235,-0.11065107644149953,-0.09142848594835025,-0.08743581179752723,-0.1288206481745878,-0.14406739251448156,-0.09720930342688976,0.006177773365952648,-0.040705606395501984,0.010646488392991814
2020-03-13,0.11315745846640377,0.13292895317590828,0.06841327075722581,0.08681168451548368,0.1656203049224601,0.16195134078832116,0.0249680964913244,0.089739534340089,0.06264451757590286,0.07614841861487108,0.11340934079028175,0.07695301226393178,0.10253115527773687,0.05888563554189155,0.09744423823343455,-0.02286254215977824,-0.03099158947402484,0.037123787873936775
2020-03-16,-0.1377080757402155,-0.1594533877895828,-0.054791455631178584,-0.18967095012615504,-0.1621057613134855,-0.13588056443086233,-0.10006965183830842,-0.17968777100351166,-0.05519297140259527,-0.22056992229270517,-0.05006212205889598,-0.0645652845085055,-0.09942142376188855,-0.0955494212747883,-0.15376902844643928,0.06275458059540838,-0.011512130508753436,-0.03259547825044454
2020-03-17,0.043030857425452755,0.07912206998231185,0.07177355305307306,0.08179129422365196,0.05931894727700234,0.02559741456485869,0.06510012044411644,0.014103802415968028,0.06790731864979188,0.051281170162787194,0.08596628421898081,0.07016978276524298,-0.025987159032867795,0.09645170411138382,0.023086020034287134,-0.06901030280802913,0.013464439035703622,0.017541035679247616
2020-03-18,-0.024784564931004293,-0.04300763844780626,-0.012005299777239723,-0.11789564538724107,-0.11123190897042125,-0.12504130419700374,-0.10563221787485852,-0.25006225701426893,0.012183204374530625,-0.10950279521437199,-0.0067037460944664685,-0.0007987220871843133,-0.09704917200673316,-0.05144520081336746,-0.016600691640622587,-0.0580662877844917,-0.02012310215906325,0.01505444257119692
2020-03-19,-0.007691562998029335,0.016319107520487205,-0.06039772847162517,0.012544228951566259,0.01666803763941787,0.06544423141271899,0.038790947832436945,0.04162820895266376,0.027450368525355873,0.03473009736849969,-0.058015215317175906,0.028456604333022904,-0.00544914790957861,-0.016948746788004385,0.041126792920437256,0.026861472173266034,-0.019086465890540645,0.023411838257894453
2020-03-20,-0.0655903582696523,-0.03828218657098808,-0.05800605404674779,-0.0619818891655941,-0.02132782264089838,-0.07700920605323532,-0.050330705407750684,0.034255789907453475,-0.01869644642362712,-0.05734461624256724,-0.0788178573399515,-0.07569982340920824,-0.05583408050792486,-0.07700932815318402,-0.02245356167795528,0.07250257613701065,0.0148843301533375,-0.0028520518419635947
2020-03-23,-0.021473014813104076,-0.010024596443261955,-0.07578398786763964,-0.05845480080648419,-0.05501910463960199,-0.02516776338775637,-0.04019858879417992,-0.0910760179565024,0.030272362735871593,0.06513397313389685,-0.04727807939929899,-0.038969435825953455,-0.07990938322758229,-0.054055632173433094,-0.010945950875691614,0.0403828339372317,0.04323147964293859,-0.0014290820591319109
2020-03-24,0.09560591374405893,0.08699912021068376,0.0698442874674113,0.12043668997207833,0.11238375137110243,0.12929928919268002,0.11944214258756249,0.20490370077073639,0.019397266447589826,0.12884031556959016,0.0554453586341451,0.09832438838650545,0.1403562114625631,0.12830887222475482,0.08339241239163822,-0.018789887278494927,0.04738958090707714,-0.01150677924510166
2020-03-25,-0.00552397830446015,-0.009618715357437848,0.0018442456397220373,0.06469490108441468,0.036638200933378315,0.00991165436274676,0.050884068456474564,0.040058367193007,-0.028366173156964596,-0.016154029513185283,-0.023018793910321144,0.032331343819427746,0.08143846210534146,0.017946738882233533,-0.030078877822566918,-0.0022737757532110244,-0.013784268138845548,-0.009447744695652866
2020-03-26,0.05128514837876984,0.060672666017216305,0.058316313845836305,0.08537884551050422,0.06734173986900772,0.06645845217504309,0.04021038354809873,0.09770896976170101,0.03626745643715983,0.07138876664204961,0.06204582122167186,0.054202977091431896,0.058057867803407485,0.09445809810002966,0.044632662087296604,0.0049097926053262245,0.01274069903813804,-0.016194685918338635
2020-03-27,-0.04228374956384818,-0.04192759554266974,-0.027311191748378153,-0.05199628501293189,-0.07390416088255873,-0.04597730750813445,-0.04936993034690318,-0.10480787679356142,-0.028734285052365686,-0.024161274855388184,0.02565068235750999,-0.046873450204494134,-0.04564010897293016,0.0036713139172555222,-0.04092658755793243,0.026342750898812325,-0.006481413242441865,-0.008196767205506748
2020-03-30,0.02813836026980527,0.06797699159427771,0.0769399903090098,0.03577235167914457,0.02567437778688307,0.008051370704413406,0.014775285582641918,0.04505842833058515,0.033051234993385914,0.028710105882780675,0.04290750101190773,0.05776415682946761,0.0036499166060735165,0.058850354314279006,0.05677920779406232,-0.00826302527940614,0.00439100223820562,0.004479290802809696
2020-03-31,-0.0020428213741572245,-0.015852379520703803,-0.014235115821716014,-0.0075900176622148464,-0.03781848817391758,-0.03201953943943433,0.012455441266683505,0.007063252133938825,-0.007271978837663465,-0.04906812222528757,-0.04445176257152326,0.03802873167021461,0.015365219064387408,-0.02215325990631044,0.00510895175861668,-0.008150004361987992,-0.03236485428061159,-0.0007451565135330188
2020-04-01,-0.05405192826107691,-0.03615396017586163,-0.017850747135274053,-0.04956839617799311,-0.06504959251091409,-0.06204470592508896,-0.01165576109437713,-0.055325411178814426,-0.021787444562736753,-0.04423998351644322,-0.006109534345941207,-0.04125656555007062,-0.0309702171326933,-0.0976693731141716,-0.04412480490908797,0.013893561486624337,0.009411834182346378,0.0063162015668283625
2020-04-02,0.016549035674428572,0.020497187653697513,0.03313786185183762,0.013061136780588638,0.036659716937645775,0.031436773423709964,0.07368917181901309,0.10460176813891235,0.005817297335947527,0.014891645977189833,0.045330247499060096,0.047270846072215454,0.023618346059680963,0.03697461750969202,-0.0088738428051635,0.006325735720460858,0.016260520871780326,0.005171788401665921
2020-04-03,-0.014475722609519522,-0.009253034409298182,0.007631340341858386,-0.04661112260443902,-0.029690224430181607,-0.020212235618935186,-0.029897968662076668,-0.013357336730395802,-0.006399319170330645,-0.014499851272897891,0.00592645973787352,-0.017890801725147724,-0.041195404590162056,-0.021469726002139262,-0.025676091179316636,0.0023767093776407523,0.004925309579159602,0.005511680313055628
2020-04-06,0.0836400569605901,0.07173240358456631,0.0408190132235666,0.0789393194222255,0.062379738150180025,0.07409338784286226,0.03162914258327352,0.06793608464216097,0.046625147838735906,0.0682912637316296,0.02344561857485728,0.049010233221734534,0.05011566912835408,0.05644378690076541,0.07115251296170806,-0.0026146912921177464,0.027333462707203927,0.0003663674709192666
2020-04-07,-0.01164987308784182,-0.010828673764994702,-0.016448213843718237,-0.0012087515068963947,0.013104018715963353,0.04805859229652837,0.018847700260303562,0.006571221960733038,0.006988971351985042,0.0050049632660074134,-0.04372281101368822,0.012296420666418353,0.009211177888641073,-0.026005785198747692,0.019619027496059968,-0.010527672300990821,-0.005368797249635101,-0.00919969690049683
2020-04-08,0.025272515359057942,0.009981216087490419,0.0411827092043418,0.07676242739943445,0.03958557291961376,0.06381545530661811,0.06136605967048698,0.0606536987674413,0.015488890519812445,0.01307140617995499,0.020450969483921704,0.04396665119977166,0.029219900968122478,0.02168963140753943,0.031770909760239045,-0.007302606459553141,-0.00894788550737707,0.003690041089996744
2020-04-09,0.007190234324070854,6.0556514042930706e-05,-0.014271394105183575,-0.013911044693566212,0.08591498260189451,0.04042408534711074,-0.01655590815829873,-0.019614229133132023,-0.00011748120314262327,0.033862198336578685,-0.003830088247682882,-0.018778034631542085,0.02957623249844656,0.04921833801434385,0.005207897998260283,0.0018155415297679183,0.0257881144436722,-0.007393749025738972
2020-04-13,0.0194374606753502,0.0022380169632414304,-0.01039155258453921,-0.0023500882623064155,-0.04549179506045381,-0.027956916511737644,-0.00861572450334418,0.0070913900769861244,0.05990445996206747,-0.013689262532983174,0.011187836220655641,-0.09112794339860796,-0.039028303302786324,-0.03767917525418133,-0.002285845900647816,-0.009171868590600776,0.016995098210437234,-0.0014853326172153578
2020-04-14,0.04926928955775501,0.04829805729454629,0.04381386555572844,0.026180780361342925,-0.027778129694564942,-0.00531603613332311,-0.007747426944093038,-0.0035394090757820767,0.051424229578506495,0.04129072111138416,0.042300848729665136,0.02029381933988222,0.019029045088580415,0.025785502671539867,0.019152897348777655,-0.00024411082750626245,0.007837369253835552,-0.005589729478317979
2020-04-15,-0.00916923901606796,-0.010533114339774741,0.011100253578782082,0.04049957656003685,-0.05057710010278822,0.0016257887251955776,-0.04704763423308046,-0.02537538906318315,0.010612166680146773,-0.04285137287424899,0.0021471640926178414,-0.04342597144141733,-0.04175896272597349,-0.02151876194021088,-0.006757924012525398,0.026144492553501007,-0.005115100666770489,0.007446050784888933
2020-04-16,0.007914315017609913,0.02957913683581943,0.01352053691010592,0.05776372462242545,-0.03885510095827783,-0.008324944018430334,-0.03340760254266277,-0.030775447011871328,0.04263273713526691,0.0068787457737945566,0.0023071862568179754,0.015039215602055098,-0.01879008758034016,0.0010954288012977335,-0.0040767849907869585,0.01129287432132877,-0.0008653727824008072,0.004441161998734981
2020-04-17,-0.013661558593896643,0.008772972699702657,0.01557922059647685,-0.026725304056336902,0.0860757892677791,0.035784474354536154,0.09890292864063319,0.08595860816258954,-0.013877990501725517,0.04677471970210567,0.025916394227761107,0.035657648827056326,0.044271038589597064,0.03630447896260277,0.016822248225794447,-0.013495321713175067,-0.019608471388376424,-0.0025882802370427943
2020-04-20,-0.02097516735206757,-0.02001989613796218,-0.0023049830740545234,-0.029406693766563262,-0.0371384111223313,-0.01698356246854414,-0.04835064947874566,-0.04217563101040445,0.00780524911017617,-0.016222947074427556,-0.033351372715050474,-0.014725255243873093,-0.019123274534399833,-0.03575721422017928,-0.005594733179371434,0.008012625591586504,0.007100919019490531,0.0033265600791327456
2020-04-21,-0.031398141292146506,-0.04223679586293999,-0.013207426097749528,-0.028582104913198004,-0.029433414835275062,-0.037213859053105786,-0.005356720867283716,-0.02336526607081794,-0.027741611664306155,-0.026756133051005486,-0.007657770067263817,-0.04233200544997422,-0.027644644254238106,-0.009259521160187125,-0.042637675384431896,0.0125130139055716,-0.006848696305498041,0.0014749265220835338
2020-04-22,0.028396493559056303,0.033400890077122596,0.021872877813209058,0.010268409013797762,0.0032513061878832843,0.01240760364201946,0.02816409525787909,0.03372188503780047,0.015078265296401095,0.01759025541447743,-0.002342313267009482,0.007165888525718302,0.007772744109512028,0.04870520601108953,0.06505068504134011,-0.010269139329794641,0.0194799192162183,0.002943342814357995
2020-04-23,-0.0038829363104178134,-0.012176181047971534,0.01633747845416102,0.029556699415610576,0.0005595031757168629,-0.005298704816549009,0.03085077572027085,0.027565398686035972,0.01510020419566468,-0.009102377786889106,0.006600447100719097,0.020309353836092524,0.01232692759661251,-0.024698681305362746,0.015514314605491398,0.005294441451695005,0.009905639798442644,0.00036730946260172463
2020-04-24,0.0284607023298647,0.01809454808018514,-0.004188555274896072,0.02067292934323727,0.014658785527805519,0.011078085173008134,0.006423513715386085,0.0024164329125560408,0.004478485218735808,0.047584368669595124,-0.005206158370888929,0.009958222851662374,0.006217636610953554,-0.005989536248559927,0.02633414436134802,0.002344117341350927,-0.004294748610038535,-0.0022058832446666407
2020-04-27,0.0007065390480629334,-0.0028686192936763517,-0.0036875345031600728,0.009192403308358812,0.04220126557576493,0.0362828948170921,0.004790701530101588,0.030559190992331543,-0.014299628142877685,0.025958567872239054,-0.011260331482997479,0.010120484217728855,0.03166568129209044,0.01613939439468965,-0.013613579952105765,-0.018789326763334925,-0.0066625786248789625,-0.0025796955543764895
2020-04-28,-0.016342152744254546,-0.024662449299333117,-0.018974659831278332,-0.019302038277534468,0.007056003157418926,0.018729463969457037,0.023170533826478493,0.0022269244260678315,-0.026406201157113767,-0.0005971657772583307,-0.004779389485018433,0.0022544013703198547,0.02037998642631838,-0.017809540920626258,-0.024784616822520634,0.011445640144960884,-0.004466508666138887,-0.0011076242602090656
2020-04-29,0.03231726914760736,0.04389599997759123,-0.007625273163521619,-0.002465236227081759,0.026613012501081976,0.016019863072467333,0.05389165022600076,0.051059700205722994,0.02502056146700873,0.019024786436499436,0.0016241402038943977,0.03906746819087233,0.023537013447744174,-0.017579442235996556,0.05984283263784268,-0.005202494736975504,0.005518196102613617,-0.004071817580615924
2020-04-30,0.02087672333168616,0.009982137620011211,-0.0013320902465196692,0.01661763399970496,-0.02169282461209483,-0.03540334930229392,-0.021080307911965326,-0.02808029315342613,0.04180351216000265,-0.0089666391906784,0.006724860415003524,-0.03113091859514378,-0.029579327903604943,-0.01720149652078085,0.05275728222668691,-0.011745551635466102,-0.018282729318651537,-0.00632560248762747
2020-05-01,-0.016230390423775956,-0.026232495218994942,-0.01173210922716185,-0.02759369497538035,-0.02656100272484757,-0.035064060341938035,-0.07435630213381143,-0.028220567642677514,-0.0790152109379887,-0.005748191009789488,-0.008948033626632707,-0.04841216378701456,-0.033318503776078534,-0.01776679861527287,-0.011990904887461466,0.00851710474016785,0.006152320240860387,0.0011191942977851089
2020-05-04,0.014049661742047059,0.024165744029409356,-0.00013487995682930784,0.010593578660601507,-0.01197489901713823,-0.006060109730865077,0.03954162025307686,0.022115010079744556,0.013016178879827771,0.01485007194571145,-0.009028824393852001,-0.028913267497537806,-0.015048916781000793,0.013300279188932373,0.01467402965276515,-0.004714878478871137,0.003498691560909781,0.005577259297629929
2020-05-05,0.014897350265219553,0.010678633177192982,0.00826145680122801,0.018947137476229173,-0.0015205824585351106,0.012813089811035233,-0.0011147030495211663,0.015732977912718552,0.0007812180060184725,0.01685144357475592,0.002070930069010925,0.010986585143399383,-0.0024438120805426134,4.3460309876940596e-05,0.00877943213424635,-0.006421627468778013,0.004232020257029169,0.0007412898787844548
2020-05-06,0.010264387415706455,0.009799142545850114,-0.009543724565486631,-0.014678594964100625,-0.018983397739107472,-0.007769871868648403,-0.01891522280659875,-0.031050925776685185,0.014332894762789958,-0.007518999675417156,-0.0254040111648746,-0.01145085925987087,-0.013661516643730066,-0.03286805274136121,0.006738245642153488,-0.01626743004716045,-0.012938893515023087,0.004805036041300607
2020-05-07,0.010291799563731614,0.005790151097104823,-0.0033145090719085774,-0.013141343237670518,0.010359360881963712,0.030065731937011092,0.00566702185390843,0.028355942202647352,0.006929652831003238,0.024396295633503904,-0.008256805464588075,-0.003535545178469616,-0.0018809018827512529,0.00814067205323446,0.013294456400904557,0.016568426347378373,0.015234108690919419,-0.0029542118994686827
2020-05-08,0.023460055247395098,0.0058651194523779695,0.007492694272535254,0.006993035490906881,0.016203932380205687,0.016698329307436453,0.04291744671292612,0.030091048185566713,0.005055601197792797,0.021471895020749397,0.03314348604435271,0.043945083516356606,0.030554842643704602,0.023118089950957564,0.005146254364090182,-0.01308633724291282,-0.00602842010895253,-0.00036989088666245445
2020-05-11,0.015612819941085522,0.011092677417162774,0.0027534351363184425,0.005871232276716251,-0.02989219114277695,-0.012101626455748686,-0.009573615332597313,-0.022241967514345467,0.012275114922994934,0.009044839682807983,-0.005534909918395298,-0.031717047873709124,-0.019396603533926603,-0.010282079604701967,0.003901022501726677,-0.007836454943132462,-0.006253146939001399,0.003692766385030568
2020-05-12,-0.011494012431790209,-0.022912309013671115,-0.01329977409839993,-0.00343517747895339,-0.033223394627288655,-0.033024617801686154,-0.016532945739984702,-0.0246122902297964,-0.02184331331062091,-0.015592698653920493,-0.006612744884068836,-0.0338031341338191,-0.051105174178233626,0.0024159375699823083,-0.014553271409761702,0.010211969992933705,0.0038815549892572193,-0.0018446786280371299
2020-05-13,-0.012147598735213662,-0.015237969440585131,-6.796479415513562e-05,-0.03429715686665256,-0.035079008862258815,-0.031004460437043094,-0.05091163320461013,-0.02669791495150889,0.004643522345177247,-0.01209517984878906,-0.005514961235832042,-0.004964684628977541,-0.03688157474930395,0.009562347725657441,-0.024085942772661156,0.006972049219147938,0.009576592062528443,0.0018446786280371737
2020-05-14,0.0061245512972369085,0.004329972346875113,0.0034603284520794667,0.04436104841568313,0.04069346073378377,0.015307158082565145,0.008785524869909859,0.015105182307436647,0.00880014592783415,0.018856299360950336,-0.0009660563696403249,0.016234276887445376,0.0396991394216213,0.009127347889235716,0.008302832285906772,0.009739751136019782,0.008811172566635685,0.0011051760204152875
2020-05-15,-0.005929543497505898,0.014463118840715137,0.018787455439949613,0.0012036385720815338,-0.01868350968376572,-0.014899790544383784,-0.007117467769146324,-0.00993256310512974,0.008723378433536447,0.020473056303977017,0.007004669214911103,0.01616026948342903,-0.01299233993032301,-0.019040742176032875,0.019488753949847,-0.00257600861363335,0.0056279588201666,0.0007361060330083834
2020-05-18,0.023287865649154638,0.009509132429974473,0.0005316321230450992,0.008214723084642196,0.05161338285112172,0.056608751868606796,0.0765200267961105,0.05115869582745834,0.006815520050739065,0.024842409829629195,0.013863838726373767,0.06371581438573694,0.08136059030325894,0.032811058980262875,0.01089453556234002,-0.022198873724169184,-0.007592957917285984,-0.008127122680195673
2020-05-19,-0.005795271752393337,-0.0069463566879288,-0.010015440599591264,-0.01480084023486104,-0.019875598449456872,-0.022519091201338586,-0.0313645781212569,-0.0321705296610385,0.009463540689908645,-0.029995009043301827,-0.03297915319650616,-0.025893124256661015,-0.030525897189766057,-0.02124771425192844,0.01716041831379137,0.003734202863468037,0.009603988790967117,-0.0007421150623992716
2020-05-20,0.019261471238081238,0.01373737125300264,-0.00903275437108815,-0.0036739262173476244,0.02955770731178751,0.020096982783648385,0.03202602671777279,0.03702098379592695,0.019651874430238726,0.0003779210192049153,0.0074428839067258055,0.0317012980124543,0.030452386696403398,0.009885897171076567,0.05860466044284892,0.0029895388488970806,0.0023714705103272168,-0.0033463500296533793
2020-05-21,-0.007483370352500523,-0.012083920646048782,-0.00658992160300114,-0.0037571795807160016,-0.012782543191421287,-0.0074127683574855404,-0.018014498054678692,-0.010376227986763714,-0.02070986593836348,0.011230209661342352,-0.014762384584641854,-0.014189574312746029,0.012129331810456428,-0.016851532648948828,0.006155732980943184,0.0024946013965802716,-0.014683653238173897,0.002232143785481733
2020-05-22,0.006417739963200638,0.0004360385967044979,-0.009106845094408768,0.01050542729227403,-0.0077934039526139295,-0.0009443658177040007,0.0008972634070236256,-0.019307313217437935,-0.00403799370040853,0.004142851231744565,0.008741470344374504,-0.014038106312079607,0.010763277960538593,0.02139465721242936,0.015097863451678992,0.0059980186489257585,0.005899359578405155,0.002968462293142953
2020-05-26,-0.006796539803860392,-0.010627907640226392,0.0013151976418748668,0.016928400423777724,0.0685680578955261,0.08585284846918925,0.028949099233380095,0.032904155903158344,-0.0061826925687680535,0.0024774973445657526,-0.005075023134609778,0.04298556322592047,0.04055180426461845,0.0019651407553602862,-0.011603392801844607,-0.013500569928473007,-0.014316813499661097,-0.007437743474199565
2020-05-27,0.004347558987550316,0.001320931448603356,0.002280187548392968,0.02966843066216923,0.05630575793923766,0.06706643619118975,0.007162266103271435,0.006410278361509413,-0.004747279855673318,0.01992553264950024,0.016466377715945495,0.04178567278105102,0.02487097158699081,0.028691182216965264,-0.013265898798543018,-0.0018384611132445487,0.0018008512334218463,-0.0003733432937479767
2020-05-28,0.00044000252172034346,-0.0022576480501651963,0.014253650485845301,0.0006581762177033265,-0.015007984321078255,-0.041088334160522176,-0.026294240530868714,-0.03280047250704919,-0.0038615944517402584,-0.009015289486242783,0.018874228476062276,-0.013818282054663442,-0.00695596254020797,0.04154996736374191,-0.016190410849183122,-0.003687093220509382,0.003344691876204715,-0.005241494590103255
2020-05-29,-0.0009745517055022675,0.010146803085730047,0.012038560107481335,0.002890840027565146,-0.025867446238795666,-0.01744580039484881,0.009501784003006438,0.009092465555387216,0.01704191367817281,0.013532883487400192,-0.0012070007504765183,-0.00506498363500922,-0.011656176414561393,0.016571041226102725,-0.0016424373904183897,0.007116157875113135,0.007331456305507905,-0.0015026298855695234
2020-06-01,0.012222912765801485,-0.002294581426199576,-0.010542775220954509,0.0035364652594845098,0.013169502774194654,0.017355765854409372,0.017657134489249746,0.011816496102405169,0.011670235290912953,-0.004800622407221625,0.01140810931416942,0.0030752631970386106,0.002260042738479534,0.005813402767118349,0.0298490431414979,-0.0067456730433576835,0.004593204021157799,-0.005655057482866783
2020-06-02,0.0046188026756508495,0.011312460878648253,0.007175768673010183,0.001241343423597243,0.0033412677272976706,0.0208387276918683,0.022011787318428136,0.02026952262990095,0.0005542687940906662,0.02168084923388302,0.006884562486146218,0.023132850087767463,0.014735607684890394,0.0037091306554502906,0.0034866488194557088,-0.003642316586517726,-0.006497907985525443,-0.001134859210910823
2020-06-03,0.005489943776791088,0.002430659905149932,0.00269451156646172,-0.003139001367687126,0.05257115946650155,0.031012106434781007,0.03998461167207558,0.02595653098299326,0.002419807232696619,-0.000831337511335691,0.003973123278644598,0.030112893875466517,0.03314854382316469,0.011546488078287195,-0.011061294943315515,-0.013386247269200423,-0.0186225120980018,-0.006074430219311941
2020-06-04,-0.008649504066909227,-0.013250981334143019,-0.01300038622517226,-0.024096752815747392,0.02059775730755364,0.01998232875977843,-0.0028472665158895635,-0.009304316063742978,-0.007207968036535608,-0.008200866043685254,-0.021144960370389244,0.014606781864154894,0.01655602712844998,-0.030072455981415728,-0.016957356709940308,-0.014584973000719058,0.010471299867295437,-0.0038153422838522557
2020-06-05,0.028082968741871907,0.023128665253680555,0.003877160249702465,0.04516039611863621,0.04401868349417014,0.014327554791222965,0.07794117466405527,0.04597694415118193,0.00906228388209818,0.023619238293814245,0.01945619867566617,0.046660993741871916,0.034420947264996296,0.00983672774538039,0.019604180982793287,-0.007148814513523752,-0.020483662719596188,0.0019094907432027452
2020-06-08,0.005895108506978305,0.006177461331383929,-0.003604587845711154,-0.007628833290818504,0.019762081622496524,0.013174580271309353,0.030794494149702013,0.02381881778536612,0.016401209661200747,0.007309431179347069,0.006066241536397186,0.019059365970785915,0.009559417827040199,0.023696870790898373,0.0027262712431365757,0.0038360765665577815,0.010763960031613036,-0.0026743091366505972
2020-06-09,0.031089669050667134,0.007615860800460131,-0.005534124054508113,-0.0008728119643543538,-0.025984764820515177,-0.01234893002481713,-0.022539287793417108,-0.016702053537936832,0.02997344337889325,-3.894611784357047e-05,-0.005981735684425153,-0.02596593235739954,-0.030031538565292924,-0.006972964783972657,0.0309340299160389,0.011294536309208283,0.009595687061855335,-0.0030651365014882216
2020-06-10,0.025402109207924937,0.0364203298222429,0.012527396945775569,-0.011252883149589638,-0.041372474696194296,-0.021223168111285384,-0.05511618512491992,-0.03968176692543699,0.017754753007697785,-0.009037443408817953,0.0074925635695921675,-0.013126993434295842,-0.02549622445731834,-0.007294487782025515,-0.008161593474637118,0.014718582184708728,0.014223064013558323,-0.005000972145111624
2020-06-11,-0.04920119977226811,-0.05519398195314975,-0.04802252924198979,-0.07474469283726681,-0.08713138487629211,-0.09520246735906324,-0.09239242676924518,-0.08788749899417538,-0.03438684675600835,-0.06067620499016432,-0.025225338544805742,-0.08580401191679783,-0.07181469046071998,-0.03350012344612782,-0.05335639664855444,0.018724370649685903,-0.007240183793438091,0.009977058967028642
2020-06-12,0.008596466158590279,0.007860792863990818,0.009045358824271007,0.004992275872601194,0.026995753422150295,0.038649957242978004,0.021211293370639456,0.03323369228994648,-0.005071557300036079,0.012367355506632358,-0.00552011061875675,0.013077423804004657,0.007431880012690458,-0.005734609044301479,0.01832240391710441,-0.009687978158610057,0.0014153413026953903,0.002669210356871265
2020-06-15,0.012291329444594594,0.006371477432131132,-0.006351468069871357,0.003954995267706707,0.013723365731003403,0.02220189701935918,-0.0006361997882094647,-0.012634957325680795,0.010809648605926373,-0.004505908700364106,0.009211894163783626,0.0037283233331818753,0.014563697678793187,0.006700598252743926,0.017003966557918578,0.0005543749565623437,-0.0017848904569378256,-0.0041976783621810445
2020-06-16,0.026157130280949504,0.024209699816400174,0.022471282596149028,0.023202256146616956,0.007968169649305305,0.015773349385251607,0.022237123549409717,0.030230089932055993,0.016419185541230837,0.034971303008672586,0.012264867142395141,0.0512487986161373,0.016771881613833205,-0.001610500811669849,0.01345742834256447,-0.015452229636492723,-0.0004929447385542737,0.0030546033655250823
2020-06-17,-0.0013926985068165932,0.003455303713920868,-0.00305047380243969,-0.0013661204310310736,-0.025604256700820217,-0.01635516758370752,-0.03311491023758324,-0.026837845064147523,0.009782717732329665,0.003594253070857938,-0.001694484858329951,-0.014554720044114386,-0.0051773522937863786,0.003338901266011016,-0.000509359491617394,0.004119084647514148,0.0019088088059176246,0.0007621951593762214
2020-06-18,0.0003981118180950652,0.010651473091625095,-0.0042445180795530535,-0.003835095783680521,-0.0054430131349407235,-0.011462701417648198,0.006199912965283864,0.00436015515205328,0.0049103396893316244,-0.006559236411246826,0.01138244235458591,-0.005003528538088614,-0.0007418147828997419,-0.00028116402070919275,0.0017392415355480186,0.010532282479474424,-0.001970443987298725,0.003802285947952494
2020-06-19,-0.005731001501631925,-0.005977487335897236,0.0029243858750060744,0.00345908525111976,-0.011486784496867498,-0.01090103773364932,-0.0202375044510238,-0.014350906311262466,0.007892718572144066,-0.010325586839165481,-0.003022672326581222,-0.001019408046759676,-0.01948290508776509,-0.027366613986706884,0.012006969181090484,0.0008008625095042563,0.010972617521575993,0.001137872302583313
2020-06-22,0.02582737160397987,0.027394819371228046,-0.0030638558893118714,0.004898024897296746,-0.01089648939351504,0.008838472547347237,0.00952388151162658,0.010536811348893768,0.01440411778366788,0.010124932706164443,-0.009887265233353745,-0.013188740035443387,-0.0029623527567769325,0.019745148378640755,0.0017991260262556336,0.00012315270953994084,0.006441441815382793,-0.005321183212542946
2020-06-23,0.021120167448601953,0.006658740564269822,-0.0037030609995419143,0.01670460853506014,0.012122605823658074,0.006663424948991303,0.00601376382879342,-0.0016390759291949016,0.018469994207653922,0.00460488931116985,-0.0001698658062032572,0.0036502183046830737,-0.0005521049142209022,-0.015624999167735418,0.012545339628078413,-0.006858017055254322,0.008384402345601814,-0.0034357735628940556
2020-06-24,-0.017809689135449783,-0.02036343034923437,-0.02150924864350841,-0.028700971358833993,-0.03396141325508859,-0.033568196452202104,-0.04825497550167295,-0.04244550475841023,-0.010915197270871804,-0.016840298063931548,-0.011189525246936194,-0.033751341039687736,-0.045981052534358156,-0.006352108474446754,-0.034522388458595524,0.01066824782033923,-0.0034899848889800847,0.004578413185241691
2020-06-25,0.013188217081866313,0.012557299970476646,-0.0010733837654995663,0.024053089898685695,0.03426770760631298,0.044833732707531035,0.014943960492027666,0.01775562619778077,0.007352947513248274,-0.0030518222702400647,0.01254764446010207,0.02147831481693107,0.029274552317654138,-0.01044037518203318,0.007068370923538108,0.0028787573855941144,-0.0006029544952041834,0.0015214913558000101
2020-06-26,-0.031207732518181007,-0.0202190062729426,-0.013406572430679003,-0.032038411641779084,-0.05637808762411204,-0.09044996730330504,-0.034917388891497377,-0.03131126168641558,-0.022657441529320175,-0.01796960295725287,-0.02282185527753079,-0.018778374538261117,-0.030286990934062466,-0.01236920982878871,-0.08682624322974951,0.010646488395175563,0.004453278106478627,0.001519179931811927
2020-06-29,0.022785123480376143,0.010689870522411963,0.008885736629995186,0.009988984278160855,0.00441834869273126,0.02237066059173566,0.015920281666150768,0.013897886361747812,-0.004648963846975926,0.02098079546640324,0.020868978410352193,0.02309907257010768,0.03574727751399841,0.008514994753169147,0.02088370456038364,-0.0031517087735373067,0.0005402647428588137,0.0003794346471973713
2020-06-30,0.00831296592594345,0.025228356291618584,0.011370666364971152,0.017752856314098193,0.011333383363443415,0.021223533076862783,0.008984786408152827,0.0176375403114409,0.028844476561360733,0.017679618015521873,0.01610286449493792,0.009930568202456126,0.00938060590965282,0.008068436989169522,0.02872592594415317,-0.004868262520053775,0.00443114497501464,-0.0015186031738329366
2020-07-01,-0.001893238412914452,0.005830348942410583,-0.0017792965799017459,0.009381185085204078,-0.008541585135626521,-0.00025304284174552564,-0.02284391997248465,-0.01820802352647976,0.04253575127483163,-0.00946543785430154,0.003423088293881521,-0.003484324082723335,-0.0033252541897116597,0.02504088243995431,0.0451197876440092,-0.001943838864340955,-0.004491159978783435,-0.0022822375840371584
2020-07-02,0.0,0.0075920162209197435,0.004194070480374401,0.0017785538002295092,0.003211650335388481,-0.000860824925830279,0.008429255969756959,0.007844069095241076,0.004021499612887013,0.0014094435031480155,0.007473255739523593,0.013082383761759388,0.006294767092801745,0.0005683432942714864,-0.01753872164884023,0.0010397236498541583,0.002158274219091212,0.0007613247422841149
2020-07-06,0.026398627658691623,0.021297811921927333,0.014157658556104256,0.01513995678231291,0.02494001161159669,0.04922428616430994,0.007008054001549801,0.0029398483402757708,0.056086824581457764,0.00421645037914068,0.006185331665533099,0.013299826607622052,0.015056402687419902,0.002270148534942947,0.028965503997789604,-0.004104014826120968,0.005970879931626728,-0.005341485419584227
2020-07-07,-0.0031076725522891794,-0.011696039762939234,-0.0009096316619672468,-0.020552553412402644,-0.028616088840737797,-0.039344177564825195,-0.02624822607593817,-0.02584773358956073,-0.018794839678547413,-0.0088549582420237,0.004839049835892249,-0.017379543547834074,-0.015401242167506544,-0.0009722898196469001,0.0024109418503225773,0.013958109162273748,0.006290448610320158,0.002292702568123185
2020-07-08,0.02302305760200925,0.02175444392792204,0.002935833228008534,0.0057478183823812,0.010559305093856372,0.014392320339516188,-0.0023153518100868945,0.00046333836046856763,0.026637633803004254,0.0073310567598778575,0.005466946830253581,0.007284722615397015,0.0042676276226326455,0.02620202298231006,0.011229578826781527,-0.0040029165530428,0.006192335418199157,-0.005357839069611428
2020-07-09,0.004291066004961755,0.006976500261401013,-0.005459140097023638,-0.024427866836990067,-0.02188840229906101,-0.027164143913586864,-0.04213641075939483,-0.0427056435582283,0.03241797733364706,-0.00486795159997313,-0.00334189494749186,-0.018908622916681377,-0.02941388520692905,-0.0050667091733330285,0.0037698782559821,0.01579678332547733,-0.002708114218368904,0.003447618816607303
2020-07-10,0.0017477733389803136,-0.0030374564814709504,-0.0008425191820198559,0.0002403887442981765,0.053225038235504396,0.04339755009897234,0.030713043735627256,0.02965032350014013,0.005442910800898421,0.00863337825718029,0.011446323778518041,0.017971635263026076,0.007610494064856755,0.029752580645947577,0.002328575106727348,-0.005037491911957463,-0.002597250736926566,-0.0015308078009477187
2020-07-13,-0.004623893085491455,-0.031375868403154906,0.019751667916991657,0.02870200747162459,0.014232913532501267,0.016021962266959053,0.0002344391055255782,0.0019926162601499424,-0.030459207484708574,-0.0019610596004808523,0.001290635010367644,0.019801095552169686,0.007274285416561575,-0.013027479529569347,-0.0250803320903106,0.0033012244495713816,0.0012404384472491001,-0.001533154766683575
2020-07-14,0.01641296874808607,0.006162457516854253,0.018490616536181448,0.02897133059998819,0.0057183858475219,0.024262818511478237,0.0325175658119453,0.03396009797111124,-0.006464146619889238,0.032205538503023094,0.008348768088314045,0.047195148163809,0.03162237491401993,0.024327034784282518,0.0030497381232109646,0.0014371259958090288,0.00465267778863154,-0.0019197548623763531
2020-07-15,0.006853825296930143,-0.001488988963566636,0.002295902149509217,-0.014528733008467107,0.015358491244496512,0.013413674930777109,0.012626999787759217,0.006093451488729574,-0.024662862708649293,3.879051163934546e-05,-0.00472776232136732,0.010754354485299414,0.025532167181770937,-0.013613478385906003,0.002291619927286302,-0.004678230807642029,0.0008809797063494192,-0.0026938634698556855
2020-07-16,-0.012381269889511567,-0.02000260883739821,0.006655263044153202,0.010078289552494003,0.002803646573743793,-0.010334452566975917,-0.007873170801038588,-0.005980271701585822,-0.0029856382132251464,0.0010855238718352337,0.002086175834939952,0.001444460744909675,0.007540772101444824,0.035575824974805555,0.0027015248865208596,0.004738066260519832,-0.009496635502688764,0.003462207726395654
2020-07-17,-0.002022297811736292,-0.005113088818817719,0.0006697923892580183,-0.0020205977413221845,-0.01867138058577837,-0.015302589259226344,-0.01731250529340843,-0.013329733112093109,-0.012724367276587762,0.008872488092195348,0.006949187276099595,-0.00455713472660339,0.012464456361548845,0.02574807534206078,0.004555250547121876,-0.0020963740422937425,0.00820426617518682,-0.004233217788251211
2020-07-20,0.020854956211597747,0.04208302873553598,0.0016725208782779985,-0.010065823771420335,-0.00879981121074657,0.0014180376740849988,-0.023716526618238157,-0.022266952685711827,0.07630823440370835,-0.000806838963829153,-0.0031091825578109327,-0.016720457303567096,-0.010441419158546543,-0.00382020074858484,0.013909343132938382,0.0024553115910048496,0.004808547352439019,-0.0015438057881911093
2020-07-21,-0.013897821686128067,-0.013560336253590152,0.0009353912622676956,0.005422561227173517,0.02145372303193013,0.0014631961639927711,0.04935023139403143,0.06931337053007733,-0.018484756314235684,0.008611010172441248,-0.0013583158974904816,0.009168271245074576,0.008891832071636466,0.007264042400541429,-0.015066894215308966,0.0005979430936184566,0.01197897675990697,-0.006199167469575733
2020-07-22,0.002805339702796585,0.014268969801422124,0.001801501738406193,0.0052303084159927805,-0.007269088039469664,-0.028804441055268016,-0.023567825468726017,-0.0038370929066767106,-0.01230498678050157,0.010424856063324132,0.008518820674781262,0.008136383533951885,-0.0009697127177937166,0.014692675624726382,-0.007807024412417309,0.0029843641583353294,0.015087914935865311,-0.002724267103523805
2020-07-23,-0.04658488215298432,-0.04446893562812998,-0.0026700503148463254,-0.012268885033955023,0.0029341853397166513,-0.014571672433608431,0.0020616202469483035,-0.0003295797886454786,-0.03725420375582187,-0.005141982670585491,0.00640642088176552,-0.0027779826331556464,-0.005708000189646835,0.0019594227765868636,-0.030776869836109198,0.011613568936883964,0.008786655550242037,-0.0019504589773979546
2020-07-24,-0.0024803204785716613,-0.006141065258294848,-0.010009152180784884,-0.007221443864120781,-0.007097261870826846,-0.007664009428457582,-0.006197655555051855,-0.009716318021462849,0.007459011875624793,0.005669806540272826,-0.0015865464219651177,0.007148618961230009,-0.028369761171277097,-0.0025658401164405705,-0.008158729507189686,-5.8911896922550254e-05,0.00854225718149604,-0.004304448045474293
2020-07-27,0.02342377335577702,0.01258809661929902,-0.006366428546652105,-0.007307461737177823,-0.014141028755944056,0.007664009428457512,0.014628832307724205,0.010045897810108263,0.015270443100561594,0.00792150257584682,0.002853973714391879,0.016650833390816373,0.00886111264601953,-0.009392769994484221,0.012020566531644728,-0.0037184637801875348,0.0195612033325815,-0.007478877607921146
2020-07-28,-0.016564021113865915,-0.009017726864013755,-0.0023808725234745233,0.00444422899137466,0.004324999018401194,-0.006919758730334625,-0.011869575555836868,-0.021427408752835088,-0.01812604741340295,-0.00803458423960768,0.012273954245020986,-0.013385346653223296,0.008257139756335886,0.008643158151696603,-0.014581165114211593,0.006894750198521501,0.008306512594982239,0.0015791554766687223
2020-07-29,0.018986987797928845,0.01004736584635887,-0.0019770262433075076,0.022255744594155583,0.023960537123837056,0.004750132632991253,0.010961516469569358,0.01071558417028401,0.011004675299268098,-0.0023398886021702187,0.0033568867145365618,0.017949936276763674,0.016765453522793183,0.004986830880315031,0.013681402847647225,-0.001704529169576731,0.007482142908139083,-0.004744967382914698
2020-07-30,0.012027546550343318,-0.0007843906669195001,0.0020451298971596197,-0.0047392679118015615,-0.027047912221603874,-0.0151702692945218,-0.050301639738569756,-0.043105232706255284,0.006030836251712057,0.006215060403737833,0.023949090563369475,-0.02741281079091493,-0.035692206367801446,0.003192737465443796,0.005173273043781637,0.006567012753719659,-0.0074277226202423465,-0.003971411095594073
2020-07-31,0.09956351885855752,0.00542908085587118,-0.0073821251175855565,-0.008059121595280345,-0.003924408630668049,-0.0078996108804948,0.0050029883986017305,-0.027379655183380647,0.036294150469884046,-0.0030838685591423895,-0.0022853670345931018,-0.028561713016269284,0.0014068940115584355,-0.005825535087264816,0.07857862182550543,-0.0006430680415494024,0.009046893958448878,0.005951217722648259
2020-08-03,0.024885402257393798,0.05471652944651533,0.01084927567196216,0.0027375138719373127,-0.005603418210341472,0.007197715734878909,0.004031785373888394,0.010311202467738789,-0.01682168599169542,0.002595596469219749,0.0012956825103185125,-0.008312599819580192,-0.005639491280669342,-0.011141278439387484,-0.006763864958096745,-0.005041106103101433,0.0011318620336833308,0.0
2020-08-04,0.006655941133289277,-0.015122545829892418,-0.0008826425531864197,0.002927104094637998,-0.00573964529088304,0.011221223396103219,0.02846669119862859,0.019615339945708014,0.008619860370570687,0.006329016538759862,0.018862789540012345,-0.001974934177732603,-0.008111989322047696,0.026519398548300537,-0.008489658196360751,0.00948707045306906,0.021054531440972073,-0.003566478916596829
2020-08-05,0.0036181218428606087,-0.001642306166364935,0.007983264103165012,0.02583737741788781,0.017223916147850692,0.014181840997207236,0.008703673817824803,0.00817553059573116,0.02087133168494761,-0.0014569910114420853,-0.002619467874885239,0.025893600213122526,0.023412104055390556,-0.004465313398090998,-0.002845978471564249,-0.008781229590908336,0.009240366057764187,-0.004376374598203303
2020-08-06,0.034294433034134694,0.015887030784178396,-0.005744229344239985,0.005075585888894248,0.00030856261382238665,-0.00132103647149619,-0.004800557853505342,0.0030915465172605995,0.006211499544495642,0.007041102014878914,-0.0054856421618590615,-0.004306510961744957,0.011601975887654341,-0.0034239960031154527,0.0628511638612464,0.005570391723027153,0.01318677607120246,0.0
2020-08-07,-0.02295634066453288,-0.018049600382853016,0.007091030894318151,0.009412356166559485,0.021768736727327796,0.01949058111029363,-0.004593485339366541,-0.007689255765325541,-0.018002945370038118,0.008391761044777473,0.006309643107008296,0.00393598963455475,0.016445493974052174,0.017421005259180486,0.011841553343104532,-0.006688203282745877,-0.01601281940066338,0.005963046887745997
2020-08-10,0.014430200360254112,-0.020108585240891146,-0.003843176357955206,0.006508126660641609,0.012598906777371681,0.005315468040556273,0.02433320740300849,0.0331985396431575,-0.00611184969291461,0.01131113694002663,0.004109850731463834,0.05128588256035288,0.02747041178293195,-0.014490470899117312,-0.020473393112548637,-0.0044837833229134,-0.0034649341679816644,0.0015841587482280026
2020-08-11,-0.030191057250422315,-0.023663130683890313,-0.0071864716072756905,-0.011187385253831419,0.031108837447298195,0.007991670351555555,0.010281717755237138,-0.00122665195203429,-0.0216710493885241,0.000691349067924556,-0.0065088323149774556,0.0035846111126523026,0.005317331348335857,-0.020840395883857263,-0.026468904091153996,-0.011986164766324876,-0.05518977238529597,0.0015816531580178537
2020-08-12,0.032693965694432454,0.0281667795377492,0.018137570334246348,0.021072555478481525,-0.008512336174936746,0.0050568410415103475,-0.00022239519718862485,0.012199330622087487,0.026133531438934432,0.023936452780986984,0.016599435813971296,0.00028060329897975874,-0.0013110662093166602,0.02418411545198775,0.014573336483638262,-0.009107503701013155,-0.004679152922306597,-0.003165811906245973
2020-08-13,0.017542770732824033,-0.0023451158177229905,-0.011153780888449172,-0.002329953367790885,-0.00555259329307805,-0.01778797020132623,-0.024800352575415317,-0.009970172320765048,-0.0003858769100554258,0.00028407073523750096,0.0023595350872601677,-0.013416385395898477,-0.0011876857152159157,-0.0006678500742479107,0.0054107079563744664,-0.010746589567287447,0.023343498508267807,-0.0003964321164661889
2020-08-14,-0.0008916242290039359,0.0009578544794470337,0.0016203082129451457,0.006757410791371647,0.00039066315651240956,-0.0020174855531232133,0.004407848454340383,0.0058833493785696855,-0.004121076550010403,-0.00394870757278947,-0.005020683907705161,-0.005060054270023781,0.008143877622609742,-0.013807972966982846,-0.00022964749198599917,-0.003914378086601216,-0.00431848048620265,-0.0015873019216682488
2020-08-17,-0.00261420971078021,0.006584307388588888,0.005046607622203627,-0.009903683810239683,-0.026718391247044292,-0.023843091341222672,-0.013047715393018012,0.004637817500158413,0.010865087620060195,0.027041504243017985,0.002956395353613814,-0.008899154467236168,-0.009528657852614508,0.008837836366795361,-0.00030627871624327514,0.002509411605478864,0.02146191199513909,-0.004378116444404216
2020-08-18,0.008298261982560035,0.0057377400932554145,0.00735592456890606,-0.01161125202355369,-0.014038507583420562,-0.008704738677854372,-0.004937120641704519,-0.02059174544181111,0.040061401044671686,-0.011304286171257293,0.007426231695201069,-0.0025262563511853032,-0.008730364808301435,0.000211999153359878,0.004508126068817351,0.007126571961615254,0.00896771249474943,-0.0056000146339541925
2020-08-19,0.0012539457688499323,-0.006070684993929137,0.0019968057756344234,-0.004460550569529978,0.0023365683418805714,0.008458487845277222,-0.01113887568782207,-0.014251476697619402,-0.01582574863607587,-0.00753710467631389,-0.005435594402463353,-0.002532654489085077,-0.00337332847011983,-0.0025115420275600205,0.0009525080255158838,-0.0062711399167012655,-0.03207445187974753,0.007990454020898973
2020-08-20,0.021946966600305394,0.0230046913005623,0.0068255127311285975,-0.006584726287686518,-0.012045878608066229,-0.0057796490568817315,-0.015370139276871154,-0.018458467997416683,0.011250757222497054,-0.00773684520834463,0.007923157874022608,-0.00392015021030846,-0.004344777137179954,-0.0008149526535455947,0.024154673219400465,0.008998662291361375,0.0068901677957529574,-0.002789402089499566
2020-08-21,0.050248572149079615,-0.0072965711933879835,0.008810629682814757,0.002581798173419474,-0.0005136370758584827,0.002869300474228482,-0.007530704846854349,0.0031785299596567445,-0.0038437686433465783,0.00904405802848136,0.004302022749232429,0.006886330717420108,0.008480300766370607,0.0010628499543452402,-0.0074624427497385,0.005974490479079172,-0.008043158836817475,0.004777079146959177
2020-08-24,0.011889320895827626,0.0031403086435177574,0.0026150642511947515,-0.01701540297427824,0.02776548814485372,0.023965810121658167,0.029078103016168266,0.024612340582587662,0.00689911082453072,0.012351467597037261,0.007755066951383059,0.023206210775282423,0.011803084605774587,0.0007787059721042824,0.016270789855895678,-0.0016258697471048722,-0.00567447739198167,0.0015873019216682356
2020-08-25,-0.008237558174959933,0.01292560305327924,-0.0005916965425058387,0.0108847240879848,0.004387721439308872,-0.00648378910539655,-0.03225309652333118,-0.012346548114724876,0.011731512150007442,-0.002164503009705528,0.003962969483672732,-0.0037478387751547363,0.031864381526716626,-0.0046813576283568775,0.0341569939482562,-0.007683270804564052,0.001214731528088725,-0.003574978979127955
2020-08-26,0.01350740157689198,0.021389234602483712,0.0015770801011024875,-0.010949484635732127,-0.014129199429250035,0.005904862033812554,-0.021511523026220433,-0.01579811687527841,0.02809708216791787,0.02006779450202184,-0.004829708432512534,0.004806002607084448,0.004729574666293368,-0.008245482277890048,0.07901771025600125,-0.0038334039455089875,0.011739670732460253,-0.0011945054185845017
2020-08-27,-0.012026423861482036,0.024256879131235254,0.004454933992493604,0.009186352857944197,0.03236978403741395,0.014040530627596609,-0.0067711857481822495,0.001532206086873975,-0.012233685903273993,-0.011368456460487874,-0.0013015186218248522,0.01079954395162673,0.004105046513440941,0.004577321679895487,-0.035808424432282944,-0.017155399675095096,-0.011629313727437267,0.0011945054185846106
2020-08-28,-0.001621183818351184,0.01023082975827901,0.004305009584168095,0.008625700404219526,0.0040951695294932184,-0.011678685363238062,0.023624124892641825,0.008443817025629949,0.000529271675738569,-0.008140307943927472,0.0040436187668315025,0.0018118471854889193,0.014295784331740733,0.0023995857012621695,0.001499455024546796,-0.000744509279412242,0.017230959918135613,-0.007990454020898877
2020-08-31,0.03334988353277048,-0.014875725415578502,-0.0014981276210629096,-0.005806179777099313,-0.025425098365941017,-0.007684352628058983,-0.01860403402639911,-0.020052570942641526,0.014347749907603886,-0.004375761799770482,-0.003175751496372138,-0.009232771748246016,-0.016950065916427465,-0.001360252214402164,-0.001567665522131735,0.0066190585295599624,0.002383403977515866,-0.0012040940656341216
2020-09-01,0.03905974831786314,0.007685550197610824,-0.012396446418887033,0.0008954556229000846,-0.0004991763698741458,0.0028757361475355713,-0.012851380099742571,-0.010179119087215315,0.013859055105018739,0.0031524773031887552,-0.0010849518258713327,0.025941252138540122,0.014512128035351093,-0.007334205085339883,0.007610800531792279,0.011359613402314719,0.0011895751375758461,0.0020060187282474394
2020-09-02,-0.020936076083658443,0.019088873876984984,0.015130467129774663,0.023410802683585016,0.014966333173318958,0.022046620981508613,-0.006105335676874085,0.0013231492873798365,0.009197043166454644,0.009606088068021207,0.01672147755737059,0.021807717811124526,0.026437916274386453,0.03937614048286247,0.023615506926589914,0.00947528954991995,-0.013218567643971002,0.003600724032210942
2020-09-03,-0.08344778808635128,-0.06394872460038857,-0.028217311491912003,-0.012600917749120574,-0.0031530226140919007,-0.011877534270377561,-0.0020434234437403656,-0.01099908351018481,-0.04738945509685144,-0.044754099989703644,-0.016142690101396556,-0.016958147157882728,-0.03642992210423288,-0.026968321541153955,-0.03834572416690688,0.0028372238408766533,-0.008137278241391705,0.00039928129925152246
2020-09-04,0.0006615944670944206,-0.014135329784696737,-0.006439949807265459,-0.01346660912552108,0.021382313291620818,0.016153278348987884,-0.0007673615935060337,-0.004262840631651515,-0.02202826132809011,-0.01826283097852738,-0.0021721824480712645,0.009629151501252894,0.00234241375608004,-0.011722455040729583,-0.02924317467339071,-0.019171082835735136,0.002756493282948019,0.0015955328485569638
2020-09-08,-0.06966628411958739,-0.05561385945750676,-0.008991103328310168,-0.015341439363526147,-0.035394964935444855,-0.040932616611454135,-0.023299008877599323,-0.0367971906432148,-0.044939177155283394,-0.0014844506545547292,-0.01475017615028427,0.002291878320400154,-0.014624384401578204,0.002125246194545732,-0.04178332606795792,0.006125968679362212,-0.0019287471881734822,0.005167970157394206
2020-09-09,0.039111615797185965,0.041701899405275404,0.01643355948489013,0.015405539872999165,0.009462693249677483,-0.0012849025737931134,-0.0060423144556822315,0.013333530869294926,0.037013160189250015,0.028484444543069514,0.016126439451033113,0.02769009288647138,0.008969213512820642,0.015920947412557916,0.009396633521615159,-0.002690803971927276,0.009661380524668367,-0.0015873019216682488
2020-09-10,-0.033190516795631474,-0.028418367073458826,-0.018813137042915328,-0.02406784785790365,-0.010363819717711326,-0.010988848364996005,-0.025351591196960746,-0.023771507511562335,-0.02902254067215772,-0.015789610242774275,-0.010551307639769072,-0.018708197259453673,-0.008969213512820656,-0.019525724035433473,-0.020782941053209894,0.005069796767788314,-0.0032283686489169654,0.0019837340381345875
2020-09-11,-0.01321585601877659,-0.006546188496177099,0.005904526977916806,-0.006158121316819448,0.012344606738377228,0.004539453583824768,-0.002706361598953331,-0.005903507905266507,-0.018721548559983224,0.01322351381674472,0.010478919931128521,0.026146571631923732,0.013183548467910844,0.0044679928763067265,-0.005535828612683497,0.002130185523203907,-5.480803487178185e-05,-0.0019837340381344396
2020-09-14,0.02951545872266604,0.006740939945342934,0.003849665376709885,0.023245043007376707,0.013756726724040378,0.002088202419373479,-0.006525308633725235,-0.005161967843361291,-0.004261011497473361,0.015512537719932919,0.003540849889014963,-0.0020823850829182512,0.012062728376555518,0.013462806226282887,-0.0017268567995472185,-6.0799514000840614e-05,0.007861589870305106,-0.0023856870132361726
2020-09-15,0.0016024603360187514,0.016273084178953397,0.003633431530285307,-0.004352069227166048,-0.031625931915282984,-0.016727990606861465,-0.010695289115637989,-0.01223654945501644,0.01698687616043915,0.01741385861400056,0.0,-0.03250757920114855,-0.0010095912014101154,0.04772208411047088,0.02328493340033771,-0.002435016726360793,-0.0023956019514707683,0.0007958615626507017
2020-09-16,-0.02995787788025137,-0.01802721414223393,-0.003296447534202774,-0.0023136466532796157,0.0042215360724127795,0.013444568921487609,0.04158266460549169,0.028534632381694344,-0.02503406999885841,-0.013928047302007404,-0.006731107815410761,0.016749916141829028,0.01005033585407217,-0.05330660428902673,-0.03321572658990558,-0.002990998719731773,0.002830550036401016,0.0011926059813342175
2020-09-17,-0.016092404628702293,-0.01049132085856841,-0.008322949557043676,-0.0050368054150065344,-0.01150017718288497,-0.02958421615831959,-0.00026451527641675163,0.002923421211442481,-0.022794460703642182,-0.005947416878808129,-0.001308044659936857,0.018100041643910793,0.0019980026620898027,-0.0029649761832492346,-0.03357185287616885,0.0030519464574449377,-0.005505151123166146,-0.00358209338036026
2020-09-18,-0.032234119602536936,-0.012497063213310126,0.013565249350722668,0.009918515243159683,-0.0021329549506326185,0.00015396853964523078,-0.016269194688096702,-0.007388568643161877,-0.018049869272830928,-0.017184967631588215,-0.0010913457372750501,-0.009665065767778773,-0.00967445016078161,-0.009345190576046504,-0.0090273600138771,-0.003113080494219042,0.001310902525504143,0.001195457405596976
2020-09-21,0.029874985942718115,0.010671930137881364,-0.027730470636192675,-0.029085892848148904,-0.03139780788517377,-0.004423192934298604,-0.020647296916130046,-0.024724578323350753,0.001879845973491851,-0.010373764360044722,-0.00481612139348157,-0.04743600566351415,-0.04442212459882347,-0.0026034148350518723,-0.01749665150575092,0.005061449352007584,-0.02029182990569831,0.007142887512692602
2020-09-22,0.015593627974392059,0.023808325257788962,-0.006152589316401815,-0.016615092812287777,-0.01097173154196261,-0.012343914840448368,-0.02501520098819177,-0.010143009966192893,0.05536222925745979,0.0035186782629701052,0.00910189412498105,0.01244545604095207,0.008085216085664561,0.006711676766870303,0.026249270069178682,-0.0007910670688359476,-0.004858037864912726,0.0035524016022372147
2020-09-23,-0.042851300775990794,-0.03348269932519667,0.0015936258353216992,-0.007230590847035592,-0.016363126444794707,-0.029122617245994558,-0.03261158558817236,-0.04855849499127468,-0.04214464785988178,-0.025044838824209464,-0.01203208448614133,-0.01900376196821966,-0.024202506500396473,-0.017230235649775764,-0.02274945757843576,0.0013383625306188065,-0.021843331122423676,0.0055009961895882255
2020-09-24,0.010216490831187024,0.01287847805832141,0.0015910902322855767,0.0017783862414989756,-0.0008629989741767253,0.04717187510526144,-0.002037549824956149,-0.0020869572800059195,0.006621671632647693,-0.003193990502657941,0.004465110079291562,0.00525008113913885,-0.00018894662319586338,0.015358384851218232,0.0020459339198630965,0.0038227042091446024,0.003711850762637671,-0.0015686277691589325
2020-09-25,0.036829559279052355,0.022530818529632946,0.006819852147760068,0.03306975180665796,0.00870364920550013,-0.0008203866535388288,0.009280809076416643,0.00041774003269358,0.024642615940298155,0.010669263585631751,0.005099450112784907,0.005291199425543261,0.017049593325857555,0.015303502323541752,0.020978265109022114,0.0,-0.002854046117923937,0.0027434859430944844
2020-09-28,0.02358849027753479,0.00776498173701909,0.009905467472730157,0.0024103159936790866,0.02837294159322214,0.020913406237332326,0.019157126243429794,0.028816483483005834,0.025178466487742825,0.013977449863311422,0.002829882525582562,0.01205777747867075,0.01931805084453715,0.00819850517720902,0.007818036849987246,-0.0028504734705597666,0.01001032133394183,-0.003136027655961076
2020-09-29,-0.007596631162415486,-0.010463258405635936,-0.00033993949446750333,0.0030294073023240686,-0.008459138741203694,-0.011519351346846292,-0.02960411620981456,-0.02784243484116225,-0.009232641351617856,-0.0008081699064222143,-0.005449208820105208,-0.001829950694739408,-0.0007899134541587145,-0.0035962384077083682,0.01916720524602914,0.0011532976482126036,0.008397017413672726,-0.004722558957428693
2020-09-30,0.014963306587542104,0.014703682131166044,0.012299945566567787,0.02474473570497896,0.009602411743640255,0.02101847286929196,0.0014575137388351507,0.001389854289002855,0.0012234633160437428,0.02037100743875721,0.012525050616763919,0.011734690901028553,0.000607681107360083,-0.019833710005513122,0.00042009586437945104,-0.00963128444726508,-0.006022927778996601,0.0
2020-10-01,0.008426533094512897,0.010076009464643971,-0.010533520757798811,0.004161071236677695,0.007244908526646084,-0.012114685610816649,-0.03558039115498227,-0.02218880528939937,0.022773390426928015,-0.00032413160042033256,0.001797074845959028,-0.016494661809127457,-0.0056657375351493,0.018561355271665286,0.017899178032179698,0.0016466895237228396,0.008880953205055442,-0.0015791554766687507
2020-10-02,-0.03281265608905365,-0.029955661550274505,-0.007357983870329699,-0.0034877245177179716,0.009442746957071304,0.006776283929063991,-0.004537899180463603,0.010875045388299944,-0.030338304176198053,0.006069003958712756,-0.00807619042114625,0.021777364923294813,0.011722324398110596,-0.005639012690042954,-0.025411094392192305,-0.003741073327715832,-0.0008957564141663355,0.0023677990512115535
2020-10-05,0.0303264788046542,0.020117345509629132,0.013516013819952764,0.01958388648801019,0.020725606642405765,0.009459866413154305,0.022782759985929588,0.02098902542416155,0.02346649536210672,0.00993934190239172,0.009152887220324951,0.023400204250704573,0.01860490956859043,0.02368846268509201,0.017957363150611434,-0.01973258366636764,0.0048610236800771655,-0.004345256687259848
2020-10-06,-0.02908852657254703,-0.021476239190783453,-0.01337926168329589,-0.011697888689213537,-0.01035226945522557,-0.0035245388813240834,-0.010427623165041602,-0.005517255374551897,-0.031511570368424884,-0.020159302027743103,0.0015770612588490837,-0.012851793177337706,-0.010905623414830196,0.008198043112615221,-0.022893740316998958,0.0053750129407529315,-0.011830476351130772,0.0027673470931421956
2020-10-07,0.01682479224999781,0.018858498946344178,0.011015274225379783,0.02735341956696419,0.017294994932841198,0.012404715638330498,0.0032889848758003606,0.020263563002384192,0.030413818772234997,0.022602256738027994,0.007777143119363086,0.021156518776718484,0.02753985654893838,0.023290123194291912,-0.002089864919495845,-0.007319623533602959,-0.00045131446100597474,-0.0011850682809239023
2020-10-08,-0.0009563139181005218,0.0035679493618483793,0.006806644199012571,-0.002354473035567769,0.020347086747090966,0.021284636555428685,0.05120373814032036,0.019329460874331544,-0.0016097112259748072,0.006098977147235773,0.006729262156004348,0.01213770801390265,0.012915362106448156,0.013107048680845328,0.021615005695702804,0.005385447294436979,0.003548599775307932,-0.00039533505187254773
2020-10-09,0.017246266897357757,0.024532762525076374,0.013873363312031886,0.01670165696950421,-0.005714864306994992,-0.0021178290548682322,-0.01485741615763856,-0.016352059838111204,0.029675493211355267,0.004908501545863259,0.008925806878998757,0.014448920573391375,0.0034466945889252507,0.006192585398569939,0.0026125987488134395,-0.00018737703387377975,0.017998424173293667,-0.005948857519263449
2020-10-12,0.061584688642584734,0.02557262932124072,0.005746193282501105,0.006476056746620646,0.012178504476917528,0.031212513347883226,-0.0031714023989565404,0.006868251362411317,0.04645404410345191,0.003456526319108573,0.010925267850230205,0.022827923325327498,0.0056041777600201,0.009070356970669727,0.04184246062132097,0.0031806444223764305,-0.0028757900584776607,-0.0011940299934290134
2020-10-13,-0.02688552974642906,0.006572751343985524,-0.02318558224001781,0.00438471196439088,-0.016337338078300196,-0.015579351652854973,-0.011910089950854847,-0.01500940894581711,0.0002032945338196171,0.011952954686193944,-0.0019397304318663486,-0.003017894077545699,-0.021966234455393665,-0.013835579925278528,0.0014133253545410179,0.007135131868352755,-0.01585385444157258,0.005955943752346846
2020-10-14,0.0007429114214301008,-0.009014754999672699,-0.001754031347616361,-0.029300854702948544,-0.005572153721505599,0.0019903333268790945,-0.002047682444103874,-0.006149660652320472,-0.023481616078811798,-0.011325776965387552,-0.0011795317931895647,0.009148745235304675,0.011129904468644073,-0.0027569730647113502,-0.015767900960713375,0.0022848683793981173,0.003089976896062435,-0.0023781224066074668
2020-10-15,-0.003968587266938444,-0.005448120258822976,-0.006163452069977685,0.00841563086909307,0.014856171022564483,-0.012529044632252379,0.008746411439421294,0.007647176417275149,-0.0074779978337284345,0.001566225543305801,-0.0014589921649220965,0.00870232176803068,-0.004969959374559796,-0.0072776151621148045,-0.018940663524925398,-0.001728608900924138,0.0036395236008770035,0.004750602761870031
2020-10-16,-0.014099428496710578,0.0,0.006163452069977604,0.016288348866713202,-0.002066624756681235,-0.011523475554613059,-0.0102116131692516,-0.008469995992266862,-0.019948145798359167,0.0004172461810973842,0.003885925367185817,0.02223046098942066,0.012950939354480826,0.023641136789440305,-0.002966302747351921,-0.0027843968117284676,-0.003471253695552479,-0.0011855365949167904
2020-10-19,-0.02587378376829424,-0.025077372023731972,-0.025854664960188744,-0.017367280520976025,-0.01698913247936991,-0.0025248860218993955,-0.020142861122272235,-0.02233567223023635,-0.020216987540200154,-0.01375614544551535,-0.017324918136266406,-0.007255890047493854,-0.018877743455196303,-0.01999570876268705,-0.017181315064770282,-0.0037868251479567963,0.0005046398940814067,-0.003168319484228441
2020-10-20,0.013105673897212929,0.002005270334242494,0.001592412148086205,-0.0025014295889913963,0.005695174508441874,0.011312119080131916,0.008343314193290716,0.00559598550391678,0.0030509564123912766,0.008108579450073827,0.004008585134853734,0.008677101869838253,0.009685446164285082,0.0047956930764707605,0.023292039060026706,-0.009561676447437334,0.004809314716553554,-0.0031783896419091836
2020-10-21,-0.005461230400204139,0.0006985679637182532,-0.004298398187790385,-0.0019189111427028221,-0.010013100582581544,-0.024919769091052858,-0.016153507093910717,-0.01136455584534639,-0.010018906196094208,-0.005363258846792853,0.005389716613342519,-0.009453383519545215,-0.002253489527265442,-0.01105795756744498,0.04089973107126209,-0.0034596669202032974,0.007503161503155315,-0.005186526690876144
2020-10-22,-0.009629512979471596,0.0004189066601894487,0.007958244140343917,0.00906686036155701,0.03471300324606295,0.012196766514899062,0.04999570982492243,0.035076722798978215,-0.002684970503212245,-0.011844500025540036,-0.0070706625817230934,0.013410276324282372,0.02276204871704536,0.015301573656477966,-0.0021908960905920247,-0.01045140154709202,-0.009849007082940085,0.003992021272291562
2020-10-23,-0.00615279899278671,0.006216386691174863,0.0011022321313591276,0.014840368043694388,0.008999044715908221,-0.001754215438671993,-0.020284671169607364,-0.011372322330184042,0.008776385319905804,0.00652299533525438,0.00655324192865269,-0.00023579344607652499,-0.0074349784880983726,0.0026431442353810623,0.023699391330857817,0.006094096178433252,-0.0010630263680426152,-0.002393299907490228
2020-10-26,8.692250834929059e-05,-0.028854245431586108,-0.00878260200783486,-0.023071120901476512,-0.025068369528665133,-0.019203899039338685,-0.023997596560871175,-0.022717163945697016,0.0008235279903434547,-0.02490111489080773,-0.007614249985072789,-0.03249328929803066,-0.031068999780008582,-0.001386779592099054,-0.027337527289069418,0.009260200349892877,-0.0005039334914448753,0.0035878053260748085
2020-10-27,0.013382457434984799,0.014976775817759155,-0.0057119129942635695,-0.007924587363578178,-0.01904629544968967,-0.027520511077262874,-0.016019686699623382,-0.020363822232535595,0.02442304727345876,0.0028939392215335835,0.007473770951266489,-0.03295119205110779,-0.020302252587849425,0.0015517443725823505,0.02205656867036545,0.006686898021966129,0.0026288574023354515,-0.001991635792151816
2020-10-28,-0.04741889209961446,-0.05083680576420025,-0.03403404747509628,-0.03981369414846042,-0.02849020999513357,-0.03066785937294211,-0.03883078309180834,-0.03857065833662063,-0.038320052938798504,-0.026055338107384637,-0.033572183671634816,-0.04368637199715766,-0.03409802447256179,-0.017572337145646943,-0.056716229441830954,0.0009338522084258459,-0.016275172698588768,0.006359321908065165
2020-10-29,0.036380490953709835,0.010014811243638103,-0.008492157730799267,-0.014125267551801336,0.006504591619737828,0.0008954202489503596,0.04339075451362913,0.02830377616444792,0.015134141713311504,-0.0003337350547071224,-0.0006539984972298419,0.022954936568276456,0.02112062791986282,-0.006061849235395336,0.04799462555059191,-0.009754954794216519,-0.004153278806121521,0.0039541372181235435
2020-10-30,-0.05764821976456831,-0.011051464428123377,-0.0005833029690451931,0.004796172263538094,0.008913536808058311,-0.004749599936533784,-0.010672459889778446,0.010123007631077123,-0.055995263969622976,-0.01088872301362542,-0.0034222919051204955,0.015270410934717402,0.0021241094312760547,-0.010868195550486832,-0.06517730836621564,-0.009914513975156726,0.004550633563996289,0.0011831987190148794
2020-11-02,-0.000827091900384793,-0.0006916996321109785,0.011457703299223191,0.02255296159161631,0.022291507527301024,0.006117517232607793,0.04114076651424777,0.03742053264867193,-0.01048575733947127,0.014997024959691985,0.01015973905929658,0.038841046153202115,0.05116900657913477,0.0258879227220276,-0.006673428392619716,0.007457375524699582,0.009658090944604927,0.0011818004141158469
2020-11-03,0.01523682595628231,0.020061344091068183,-0.0013709010407055727,0.02920722254054706,0.031034603009842468,0.03983728272145701,-0.017211107338074124,-0.0056988131150071146,0.014515635125794464,0.02419340419455609,0.01944863246085486,0.026711764621421368,0.031746898301667305,0.011776517179145324,0.01496249385079915,-0.0058183822124881195,0.0056609741179631965,-0.005527057101375583
2020-11-04,0.04002486414761081,0.047120963301286393,0.006477172698699274,0.09834671230144702,-0.031034603009842517,-0.00030318342820437544,-0.005402174003063373,0.00041808933800535414,0.061311147206209574,0.01910465361896042,-0.004115524150985676,-0.07720914872076025,-0.0016754164533883769,-0.03616304058928544,0.07994412065742014,0.02146032035149778,-0.0005590652574753132,-0.0015847863866640432
2020-11-05,0.034878310969977386,0.03138903985634325,0.002579167499413366,-0.0004513653879087655,0.04008356733577205,0.025398665886739853,-0.0018072294053089275,0.005142114033047262,0.024635720771053724,0.011010189138864179,0.012296105738625966,0.049394307630635195,0.024132152043718647,0.019315789299561337,0.025084640013450673,0.0017367576627980012,0.022723852696034896,-0.009561825836683323
2020-11-06,-0.0011348115120513695,0.0019238949136082797,0.017659407180949566,-0.01977666826512447,-0.01341007023511801,-0.008411310786137384,-0.01182727964588194,-0.01381835093955756,-0.0032050101530167255,-0.005648245997217104,0.005952190116259342,-0.011098208739708054,0.005387035201151603,0.012893114070620194,-0.004319073523859912,-0.01215839400027325,0.0014202995941608558,-0.00360938832041599
2020-11-09,-0.020170038282434345,-0.02411281467673601,0.026568343839795828,0.007283604017542625,0.1269783051904698,0.06571478921429869,0.11920565554959574,0.10970804371742511,-0.05194882709174606,-0.05150810999906214,-0.037270511028486865,0.0574063835889019,0.06675089268151868,-0.0027772285254743204,-0.05118387921128153,-0.02123895095729689,-0.045280853274673134,0.006407711151148199
2020-11-10,-0.003013476817255225,-0.03437692955883522,0.014947961436254648,0.010487668781034944,-0.003255936386875793,0.011748516261877534,0.02143130511119767,0.04518525759764122,-0.03519515967075933,0.02053083809008581,0.016316624344942646,0.008626773015349838,0.025015716570445674,0.006336654865861065,-0.023005368709531456,-0.005783706116730775,0.003307296166276693,0.0
2020-11-11,0.029901148893665252,0.025915941942892182,-0.0032423697682110305,-0.005642283784562402,-0.015045679411159267,0.002663484307604373,-0.010362787033665982,-0.00737029857303271,0.03317322980675724,0.007879748715686717,0.012822050775644562,-0.016620232763273603,-0.013407632253284488,0.02019217956159202,0.014756785245734283,0.0036026801706853778,-0.004335926464414912,0.0011968882346714124
2020-11-12,-0.0023460421324369286,-0.005139019157388324,0.0033772406292618727,0.00767589555746746,-0.012360446650669923,-0.01636803696059952,-0.03486617285461255,-0.02194656832955092,-0.008678489789505743,-0.005451375437978566,0.0005629442125046393,-0.001949260784493344,-0.0056358021661765175,-0.011283434673052472,-0.005076521164225747,0.016874544761491,0.006042314455962662,0.0
2020-11-13,0.00041933996563386136,0.004954287248962249,0.010731155964727047,0.003548899623589509,0.006243150636751863,0.021080602587236017,0.023840702843489204,0.028835229325865807,0.005939986274753187,0.0033609832689708687,0.014873017938287965,0.015139357339857632,0.021566611496066795,0.006759417391055861,0.006775020027637053,-0.0013268886417199708,0.006796582574478283,-0.001995610322413691
2020-11-16,0.008682639285752256,0.003319964316570574,0.006317560496626504,0.0032281182858536475,0.027834798993606018,0.014950670359748197,0.05604915138469606,0.06898484222744763,0.0007188647997144628,0.00862167211490026,-0.012905205088607976,0.00858225041534922,0.03438272992687655,0.007228636098251621,0.007231417888168198,-0.0024055211953355475,-5.6447743516377464e-05,-0.0024000011490149463
2020-11-17,-0.007593177623620498,-0.012833459276949358,-0.00999342094295866,-0.013316226785603309,-0.010196738020681538,0.010156005241333517,0.013276259039067316,-0.007107029745118797,0.0014680728758184425,-0.02572419216596952,-0.0038690210410243426,-0.007418173687660967,-0.0157521618117689,-0.014770934531507556,-0.014297304700711715,0.00650686145548765,-0.0036759549381296195,-0.0016032067573184673
2020-11-18,-0.011456615916694763,-0.013236522756038689,-0.013346113436735415,-0.021792108552372593,-0.007434335762145201,-0.001559193990299804,-0.0384865632625982,-0.032223194171559624,-0.009677825682381354,-0.00973638523085808,-0.015484363642231009,0.004816489798854332,-0.020766418920533283,-0.010761258704014716,-0.011079331571136119,0.002892356141505868,-0.0057388151478360815,0.0004010427167000945
2020-11-19,0.005154868388932341,0.006328238356055694,-0.0015619167210962734,-0.022040187256256408,0.002686193721295498,0.0012030210641808395,0.005093162064335672,0.01705823375544453,0.0037155646299285973,0.0040683538620084145,-0.0012176343590079549,0.0009258188367206491,0.007973694526360816,-0.008746411442753052,0.00356022471456424,0.0051352818264871775,-0.001882219292317814,-0.0016051367823342127
2020-11-20,-0.01101799433162966,-0.009602495676839273,-0.0053151743530515045,-0.006848322135284742,-0.008603885693046463,-0.005447414792216372,-0.012375729649403165,0.0006996268934467841,-0.005668872819568017,-0.0041424773515286815,-0.0016497511187811508,-0.0038825998414542774,-0.003558019171973758,0.005574742337052401,-0.011941760664493381,0.008830903160268301,0.003021236443765301,0.0012040940656341793
2020-11-23,-0.030193910988227886,-0.0013317481160061762,-0.010163526576164587,0.0010750120483625626,0.028396332333753677,0.024239321993595932,0.06345509741097034,0.05928667293185155,-0.0003259226301441863,0.005875739821601192,-0.0038840586837139133,0.014697247351713232,0.012691399628080378,-0.013056407163112646,-0.004720057821792488,-0.00459228807601483,-0.0198902855293078,0.001603206757318434
2020-11-24,0.011527505170969078,0.017690392227997783,0.0,0.0028313011596802712,0.04520028077925909,0.03718825368310636,0.06444324220937846,0.04919288068142138,0.006328391814039397,0.007012934692002548,-0.003248279465340578,0.012056560966815729,0.016049996630073712,0.005483129753201389,0.03113848348598976,-0.010001958732488849,-0.015447033492345889,-0.004817351752364053
2020-11-25,0.007439480679219694,4.6758468736216035e-05,-0.001321509495150045,-0.008428023587674801,-0.010515686874183975,-0.004050296651952883,-0.028266164974499273,-0.03707284368972463,0.02126325324959886,0.002375428237059877,0.002671578180322414,-0.012915151214458466,-0.001010660143278325,0.01771361583156826,-0.004814401798625189,-0.0030832177961749975,-0.00047183722491424496,-0.0016109548353666172
2020-11-27,0.0048147285853817196,0.006338869978746005,0.0022246950224873024,0.014155467094875598,-0.006659839620686296,-0.0048311319967955894,-0.015308940957029855,-0.009048848880334772,0.003219231638526808,0.0073825228468998305,-0.0005048865914048139,0.0025735623709355307,0.008295619271963808,-0.011118579133861186,0.00802317278165166,0.009658275141369374,-0.010198724628788668,-0.002017349888702111
2020-11-30,0.02088006598796314,-0.005404159436958402,0.0047111075079901326,-0.004745811837914048,-0.02793991865378158,-0.02068832102103593,-0.05261683459273262,-0.046285363817769036,-0.00858039830802324,0.0051319230807766614,0.0018740094861527416,-0.008546815441965361,-0.026566292720029375,-0.020710799443478638,-0.003028229719746348,-0.001249063365378077,-0.006697387947521646,0.0024203319617305246
2020-12-01,0.030361764685843555,0.009947093265206161,0.018964728176950822,0.014316953770052425,0.015655567627823566,0.011855886753799342,0.009656867425062079,0.0030922546545734263,0.01629310383309378,-0.0029241370267372273,0.0035940234203063683,-0.0019028404185863867,0.011118811515036698,0.007580921646332291,0.034003843924882614,-0.014838944654486493,0.02084089086732674,-0.008903336839572595
2020-12-02,0.0029292128347935295,-0.0038926783480599837,0.00466863732379113,0.018497805106442076,0.019026134350970544,0.023716863247109265,0.03672008669455254,0.02729698020599443,-0.005152877157801933,-0.014566899968344144,-0.007273283062429449,0.0035145370779501597,0.008691508118457291,0.002155463584811504,0.0033793820372495656,-0.007968169649110594,0.007493302829198623,-0.001220256406069839
2020-12-03,-0.0011381189748918316,-0.005260597313376878,0.005788533360661967,0.0032172841724738836,-0.006576807658394767,-0.009215486253149347,0.006737392922391283,-0.0007792063629019819,-0.005258014135693981,-0.010978524331213872,-0.00739938087686908,0.004361556411666063,0.001057133344999025,-0.013003027579713526,-0.019917408507662184,0.008031659696724,0.007842721815290526,-0.005305052228613598
2020-12-04,-0.005628303124176748,0.0005599626833840802,0.008487370092230993,0.007030408197538905,0.009032001624757063,0.01730387349619688,0.03590567653525234,0.03802074729358548,-0.007607162498316213,-0.015598008532408973,0.0009461082908617556,0.04249041811007052,0.021193475590040096,-0.01138011870256515,-0.007657414319645422,-0.014774340564151667,-0.002839511657821908,0.0012267431520295133
2020-12-07,0.012195273094093495,-0.0003266067913016719,-0.008688732646490031,-0.005818719390977363,-0.003767099697606418,-0.0047277455590419935,-0.01889133439717072,-0.027387062689227238,-0.0014492343429263037,-0.005126950447788938,0.0015264404203128004,-0.019395487753041243,-0.007456733782146043,0.01028886228576395,0.020804599794362486,0.008980175807631191,0.014803991453021359,0.001633320081830121
2020-12-08,0.005077994226561291,0.00799446507389916,0.01717066011256516,0.0,0.0009840906157253689,0.0016342269347823398,0.03223757634995896,0.00855737531275824,0.006089716370846618,-0.0035090431918671297,0.0026837864729947194,0.0007271710571958987,0.004584453996505569,0.005580143774725328,-0.007662872745664008,0.004714285344546922,0.0034818380448206295,0.0012232417435887443
2020-12-09,-0.0211252574946766,-0.019682269741625773,0.010175699160095161,-0.009967291843336083,-0.00781736134845237,0.016526556437121292,0.013170463189641355,-0.012089387815378947,-0.023272598969349828,0.014640883560869745,-0.011950881871355977,0.006854112815741495,0.0008013009789999153,-0.00013573125190163257,-0.019526024763608252,-0.0033104180985097246,-0.017241806434506103,0.00040741495804539685
2020-12-10,0.011917535547856852,-0.006061772681815447,-0.005567396074122233,-0.013917132499405698,-0.006464468061864808,0.006485799181380516,0.027878778234384154,0.03166922257814257,-0.0008733920554423605,-0.0029035258620327903,-0.006619618170396573,-0.00679819847624823,-0.0012729546048938672,-0.005307940329251192,-0.0028826771189767947,0.008824613657836478,-0.0019148756830336218,-0.0028553965936386184
2020-12-11,-0.006757607641253725,0.012931418104266538,0.004587164007444124,-0.007625051721224645,-0.005920877907048376,-0.018208971490141376,-0.004783063440918117,-0.009687912154805378,0.004802265935872241,-0.0009823183499050813,0.0073524336797884315,0.002457140902057046,0.012470860168875306,0.007071011240056403,-0.012966204863974646,0.003533349628765512,0.00185690298815683,0.0024479816355932812
2020-12-14,-0.005159927906603234,0.0043980794236261325,-0.02569507631517693,-0.0027926340193920266,-0.01059456643066075,-0.009209324579219256,-0.03673977496208179,-0.03309994842624752,0.012927799722897123,0.003885844211937956,-0.004846536142468745,-0.0069401968832859965,-0.013037138321100955,-0.0033932845591616366,0.0023368762230547326,-0.0027751515760064487,-0.005522788214262205,-0.0028565618254189967
2020-12-15,0.04887618601093044,-0.00032685079516561283,0.01001209805290536,0.010476568152472342,0.016931089216624177,0.0193250776853964,0.019235873433532155,-0.0007829540128681947,0.0025782627310647287,0.00899623729813839,0.005871576502178212,0.020512684543121294,0.010891615109994753,0.01832194591319396,0.004947803596074607,-0.0033530541014150685,0.013893936599343756,-0.003274665229005779
2020-12-16,-0.0005475380479763942,0.023766144776045137,-0.0059952217936066685,-0.0009720034342838211,0.0029046868843083003,0.005512148880583417,0.015218186247809738,-0.007637912005506252,0.023678612644116644,0.005989935501539151,0.00452687688928101,-0.012401886338594535,-0.018187459487211954,-0.006293961185827976,0.00043539785178848113,-0.0026651453047995413,0.005503969862937308,-0.0012307693869818787
2020-12-17,0.0069393284585065294,0.0006382493950692697,0.026049150028988565,0.006842804339393904,-0.008321592500204929,0.002703811561295924,-0.0050470398465782594,-0.003162057970967037,-0.0015068614439280805,0.016116324980753084,0.007113851139160328,-0.001840132116645468,0.007720583051171837,0.008294361932711655,-0.004326099630744149,-0.002647242119441235,0.010465344065301897,-0.005350908012179294
2020-12-18,-0.016017260054633248,-0.0037898723474475214,0.005776798592414413,-0.009675834623613964,-0.004942418438133965,-0.009454197351052566,-0.017399812599034017,-0.013895439977560946,-0.010696418852738193,-0.012931373025333821,0.005698021114637796,0.009940936555736963,-0.009005226977156392,-0.007354449141014509,0.006970693343199495,-0.0030019503264877064,-0.0016988508531194301,0.001237368688322244
2020-12-21,0.01235867192328073,0.018133685160339075,-0.009690187359056433,-0.006820297469641675,0.036850396286891365,0.05952348885112093,-0.018422816740599483,-0.012696384769487326,0.0014138954231495053,0.001994681512719852,-0.010992300443097645,-0.004430667416475588,0.0029474706389493064,-0.0014774027265448742,-0.013146823487243255,0.0039581256985655395,-0.0031789309241296755,0.0020588848135438464
2020-12-22,0.02806689173287327,0.006046644629741237,-0.0019624523861190824,-0.0031888447351517968,-0.015333470634585523,-0.02717740777754737,-0.01706977376414317,-0.020299905060393104,0.00010603957781231052,-0.0035118236562499783,-0.007078513154714728,-0.020071313477971805,-0.01299588285859597,0.004158010147840878,-0.021116588152360626,0.00514760756593253,-0.007934510902470682,0.005333345974271316
2020-12-23,-0.007000485141016736,-0.01312496367135515,-0.005120473342474104,0.007671759304209774,0.02756111876111102,0.025112860757591567,0.012769719358469689,0.01564277707129777,-0.006649179116112112,-0.0008520885948960594,-0.0015390819845985662,0.010366290012551018,0.009810333986233351,-0.00509931324979582,0.0038116638075366433,-0.006933208448936455,0.006625945301697518,-0.004510977511074628
2020-12-24,0.007682690966395512,0.0077968711904349,0.0034821493088765345,0.00943431037146118,-0.004407234987380203,-0.0011314645870506399,-0.004078211242841524,-0.004210040132330467,-0.003957249311637419,0.00410556676786361,0.010070872534949028,0.006369092427833584,-0.0021929833350224537,0.008706772570715384,-0.0026516793934467544,0.00394955284774542,0.003977277970224852,0.0008216927337353461
2020-12-28,0.03514096413578543,0.009872542271387367,0.00471112564101571,0.015027804143181884,0.006563699222813959,0.013301214038265133,0.00335973438403005,-0.005051999231804973,0.03447020275803439,-0.006183258310094242,0.006946482346712932,-0.006649369343258219,0.0019548484068658855,0.006778785843698221,0.03527184151961853,0.00044493882779783584,-0.0036357479122603423,0.0
2020-12-29,-0.013404236636297872,-0.0036071380211616794,0.006182299324943333,0.004038661194153626,-0.0026363106933059593,-0.0061051194261381,-0.011324057885160187,-0.003421630381343363,0.01151699994306731,-0.011429976521268044,-0.0018765794032315649,-0.009689670764910072,-0.0038657074414028196,-0.002121735314831492,-0.0007945393894873322,-0.0012717793901040621,0.0036357479122602716,-0.0032908297875864517
2020-12-30,-0.008563289976550762,-0.011080570046597203,0.012315188366944611,-0.006817486034707009,0.002795863944691132,0.005565661953435883,0.00796432350113001,0.008473629613148417,-0.010941640822441786,-0.003499862449356415,-0.004706913356698622,0.01900867461928573,0.008665070403954433,0.0076699661911208954,-0.017898955928571363,0.002161063575581085,0.007626078478544697,-0.004128825025965586
2020-12-31,-0.007732481003519427,0.0033325858361605296,0.008486794389935581,0.01635869561612868,0.013548517669039408,0.016286008707303422,-0.009176591803244523,-0.010366449294672873,-0.008840336476234232,0.00135623890624059,0.009894992438635657,0.010937522724574857,0.008261583636058336,0.016203150780284892,0.0047336932234867445,0.001459252233489094,0.0037072445986703647,0.002891966487717564
2021-01-04,-0.025029921715120234,-0.021495453978157435,-0.00560725312665481,-0.003370565046442384,-0.009488487412801352,0.004879811465115563,0.006769851772800782,0.003074015189747496,-0.021821101839575197,-0.006420689052088772,-0.009532134566311991,0.0007139523054824303,-0.02258505601729373,-0.03871792317569331,-0.01556939769727335,-0.0012053162246869105,0.022014252291837406,0.0008247423153584838
2021-01-05,0.012287997332538943,0.0009642095376347319,0.011688609763398581,-0.013539022884314354,0.005387858687286905,0.022130658944402627,0.04706751085849774,0.02667446020996605,0.009954587490294623,0.008038234121974935,0.00636484139164284,0.00814679592618881,0.002449510122047039,0.0073830793791481025,0.007519807249360997,-0.0074544004191354875,0.002957285835428363,-0.005787531656106655
2021-01-06,-0.034241146456111926,-0.026271416758781363,0.009366130636967769,0.04110965615784109,0.04588674349655402,0.052556660179988016,0.025197111047581083,0.03167685665394744,-0.025211776324220253,0.005696953304198088,0.010471299867681066,0.05415892968378159,0.01806476202274487,0.04778977221305968,-0.02867606837264594,-0.02074186724662297,-0.016374376930054148,-0.0012445552330609887
2021-01-07,0.033553939923340166,0.02805962879450813,0.0033728951401377927,0.015905347038426436,0.0323115387498853,0.02113730808888045,0.007815156444849368,0.0046661566725658705,0.007548595173687909,-0.004907939342427724,-0.009390413435522776,0.0019067747794612158,0.0016475631561963845,0.010905510058744381,0.02041232417485334,-0.008853387664504374,-0.002337359848704927,0.005794718200845446
2021-01-08,0.008594189109625542,0.0060743261833364716,-0.0020598615318734703,-0.004502904288880461,0.0011033875112996532,-0.005397706192987893,0.011059612838382783,0.009487109215062246,0.006474554758584298,0.010572621131776335,-0.00043221438527899506,0.00015444413025626977,-0.012209123832908802,0.022940789123147568,-0.00436315510111513,-0.0032329391796111794,-0.034808797401583616,0.0016494849112118212
2021-01-11,-0.023523285160603136,-0.009745907709091839,-0.004195241116999797,-0.0072914400428866445,0.014814004628697981,0.01284462179929095,0.02990472030516464,0.005693030484727927,-0.021754384633613608,0.00792127328179451,-0.00679586189808234,-0.0020612189097174083,-0.007983024780343621,-0.017908698997816504,-0.040927891420289346,-0.0016534942094038883,-0.001963389208419913,0.006161448943526055
2021-01-12,-0.0013965399123288644,-0.011840478741256379,-0.007811063336816651,-0.009413538015252316,0.015596679402882691,0.028120771153706675,0.02196034196118337,0.018817468841356,0.002123483566285415,0.01862863425093537,-0.0058203147206351185,0.01880484641502638,0.002492571513970608,0.0007526342557963833,-0.02264188232616677,-0.000794649402980374,0.006453122186317838,-0.0053377256673882425
2021-01-13,0.016096462133635386,0.006538850483216222,-0.0015188915007681295,-0.006541200454540223,0.0009266850286145113,0.0024126261392591673,0.011215070819039528,-0.0009646819973633282,0.014335224614693613,-0.008285232176431222,0.001531114732052281,-0.008387818284655407,-0.008944517435344305,0.025869379979045447,0.0021880541021400616,0.011199063028056169,-0.004316677686300495,0.0032881246205313367
2021-01-14,-0.015242789348483332,-0.015465186187178308,0.017329497527812536,-0.012784164360863527,0.005825535088910129,0.016142849852602482,0.03829091299332379,0.0237374714379242,-0.012209845711780179,-0.0210557383298703,-0.01069372235628559,0.007678849804280096,0.007651073100609306,0.008395741961216641,-0.024132445240513868,-0.009411989050147448,-0.0005192557451158431,-0.002053810535798092
2021-01-15,-0.013825644946740302,-0.0017384363157206203,-0.002181025946254747,0.0021942644484475343,-0.01808419248890416,-0.02253412916300762,-0.0492971501496876,-0.03625517022886913,-0.007452230671969043,0.0266594208489022,-0.0075393956061196215,-0.014183187605619667,-0.012735952939731602,-0.005954930401116729,0.023019125046199143,0.003959878457906419,-0.01248528166332007,0.006557400545909549
2021-01-19,0.005412414671949796,0.01766575107519842,0.015352536282935238,0.0025302434287137396,-0.004337147177701177,-0.022883678621256495,0.019642934889518075,0.025939289274001083,0.005304421587001777,-0.008746730205598883,-0.008793558415719318,0.002412051155208948,0.0038281732115978207,0.00934189384114978,0.03801730119760709,0.003222309039384326,0.00843739549080113,-0.0028635732412267945
2021-01-20,0.0323279133111069,0.035849385442562706,-0.0024603284644769343,-0.0038405236173366815,-0.015109225062411101,-0.012759507431864579,0.014028897356413694,0.009163263862999909,0.044686906176679905,0.004054874138079837,-0.012578782206773616,-0.008902750312726249,0.006363920812517916,0.014863032808824119,0.0241413214805697,0.0009843489323737937,0.016151168689884976,-0.0004097521059947501
2021-01-21,0.03600240073175119,0.0028043017640549746,-0.00401098930242019,0.011787510392142313,-0.008419547521234952,-0.0037941546618762752,-0.02908849088829577,-0.03597164607551231,0.013274942027866693,0.017168579290760842,-0.0009805457643193897,-0.0007801732379844879,-0.013791319699280716,-0.004053415182166687,0.019950694108486107,-0.007042977936702818,-0.0006273704828352608,-0.004518389283421415
2021-01-22,0.015945833267208713,0.0043466758762263635,0.011190475852593534,-0.021209249928724656,-0.0077433191608998605,6.91132765368904e-05,-0.014235115822689225,-0.0030477872730114925,-0.004473263389429859,0.017583260926866063,-0.007739205709681077,-0.0013016428567684034,-0.014626745502773588,0.005955234370251158,0.0059557696554069246,0.0032314467404099432,-0.007904273926973722,0.002056344541947007
2021-01-25,0.027307629664822083,0.01572000405449886,0.01474854518618102,0.0007478141166400977,-0.0125608059630442,-0.022187028938503845,-0.011237264435630119,-0.009089478338950486,0.0005374850385154034,0.003795604472623789,0.017084003056619803,-0.02425767540847255,-0.001880630070173962,0.0310990692295966,0.012705823317346947,0.011716710703601613,0.0008621928972105424,0.0012317800785842635
2021-01-26,0.0016778527427976848,0.012125034875190864,0.026750688620140236,-0.013605258202010922,-0.004095568864189614,-0.0045325856636973675,-0.022206366843584832,-0.017086846421437457,0.009706834240626313,-0.008737372383358267,0.006407137585733434,-0.0006941663610080377,-0.004020554891238071,-0.019059263737410726,0.01442727591900856,-0.0018889437307975541,-0.00247361129378606,-0.0028765172878267857
2021-01-27,-0.007713382328093402,0.002450402103242908,-0.015368549325600238,-0.02993863596159874,-0.028679116319045836,-0.030375788353729494,-0.011401132048424337,-0.013066191748506597,-0.028528885991883628,-0.030721898758405426,-0.03603097521499416,-0.03578024127540112,-0.008390819382559237,-0.06095466571557171,-0.03576772042296968,0.0025394771909325207,-0.00635583118401947,0.006153865573851076
2021-01-28,-0.03561185912211491,0.025561445112223656,0.007595574139494256,0.015377124521453534,0.01744433117653143,0.006163965900666224,0.01553471783113267,0.009254100574285109,0.0015579119716169134,0.014490382141494637,0.015305238086280398,0.02033113842114047,0.017204939332078683,0.02791450846050529,-0.026586813776704517,-0.00554307069901011,0.0009269989076342521,-0.0024570036947442384
2021-01-29,-0.038138798087060104,-0.029605678994288228,-0.03629758365598867,-0.01360686737213478,-0.011129259319058015,-0.014097891816241426,-0.02684429618828161,-0.04385962975153111,-0.009752056702371814,-0.02634656007888959,-0.016630309405311107,-0.008170425102173038,-0.037522294322736086,-0.019470400171320776,-0.025491988609885594,-0.006034387982636402,-0.0004054562886788255,0.001229256455576858
2021-02-01,0.016385184310856456,0.03261458259750485,-0.002577953797285413,0.0012582763276666221,0.007356105802934037,0.013042866707258292,0.0017825316650937559,0.014101976017480679,0.04174627561836763,-0.0027732088987427266,0.005910274611984523,0.010229711582438213,0.0009720411068535216,0.010211074758427323,0.014144833595541263,0.001155739770319079,0.009341551036215909,0.004901970598848011
2021-02-02,0.006316670949540424,-0.0005843559731184731,-0.009013519475483471,0.014032814409857342,0.0303180156016118,0.04358888349362173,0.015682265071524305,0.007494126271084402,0.011042998603123555,0.007708943991584152,-0.0013966482712105602,0.04125498868157787,0.023049948909040413,0.014942876597329138,0.01916556801771747,-0.006468242470710728,-0.012242458152924391,0.0012217472511650306
2021-02-03,-0.007808763139005464,0.014466273707877902,-0.004662013105586323,-0.002453408658819448,0.011386169523117507,0.005490700477485339,0.038478685698029085,0.02158929437826441,-0.020163461619824033,0.007358223304620573,0.0012415614224188366,-0.005469475804269861,-0.004909091659579619,0.0014459575957713904,-0.0016113019431272647,-0.008912596409514818,-0.0015118039860466245,-0.0004070832544266626
2021-02-04,0.025431658453765927,-0.004082395723523824,0.009240662361674127,-0.025690476297485023,0.022752362278218977,0.01786068430164014,0.019008405219245086,0.0004495392303139764,0.005560311336439336,0.016818060372894152,0.0006202031366629813,0.0010441139032096923,0.007254928876502373,-0.0006022282621866877,-0.0006002175965663751,-0.0026759448667623255,-0.021765565109564178,0.004468827260696381
2021-02-05,-0.003098178199263529,0.000784783501757709,0.015071967702864229,-0.01471357011999064,-0.0019548932842200373,-0.0008514261902848497,0.03297001923685318,0.002917089467675694,0.006329371810410529,0.0001434514420598514,0.004176340176317057,0.007019397078549532,0.011548788861693792,0.007202912293339346,0.006023325792131685,-0.008408781173413085,0.009823726771931156,-0.005691072270083372
2021-02-08,0.0010962108741223357,0.0011141602654131553,0.0028539352039181226,-0.0005240040188759219,0.015533175823990759,0.022404710429567008,0.04214244366498588,0.02456690995435601,-0.008751997786024934,0.004186876519866725,-0.0030919093963485333,0.022795198827782328,0.004621671041829153,-0.002395210725259157,-0.00568565906597282,0.0043813895030910795,0.01001971292422737,-0.0004077472026689126
2021-02-09,-0.006595363200600848,0.00534716640976518,0.008152465213894447,0.016178465019325874,-0.004004009353361832,0.0010322839364318222,-0.011583141089024479,-0.005700519712481723,-0.005413459932278561,-0.011709903920023376,-0.003878379047565428,-0.0008613483169157397,-0.009066781339280357,0.005142629283914733,0.010708458203652531,0.0007395704106435383,0.0032596070770373902,-0.005315898839107199
2021-02-10,-0.004568909937564896,-0.003904729678243196,0.0032424671136580346,0.011372157006178114,0.0005729838292311075,0.012633696494923935,0.009631524087306598,0.017004987921497655,-0.005588962873244878,0.006913216601723293,-0.0035034486373921943,0.002227849022727136,0.0006927606790823032,0.0009538572332989635,0.008941166489722019,0.006631634981621058,0.0036544023963532768,-0.00041008817498633274
2021-02-11,-0.0019222244572616642,0.006853980167279788,-0.004506271332558228,-0.0009902922173626505,-0.002796402353151472,-0.006462271087930214,-0.02535793558976956,-0.005418892635878033,-0.007467154174674664,-0.005865963738707582,0.000857532697731323,0.0031812585216475474,9.892664599865402e-05,0.0004765876414333868,-0.005458649632822206,-0.005489737292188771,-0.008723014139101528,-0.0004102564162937358
2021-02-12,0.001774492147743859,0.0020429851022039573,0.0031265056735774246,-0.014607629965408953,0.014116874961563391,0.013144248127730546,0.01355142300277498,0.005743094291117642,0.00476465157393105,0.0016228793434072796,-0.00554797281640673,-0.0018166225915327218,0.0068515363528038244,-0.009815735981126958,0.0004067370500740063,-0.012497207266758174,-0.0030418274404848886,0.0008203445912800397
2021-02-16,-0.01623508998457943,-0.005279432754180305,-0.00910604814786485,-0.011089780657153405,0.02378566139564036,0.01824466729331187,0.029643356160786512,0.02000387609846373,-0.0026761754018682377,-0.007668693758768199,0.0023479700849366233,0.02193059393259718,-0.0006388049649683038,-0.023613560668052286,0.012746513056010024,-0.015343817708341477,-0.014457514381797144,0.0
2021-02-17,-0.017801477543095735,0.004340177963262326,0.0035678688106370346,0.006876677188062206,0.0031061284681082723,0.0024971999530471727,0.015445058672885197,0.029518144185942417,0.01206839639552146,0.019881656476252008,0.004212503304180421,-0.00039537412756961713,-0.00759859579473419,-0.0063013737882794225,-0.0014610807288713784,0.006330441562674745,-0.011417764592000714,0.004091658739063152
2021-02-18,-0.008674013317519933,-0.0016803626980349939,0.000482800251034695,0.004730883119535235,0.00337129219536833,-0.009122509621729877,-0.015829452295442838,-0.009637619118482722,0.00590340232454498,0.007553629191775741,0.00829494271261703,-0.011834457647189963,0.007991754832730447,0.000619540320378767,-0.015397386851424283,-0.004055127726080193,-6.012325268617361e-05,-0.0032719865614584723
2021-02-19,0.0012327607694476,-0.011634754564111038,-0.01679280152928305,-0.011730788896817454,0.01655294768342829,0.018289293526501087,0.0067056482701226576,0.008385793376125114,-0.023816404510364875,-0.012120498838792996,-0.018780992314020674,0.04876158089909921,0.00019652156892609564,-0.03312019656066825,-0.02949644106912891,-0.013381140484713411,0.004140047313768692,-0.0024610348779675554
2021-02-22,-0.030252043170359903,-0.027174213513962674,-0.0006137605298863325,0.009383405759711246,0.009346805094159014,0.003952636808222233,0.036190318647496174,0.026676487900816438,-0.02151035251436299,-0.013645821925438756,-0.00425700288064102,0.038091386852520184,0.0002947099584948002,-0.0391694980761227,-0.004713645701123476,-0.0076371014045591434,0.01485823126686888,-0.002878883334515418
2021-02-23,-0.0011117288525138186,-0.005301649939836791,-0.008873503043551945,0.005691257848415176,0.007999509360287139,0.007357598277421286,0.013717636228829789,0.012524151179056607,0.004316706937129461,-0.03171010866125862,0.007398695694522722,0.00967513936385154,0.006949570376853449,-0.005206606782778369,0.021000990379474838,-0.002887834371236136,-0.00230340000846734,0.0008233841557715484
2021-02-24,-0.004060353494481454,0.005472203813838954,0.013311653705400493,0.008160596578181408,0.01744211131911959,0.035180976797877045,0.029532347565081336,0.036270852804916265,-0.01100729870068001,-0.027580891314147215,0.0010972647858031655,0.010346867412877348,0.02879522140828959,-0.012797372739128775,-0.005828390684394598,-0.006581531843326411,-0.0007098071988540113,-0.0016474468317320093
2021-02-25,-0.035401927051366036,-0.02399045029582372,0.0010450285261835396,-0.010104763173892983,-0.013664645678258173,-0.008748536965002857,-0.01671744428132908,-0.009335864754609784,-0.03293690192617462,-0.018322782698366305,-0.008495960480325972,-0.002926018878304299,-0.02548428255767156,0.009244018458619873,-0.037075537349311134,-0.016465401692376223,-0.018995852235000884,0.00329218404097447
2021-02-26,0.002229103090147385,0.014695628276154674,-0.026774527596688358,0.010134864162720358,-0.026882798688037217,-0.02558695918949489,-0.025244235294342457,-0.023228126118105312,0.011632481264313668,0.012033089759221858,-0.024390477799107524,-0.027143544426437828,-0.01198619252650467,-0.00786231513728219,0.0114385116299117,0.03252434660618033,-0.02448005527635588,0.007368023508971565
2021-03-01,0.05245129097758987,0.01943298177198183,0.005412562776697181,0.007287809483938857,0.022374703012474625,0.03593716464931229,0.03665662734596704,0.02029270326746648,0.017057442901820034,0.01261652245643475,0.006133503209002695,0.017813344036918335,0.018944688767957418,0.03253516768089335,0.027904514692046887,-0.013281450994432628,-0.001731923486049967,0.0008153282153174385
2021-03-02,-0.02111501482402489,-0.013041539103048998,-0.0018847778400929184,-2.9882412715944116e-05,-0.0032611256476389435,0.0030868892350344747,-0.005868248366716096,0.0038143720749050864,-0.01654026782976708,-0.005096675208690784,-0.0031427561223949393,-0.01809131485165778,0.0017441864890766971,-0.004886110743841989,-0.02256208396022709,7.08893058161645e-05,0.0054331182608448065,-0.003674223359680565
2021-03-03,-0.02476054968063845,-0.027351465541428015,-0.017764710291551137,-0.005303303766097629,0.019147554479181348,0.010490500041488932,0.007993647680749108,0.01116353873841624,-0.02935846878260185,-0.011320511120896855,-0.005990465578343564,-0.0042253910981651325,0.002079354698336401,-0.04079993139844324,-0.013957964599862005,-0.010904922574648323,-0.011082675426195327,0.002858895144363001
2021-03-04,-0.015938237383139833,-0.0036540576437006068,-0.02036993707802175,0.0028199454698949527,-0.015487837183540867,-0.015488768629945197,0.03801551225895829,0.008746271335927387,-0.009170036360448951,-0.02530186715653709,-0.008234525353140182,-0.010007565751615138,-0.019856732426193725,-0.017106320756393963,0.008693164579139507,-0.006470653104188154,-0.009885583852052288,0.006504087968954113
2021-03-05,0.010681119968949366,0.02125186346036439,0.01960149441770467,0.03904095403001386,0.0023219567934727086,-0.005847791768893337,0.0371155941839558,0.04216081082422404,0.007658078620366905,0.010268699608489156,0.03087336648994635,0.034142784659309706,0.017777377727857285,-0.008310492227114037,0.025445885482710495,0.0019455960018276684,0.0006285750411249319,0.0036400444665913856
2021-03-08,-0.0425667760748186,-0.018345140723359757,0.008293508461613896,0.008805827980480274,0.013165880390068175,0.020618663804971977,-0.0009852217533772708,0.006857169725379754,-0.016299641321683624,0.02150116972518014,0.010501892880514733,0.006429143347532858,0.005406984303453884,0.002260526534990534,-0.034530654077061684,-0.007805199702469144,-0.010422353762899355,0.005636085772033261
2021-03-09,0.03980394468498016,0.027713897204031817,0.0019041579856767183,0.005155604953649485,-0.007088039126515284,-0.010830756615574928,-0.015563228035610598,-0.002280502698473846,0.03687988612961107,0.02263498608904321,-0.008915598131413092,-0.021808428527175912,-0.00043341119384648094,0.043629227520456906,0.040039894078593284,0.013762511417673874,0.021048117842584008,-0.005636085772033256
2021-03-10,-0.009167716086943571,-0.005834422384946409,0.009152659759167646,-0.00678471202054415,0.021502001182168835,0.03399027798903129,0.030240595237591057,0.01693344214885875,-0.00170247848077629,0.010997577296046787,0.009151215646058138,0.01945888831727533,0.025208221516456755,0.005926741486298772,-0.0031659908849398302,0.002001716424904475,0.005085282276625014,-0.0016161619690567316
2021-03-11,0.01636805989444723,0.02006243416338602,-6.283577897793626e-05,0.009961659153009695,-0.005235106478065985,0.00023387709896914078,-0.007474847934663314,-0.0016175416902924568,0.018133024713809745,0.009755445622947665,-0.0033825007665631303,-0.005898116095503966,-0.0019275528401746997,0.005357634032167423,0.03333765797471288,-0.0072393965601669965,-0.0008663903011161182,-0.004864217129009024
2021-03-12,-0.007654673368990245,-0.005836592444442268,0.00288636706692573,0.011740495513587607,0.011788715131586063,0.019424269364792246,0.010707435200221339,0.003322113043808799,-0.007770372544094979,0.01568442522382223,0.009645242388543864,0.041185961767263295,0.008808152898835898,0.010762078229362735,-0.020211649155526014,-0.02144990807190565,-0.00018575276360645253,0.0032454389516553446
2021-03-15,0.024162468440990025,-0.0039952450286463975,0.005124690922363473,-0.006029036434214405,-0.005007714625647895,-0.007944088060520268,-0.025826868653966103,-0.011812048431607837,-0.0025311259192753685,0.019723647145312256,0.003272305218660449,0.007569531944630646,0.008453763941879801,-0.001984258868036492,0.019736876033447998,0.005862540607650108,0.004386920440336895,0.0020230636086493977
2021-03-16,0.012662454809226004,0.012274766832327276,0.005904489015038531,0.0020325210250580457,-0.012043657618338121,-0.012620849157605285,-0.021423413483275797,-0.023958188469139167,0.0032979487382820295,0.012629043024905818,0.0029514584529227762,-0.018723206613010072,-0.020514258799586217,-0.001855533998789866,0.019999581665973806,-0.004026801941638129,0.0009243568675425225,0.0
2021-03-17,-0.006471480261119944,-0.002822540052127898,-0.0037250927783659556,-0.006847985107400881,0.010239882086167326,0.009437054861601466,0.0043889334464443435,0.003616640470796048,0.0140891502798701,-0.007293978362548243,-0.004041037516075906,0.03117033847969487,0.005743354456280976,-0.03263064207222084,0.01679458601214489,-0.007511080967887068,0.0071196519976401695,-0.004862246206682489
2021-03-18,-0.034493207139669815,-0.02702404916859018,-0.0018677629635869676,0.027639915302232893,0.016371792419410676,0.008803000782528292,-0.04407668171513092,-0.0368648862027868,-0.034962968782990184,0.011115368618631204,0.002177972235775503,-0.012707198618508816,0.009298046195065225,-0.025402157021419052,-0.01916060253100856,-0.010178015874060508,-0.005826986156377974,0.006074122744443516
2021-03-19,-0.004490278623851547,-0.0016049627149215488,-0.0026832252227663653,0.009702809653583883,-0.016049450928035322,-0.010979595996975806,-0.0056487352307321844,-0.0071325603577784185,0.015392859983952002,0.02076054011641284,-0.005375728733572503,-0.02364300755806663,-0.009861505852301078,-0.004085375830134951,0.04041131512752275,0.006178603048145141,0.0041743461474878,0.0004036327000059266
2021-03-22,0.027941664934403775,0.024189539864638992,0.002870158581638883,0.0034951703975168776,-0.027246793482993584,-0.014249798566028987,-0.010320376299781376,-0.00815855341296935,0.011610536791910922,-0.0005535949208701048,0.016809722275747566,0.0032350297429897864,-0.003670246920727484,0.011927454950155982,0.011753754777701433,0.01114361555601857,-0.0014713097308426256,-0.0020197946690628248
2021-03-23,-0.006912563613206675,0.006714977615163336,-0.0009350164312588019,0.004460407743319806,-0.010052343077702365,-0.022531127456071942,-0.012418048535693123,-0.005574313979336068,0.008523874622197948,0.0035929009837187124,0.018418969607324528,-0.03498229621236436,-0.0168286915047655,0.0319840590926165,-0.009962935688292441,0.008986361843928327,-0.007327393395045575,0.006047186337148589
2021-03-24,-0.02019604562466856,-0.008963361211405766,0.00968169915957374,0.005682602222001154,0.0077313101711816165,-0.009448603046005343,0.020079555946528056,0.02642046550002404,-0.01620388345800926,0.009507047392681175,-0.000301704633154365,0.013561689602221252,0.017252869666183043,-0.01620736872820681,-0.029647578848632103,0.005367777287361796,0.003454874187306258,0.002408672382571728
2021-03-25,0.004154900442371322,-0.013339231564994392,0.00037050759978379854,0.0013213069374746762,0.012732302489468965,0.005764579070142593,-0.002843940771556379,0.003527676825025539,-0.013307812323340842,0.015019013350310044,0.006916280764805023,0.013558616617135652,0.007791637635251159,0.00847694438961785,-0.012123953954886715,-0.007916662620701466,-0.0036402940092165183,0.0028028046349261393
2021-03-26,0.005128216366834479,0.017661821674927452,0.01811000856130355,0.014420304190104165,0.01651318240867007,-0.00960581298651453,0.026869647045105576,0.02267798904609505,0.001892334317269224,0.022064490184281648,0.0146509146481131,0.02314152856153139,0.021508194801540398,0.008270672865323656,0.01523811883285027,-0.0035062125033706545,0.0028393328130118956,-0.001200240188282685
2021-03-29,0.0014839244275400168,-0.005257368168477564,0.0067075817252186766,0.006829578919220871,-0.015661365694738433,-0.005083303449514678,-0.005386165396802023,-0.005223892476593966,0.00773532846410833,-0.005313456173611707,0.015530309942128418,0.0031323439864496764,0.001600329551986949,0.009942309495431826,0.027186952561123426,-0.008524449032929853,-0.011967279701236162,0.002399041531480564
2021-03-30,-0.012350440875800669,-0.014515658754218222,-0.006222645060615475,-0.014615869656662544,0.011720410243644754,0.019096271601281255,-0.012446474989468525,-0.00930239266253981,-0.006667756989346608,0.00863238861909666,-0.015530309942128449,0.012346368787734163,-0.00361581280500085,-0.007784229348262379,-0.00974403894933239,0.00522617213975134,-0.01723963672762811,0.003985656932948887
2021-03-31,0.0185917356695707,0.016766142708893855,-0.004007778013898573,-0.0039966256275779845,-0.014672103049616227,-0.015204918047604937,-0.015286469014112174,-0.010820151121392655,0.01261609384446243,0.0014096745328459866,-0.00014766686367716507,-0.005204872488108606,-0.004687939461693552,0.01855489393873391,0.022420385339824773,-0.005595243928089816,0.015053980004663505,-0.0007958615626506735
2021-04-01,0.0069345576689445266,0.02752620874518863,-0.00929158833455146,-0.01352944305241808,0.009675175165576288,0.0019552737500505087,0.027558712798893777,0.009119470440075288,0.021397824920435026,0.008156652073736455,-0.00852772955579054,0.0037450808931428657,-0.0012446126023204103,0.002113886373281744,0.013924937153226659,0.01643899051891354,0.012549086842226076,-0.0043885967134961795
2021-04-05,0.02330358567783961,0.027351019163259868,0.00367805232881314,0.008436808267143641,0.005255827561279609,-0.012592690745833078,-0.015629433968461108,-0.011795057319935097,0.02058080729344008,0.024553909464575065,0.01603107504289851,0.004159079851082627,0.011328577594963755,0.01324175362807002,0.03374416970776025,-0.004372866089378257,-0.0003704847217430862,-0.0032038473516260795
2021-04-06,0.0024592452206034046,-0.00486991081792219,-0.00024478306185709507,-0.015819538944866485,-0.007055163834358797,0.010820886402850697,-0.0028358757035992486,-0.008938499611528521,-0.0009022487066708751,-0.005149571124381847,0.00036636747071772395,-0.013222977200899426,-0.0003649135648732207,0.010107640803027054,-0.008615557949785914,0.0067698165738753514,0.007996597941996053,-0.002409639721814405
2021-04-07,0.013301522314277852,0.008196767204039524,0.0013455659522905363,0.003479407901865011,0.015546545272594069,-0.001560563955716163,0.004427528706923523,0.005871894429028331,0.017090437670438118,-0.004183638836484566,0.001756697860545065,-0.0009977226726480355,-0.0031529190599123395,-0.0019358591581762695,0.022056274757428013,-0.006988962635181335,-0.002822260907607663,0.0012055456561801316
2021-04-08,0.01905114538403769,0.013316305287930808,-0.003919412207389755,-0.0020533044871261738,0.0012256089258756311,0.01395817033100273,-0.010480600419861773,-0.011293011287359411,0.006052895268738775,0.006253011282176953,0.0037956249943749873,0.00030376011890315407,0.006204965615199156,0.004511188935394152,-0.0002236028819324163,0.008221516715936034,0.01069463549783979,-0.00442745742194314
2021-04-09,0.02001167956100933,0.010214192122311715,-0.010610179111990886,0.030790759300873608,0.00745025925286733,-0.0009970542410165531,-0.0023241272652499397,-0.0009711567228309977,0.021855025602316173,0.015150370271570297,-0.006505157610490724,0.0011707826064414786,0.031870927722332784,0.0023121397582105715,-0.0017906252785945913,-0.0036295045652520426,-0.007566086493255891,0.0008064516571649524
2021-04-12,-0.013283825437302882,0.00023448491612574956,0.002415684534588134,-5.315049562835045e-05,-0.0021138271335768974,0.003108732602693603,-0.006644542718972159,-0.011138366253890695,0.0021298694731243725,0.004874857314798056,0.004025033791972104,0.0007797609129939597,0.007111843488004427,-0.003856541608982961,-0.0029487200853124808,-0.0004364271236175217,-0.006082033799826639,-0.00040314453305035405
2021-04-13,0.02401590937336778,0.010031188313346555,-0.013453117697168488,-0.004741744146518693,-0.011998595759536188,-0.012615402630128282,0.0037766432812134463,0.004509369468429144,0.006080211787248118,-0.0012164882424392193,-0.01330755218980055,-0.006865413252478694,0.0017482521932321716,0.017871295138135835,-0.005729936810383777,0.007465696256595765,0.007061525766720136,-0.003635633172922019
2021-04-14,-0.018014447974720016,-0.01128241037333817,0.0027551676790675177,0.003012813391707366,-0.01886724816969537,0.023137240134567486,0.028489938927424456,0.01966069817340183,-0.019902632296513022,-0.0011867213534989716,0.003620114034595322,0.013985030821699001,0.00165801338241888,0.001138016181406524,-0.022659234507870264,-0.003182412638289526,-0.0043538318047168295,-0.001214820964170422
2021-04-15,0.018535029550751324,0.01518210449876738,0.0029346591572887567,0.03756776347160177,0.006328717807369203,0.009497029386103544,-0.005949273890073846,-0.008185321833944673,0.013733643150983929,0.008463551672312374,0.01202184248362923,-0.0002580090316405592,0.002003397734675223,0.013182037592775883,0.01637662697161015,0.016595804578385425,0.016033507127551895,0.0
2021-04-16,-0.00253108152719304,0.00476703962864765,0.011468371053331894,0.002560755285236204,0.007398468945965366,0.011044967317184325,-0.005631834668395133,-0.004457803680094094,0.006004269697672666,0.01641043557081296,7.286239973206542e-05,0.003606082726234225,0.009827982558116361,0.009434032233458576,-0.00534203224792949,-0.007796613293406087,0.0060295630366839935,-0.001216298544623299
2021-04-19,0.0050557728506493505,-0.007700045744848513,0.00276982911788764,-0.0029967365706300444,-0.004249066697139506,0.0022760441689926654,-0.0031819012156742445,0.0029095161640269557,-0.008101706439996685,-0.003756131024993696,-0.004673929490562742,-0.004165330767471149,-0.004923565271228081,-0.014309956126799967,-0.012951760550666722,-0.002876458189397647,-0.002769084360302057,-0.0056957029526019335
2021-04-20,-0.01291303630657894,-0.001856867071194998,0.02302863256481859,0.017015301720303463,-0.02239097253559458,-0.033219345621973734,-0.02129453283573554,-0.01886756199227819,-0.011129284210360534,-0.008881298678253316,0.008310297133626934,-0.020695491032626006,-0.015885125647089063,0.009231602487688837,0.0013556185842614327,0.0045983699364914345,0.003550263981195359,0.0016306567016342384
2021-04-21,0.002925623780966875,0.00894308635621458,0.0006605218362649787,0.0057334127434496346,0.008472082961575287,0.010162719558748812,0.012759630385462947,0.013721669768607786,0.00816226228480373,0.006123943990081814,-0.006555012546422272,0.020996663455910145,0.013848156125739502,-0.03230564848725185,-0.003906513608602523,0.0020051567876489458,0.00986230760545779,-0.0012227431733628671
2021-04-22,-0.011754204045483607,-0.013172570960767014,-0.008499915539481774,-0.005708194288451465,-0.021282398381267623,-0.013271076896652474,-0.01312142489115617,-0.01747884246952494,-0.015883866698110424,-0.013870876229864442,-0.009915271182769867,-0.015476628411014983,-0.005394131749842571,0.004478860902036768,-0.016555838940410083,0.004354505934644132,-0.006504184996562946,0.002850745162056582
2021-04-23,0.017877738974807263,0.015357610068399067,0.002056245055027472,0.009462328239955286,0.018954727992463196,0.025366922691695326,0.0054132214466684845,0.005925943267137929,0.009576128228976334,0.007530832833247567,-0.005138336509366258,0.009782048742740532,-0.020981023504718452,-0.0010219724957790995,0.015427395408726246,-0.0023533617570105545,-0.0038387763071656015,-0.005709640306419585
2021-04-26,0.002973537724803756,0.0015305149340674909,-0.008494165863476328,-0.011178633557927834,0.0024605166196120525,0.012213310980713455,0.001977528734483125,-0.0002954646199376317,0.02018474781619437,-0.01211420666877878,-0.020211849436347892,0.0019536767886852912,-0.013362828319492714,-0.003970037871610436,0.006322744800437165,-0.0014289799517134072,0.002640740941636214,0.0
2021-04-27,-0.0024525299348171882,0.0016045235717220673,-0.0057439815736209515,-0.003441473106675508,0.004572421073636286,0.009012594512027329,0.013025431726888506,0.011556293528985183,0.0024698134413550857,0.0018733028678213997,-0.0006096631796287822,-0.0009546540101973995,0.006344941974734222,-0.008375797951736885,0.0017474164119476603,-0.00876127686790585,-0.002520555856460753,0.0004089143384266257
2021-04-28,-0.006045471262109731,-0.02869342879858962,-0.007381015179762098,0.00022811086295239467,0.006458438160257022,0.004260593139330973,0.029691318334451242,0.02424127936764821,0.011946162461381403,-0.00274871327219651,0.001675680185222907,0.008473161535712613,-0.0002691790054592414,-0.002461619432748646,0.011561201037164424,0.0006489526848871739,0.0029400315180423903,-0.003686262624450871
2021-04-29,-0.0007488954137583817,-0.008085712698129894,0.013612326197675495,0.01748480748565477,0.01925763761262233,0.013864545704174884,0.014182211222278003,0.015840421728402186,0.0036970752707436486,0.017456454437364894,0.008412008225571024,-0.021011278212714243,0.004610881772548222,0.0016849203656152702,0.07043327504888214,-0.0029597567173028473,-0.004142532865445853,0.00041025641629382733
2021-04-30,-0.01524903104831064,-0.0013077336464494456,-0.008992811345672964,-0.006872020546663697,-0.008932098220070406,-0.012888319601413525,-0.029267022620637625,-0.036485448982211774,-0.0011212427656176482,-0.005146311106922358,0.006843933005249415,0.0028096071866893922,-0.0038483960322643024,0.003748469456727782,-0.013535396610896464,0.0023108040324157962,-0.003374716954762204,0.008169980085657527
2021-05-03,0.00818186382523995,-0.0012697406673422942,0.015125006269826729,0.017646785757066047,-0.00292997572610847,0.004895444998069273,0.027228978437346913,0.02358690363443018,-0.0236168147963925,0.020186023519043694,0.011772731156435224,0.00026299640716173,0.0007171029349801821,-0.01050525191943758,-0.007720138395826771,0.0005990054994647715,0.012894891842952326,-0.004485226681665331
2021-05-04,-0.036026784923070494,-0.0162917643222177,0.015376601839614654,0.013313299276519655,0.013729007246218554,-0.0009142857779290033,0.006270675577064622,0.005481019202313479,-0.022281002222301054,0.007541058902615067,-0.0034132258402165294,0.02270559867826808,0.009941458958688917,-0.013255657052318496,-0.013168349551479542,0.006763102258728266,-0.00735671250587588,0.004485226681665311
2021-05-05,0.0019535071652400093,-0.0053413310331126874,-0.00418110751236505,0.0028160826532868844,0.01303532834669018,0.021995063042172105,0.0296293312161875,0.026504550515302032,-0.012557875654809095,-0.0021660006662437316,-0.008059745122304028,0.018969781002362174,0.0033656645739014077,-0.025558359153381116,-0.010546689064068433,0.0016478599464272532,0.004133598816722858,-0.0004069176050813108
2021-05-06,0.012721238882136521,0.013140052019598721,0.004002275286940213,0.005970022686389144,0.019924608722849145,0.023080392681681095,0.009467912711803961,0.0005505092354598459,0.010895801971732927,0.01651695927394143,0.01250947064876191,-0.0034108886632665987,0.010860830073974351,0.003112527041302471,0.015747364967169723,0.0016451489715606125,0.016542042633729118,-0.0048959706108455785
2021-05-07,0.005304236597511661,0.010872486082779314,0.004520588236027473,0.006437532740882092,0.003416895195672726,0.013354159858289862,0.014196076442293752,0.009130815811292044,-0.004474104080839499,0.0049347794541715305,7.399459817587512e-05,0.016399982678905287,0.0005683681430480418,0.0070015096840553,-0.002941638797781466,-0.004943588789490463,0.008956594339883262,-0.00738919618269354
2021-05-10,-0.026143245695352587,-0.021136004163333402,0.01044966263999506,0.007727755679868029,-0.00012404639362605582,-0.005976463561297966,0.0023998091670869096,-0.0040985530300053,-0.03120229676463476,0.005497022822381045,0.0184742443522724,0.006699776922037,0.009353384266991678,0.003616156086565352,-0.04195479711237711,-0.01017875599183152,0.0030258969843597857,0.0
2021-05-11,-0.007437920031964531,-0.0038507576817978103,-0.008197008892407726,-0.022076588105822158,-0.01676296444647528,-0.024047274592739424,-0.03231587528375587,-0.026542456110127184,0.010420398605594402,-0.03114366441411836,-0.004951586611102933,-0.013737220861490249,-0.007737486983600915,-0.00980729295434499,0.0018285719380794446,-0.005675631913138032,0.00017429193943878705,-0.0008244023555852631
2021-05-12,-0.025254679820824726,-0.029802506548086572,-0.004034656001143494,-0.015494698483058306,-0.006898979861951105,-0.015455565801851397,0.005267501892431393,0.006259655138383323,-0.022576772340519313,-0.04218888324581505,-0.010641130755480364,-0.008308553523969914,-0.04061110153323671,-0.034753858194722896,-0.013069076800150951,-0.010563478509991585,-0.009983443984183039,0.007395267886484001
2021-05-13,0.01776102230544069,0.01672134057885374,0.010409367707373664,0.007838552046535493,0.02539719511589584,0.012366781745354877,-0.012401700763254562,-0.006447114132071958,0.0030189730235138136,0.02621488183372589,0.015955838762454894,0.011521106091904878,0.020556216903733666,0.015121325787497154,0.008917319418616888,0.0015474746095995966,0.004098846352215064,-0.0016386730429492403
2021-05-14,0.019650422324240902,0.02084850952316918,0.0015286028025546375,0.0030304534652283006,0.01542225891205695,0.027380142995098753,0.024486940143999825,0.025816839802856113,0.01924446605349583,-0.005515767778151375,0.002103507829001506,0.008957140540821085,0.016318205303174606,0.006723867526632731,0.03438844965382132,0.009307846890756515,0.009074578007218182,-0.004108469211811444
2021-05-17,-0.009301659371353634,-0.012040767366851191,0.0009982091784834519,-0.0028591346774307995,0.004016069655185206,0.0013007779400475157,0.02309796896825052,0.012166483831854192,0.014627668494107859,-0.011248642627354347,-0.002030899370331334,0.010513012107357065,-0.003922178528928262,-0.01682566241836773,-0.0015204310814370514,-0.0021177939054743333,0.011572137543432122,-0.0012358394990273547
2021-05-18,-0.011309454724973028,-0.008602027399384343,0.0003520713562215357,0.00427345859843077,-0.014188972681105753,-0.012782774455954889,-0.028708544742060926,-0.030140146174225942,-0.011721473282841179,-0.010239426104286369,-0.010290183848558867,-0.02197255208580269,-0.018494700385367626,0.0054095422858604905,-0.017588634163707293,-0.002561945551059368,0.0019443020936054775,-0.004544523415655502
2021-05-19,-0.0012823597172485351,0.002465281879730469,-0.0021730839899666904,-0.002146656432502187,-0.007667137046098135,-0.01709727098336394,-0.024287266984848507,-0.02846691410716914,-0.0001485130137257845,-0.007287738211767029,0.0020518840561293598,-0.010916680610189031,-0.004508167404733863,0.005105219780301213,0.01164314331696506,-0.0024215752058408683,0.000685322699581343,0.004544523415655401
2021-05-20,0.020794400064535052,0.01372570567969326,0.005803914870724487,-0.002102330448986262,-0.0017394549955529804,0.0038988575622332534,-0.002376507655089567,0.003482301835590376,0.004901637722305839,0.004600626818655467,0.010196738020263864,-0.007968507387432662,0.0036531780396207073,0.02218532637041689,0.015881384090169606,0.008194967937694819,0.0045568545473213635,-0.00495868784513631
2021-05-21,-0.014877223036727791,-0.005329006814535923,-0.0006432184533261209,0.007290314757025509,0.011314226231110577,0.017850730178305713,0.0013586958607186292,0.00539292524310895,-0.0138280483787528,-0.00041160733241079033,0.0,0.009529326923514136,0.004805434437694136,0.0020170786106979517,-0.007497987367753447,0.0032011667930572207,0.0004545454623715516,0.0033085224530413136
2021-05-24,0.01322634415868188,0.022624213288709484,0.003794849403180822,-0.0016533350068242262,0.005395475995367764,0.00552720759107634,0.011642753638378902,0.014114291145677764,0.012999421587643067,-0.002949527201539901,-0.00028989708839411555,0.007600448101402945,0.008032171697549498,-0.00552301531932074,0.026216275316708698,0.0036976659860866092,0.0017594147391703765,-0.002480365060044719
2021-05-25,-0.001574803474817319,0.0037412978962962974,-0.002759594271244394,0.005097098414125294,-0.010387628361507136,-0.010316685389044402,-0.022907593701669966,-0.01651825403219114,0.004323473380016177,0.006048245927062048,0.0034009946308381847,-0.007895551495047245,-0.004275794862766027,-0.008955283729482013,0.009687087186383815,0.009220638731643251,0.009031955274140592,-0.0012424934257262723
2021-05-26,-0.0003940886749887333,-0.0009141313410837252,-0.005956084244795097,0.0003872872993056971,-0.0001235788435745094,0.007897186866266722,0.011604225778292008,0.002403962886513377,0.0018730242546664833,0.0018294226651369304,-0.002241910177552121,0.002274259740217887,0.001026075796326953,0.0013620269075611164,-0.0003966740461829088,-0.0017224060521320844,-0.0017435815323001453,0.0037228584857711207
2021-05-27,-0.012454053802776711,-0.008706125278479547,-0.0015390082357336298,-0.0012350015492156,0.015451898581245111,0.010747697430687564,-0.00646810765627039,-0.01071800923126205,-0.010792573739652945,0.004527597735706418,-0.022996253206622068,0.0149066415025706,0.030735176001203863,-0.006417718484531989,0.015414971883137814,-0.004066582301888113,0.00039397777349346904,-0.0008261049628755184
2021-05-28,-0.005362372288016687,0.001482995923195278,0.0026030896794026178,-0.0018917810207324873,-0.0006695273994844159,0.0051031481612063,-0.0032498104372442357,0.007543556081377316,-0.002181870889348185,0.0004390917147826798,-0.0009635697295813729,-0.0008292562049803132,-0.0015578349250000656,0.0030091665443428045,-0.012154712135569411,-0.0015518146714313774,0.0037630980406662302,0.0008261049628754165
2021-06-01,-0.0026517754300046563,-0.009173638004045543,-0.02222446452045636,-0.012704167736726764,0.010960175112001175,0.02762416194855778,0.03517993013639263,0.027182817940910237,-0.0013723045067629894,-0.008186185950225586,-0.014716584281097449,0.006944472352773288,0.008795814048613746,-0.009813082692376442,0.0012160643580043445,-0.0002219836077478528,-0.002694511566271748,-0.0016528929394403762
2021-06-02,0.006256537614630831,-0.0004042854312268211,0.0040394351491524925,-0.0021413547940698,6.0221011185300914e-05,0.002611376634050343,0.007907784205457017,0.013319248733816933,0.004754652018060019,-0.004531131502688536,0.004355342170822655,0.0028793570139299014,-0.00953230276398683,0.00814752832670908,6.0764416343495835e-05,0.002312641053634733,0.004878468755207878,0.0
2021-06-03,-0.012228631871441796,-0.006450195787820691,-0.0009631592365014132,0.005185497175114549,0.000662191879172837,0.013676135246190354,0.003930565165777903,-0.004543987045066231,-0.014633495826810873,-0.005763151096802782,0.017749528396711175,0.0015596145168652099,-0.0066965506582601884,-0.004687077784007742,-0.00949350068755544,-0.0037607623699104065,-0.01977242134191256,0.006184311608275865
2021-06-04,0.018843519510716618,0.02046395681625735,-0.0004216740517760259,-0.005703063638515985,0.001623523401769183,0.006998503256366439,0.004403497288722809,0.007961530666540902,0.006009499990647634,-0.0013495278704800501,0.0007358352061049875,0.000737916648710847,0.0037016917607837567,-0.00041462235418350416,0.013132625249424537,0.013601735371791917,0.010725636969912834,-0.0037059955920989863
2021-06-07,7.943127228369717e-05,0.011970020051634951,-0.0068317426623827025,-0.013376714866926093,-0.004697388944907437,-0.00844016759837736,-0.0065306354550007505,-0.006475508289125197,-0.002563931806802082,-0.003381809107345655,0.0034511911479266012,-0.017611766138619898,-0.008118061343007238,0.0017954565966254105,0.018683163809025967,-0.0030783573014891994,0.003999667332388655,-0.0016515280396119233
2021-06-08,0.0066498028446643565,-0.004897517589793783,-0.008835325427544836,0.0037157613296524296,-0.003992021269145422,-0.008953815997488275,0.01753576351858562,0.00905401602593922,0.020458396153167382,0.0030280601689268768,-0.011649471860094114,0.0016669448767565407,0.007074265310476716,-0.0045640076453236245,-0.008653412396054968,0.00700202917962378,-0.003096936510533299,0.0012389016666480917
2021-06-09,0.0030724410668194406,0.004030351591548401,0.013374872611195458,-0.0015943404302900177,-0.01256343901804448,-0.0050033981482398284,0.008334717267391632,-0.008775632504279988,0.005206833188524604,-0.01151669043740029,-0.0003708786160906883,-0.02321032564500493,-0.008740932363204711,0.004287993291279735,-0.010332506486266897,0.00879001902630728,-0.0019192780376486255,0.0008250825556265049
2021-06-10,-0.00805564299410389,0.014290711657400704,0.008957885974590943,0.0009718537002917861,-0.015711339450002686,-0.02336505487282132,0.0015948966692586432,0.005828223167937856,0.020661892063956626,0.003151143677871708,0.007391562960344544,-0.03875544744461716,-0.006871365625728758,0.014524782618645645,0.006669608704759007,0.005981089497749783,0.004285076471125137,-0.0008250825556264731
2021-06-11,0.009784659457586867,0.0025236361500939257,-0.01276971935986781,-0.009007041302077239,-0.0006860207945569166,0.010931105267240646,-0.009286009731230933,-0.004622789297305688,-0.0008422335814334236,0.007947318432945168,-0.006872371404183334,-0.02253528153268026,-0.004740500205118899,-0.0002721088447681904,-0.0036159865831659485,-0.0016148853785197194,-0.011316178242632072,0.0049403146987982835
2021-06-14,0.02428075688710251,0.007725327153496499,0.0024823673931732193,0.0031867538416722224,-0.017114870664098766,-0.01366254257592493,-0.001609787855123155,0.0005558643826098277,0.011006395744974999,-0.004676748997236326,0.0003706861446985965,-0.007686922388657744,-0.008966269503464722,-0.002452317304328223,0.016496639242620296,-0.007688818607371752,-0.00587817358134396,-0.0008216927337353996
2021-06-15,-0.006458580039808838,-0.005904503405902861,-0.005335609577991293,0.0028019632063004886,-0.015284070507900444,-0.004353558245216481,0.03576330499807448,0.0213505155012104,-0.00021870843887981947,-0.009321729808995344,-0.0019290701932373998,0.002052592688628555,-0.003006711265186054,0.0016355462268719126,-5.938947617015563e-05,-0.001204520640394786,-0.0037848422289052355,0.0008216927337353461
2021-06-16,0.003926253167553751,-0.003800369098467908,-0.00036483035775500446,-0.0075984968054127145,0.006999546959379698,-0.0008082985757561688,-0.0035817214959605525,-0.0057280694874242595,0.009449380293928883,-0.012048140747878905,-0.013985195967010854,-0.010535574525605601,-0.01590103493296531,-0.0017719625703085096,-0.01698077727327283,-0.0008511242440892306,-0.017035989713568834,0.008180004712832993
2021-06-17,0.012522115215431263,0.01358360007683246,0.004792971408441331,0.0002516989693035125,-0.029284954798514954,-0.025940021008744346,-0.033471282213396535,-0.02399303060197601,0.021433250671646663,0.0011222975266005082,0.009071547009872998,-0.03614936164433875,-0.012405966867922861,0.017311765858626725,0.01626782830782914,0.014860998221320375,-0.03122285915081769,0.007709512724421505
2021-06-18,-0.010143080288274788,-0.005650275443965739,-0.019805048313685125,-0.016570408454490978,-0.025628738548333398,-0.03567734408803608,-0.025983976772751577,-0.03846261821328151,-0.0006708581214710787,-0.0016839189754735318,-0.01473600080921164,-0.002820876341414661,-0.017678111440650582,-0.017584654384907892,-0.020566046021923357,0.018631283120990574,-0.005562623933000504,0.003228412814340657
2021-06-21,0.014005404752930856,0.012259280838302354,0.011417471030371459,0.022097820848647302,0.016826272631354375,0.02466254647645887,0.035616415995997804,0.028890473053814432,-0.009491690454117711,0.01635538989646037,0.007846136064177604,0.02061342445521392,0.016336419319211707,0.014226918370126308,0.007946261315435294,-0.016885045817539017,0.012173224929602634,-0.004846536145867137
2021-06-22,0.01261846395921892,0.010906307219424018,-0.0013436757661030845,0.0015563033415946386,-0.001463544700380888,-2.796928979002478e-05,0.01899091731628384,0.0032948958969016163,0.014794648676254945,0.016476005854257497,0.000375671517661734,-0.0003752873336666249,-0.0023639029288414336,-0.0029641627736277,0.0200805174215468,0.00243962062924445,-0.00420168685369997,-0.0016207458988530515
2021-06-23,-0.0020920509715863507,-0.0008854809964562113,-0.006068984145055449,-0.007881690156182675,0.006039908183657719,0.009797178199807596,0.007340915434082422,-0.001222551523285465,-0.00046224566611744724,-0.0033313077349740356,-0.0014283031936095534,0.0030919166393715554,-0.003859123701653563,-0.01030797137418396,0.004590808804265911,-0.0025792074522569433,-0.0006618731250381678,0.0016207458988530756
2021-06-24,-0.0021713909174525254,0.005319911411974315,0.0045398850981962615,0.008333066862724944,0.009155944475160547,0.02110245475693267,0.0040378995697388075,0.008153365068496198,-0.01574627307693081,0.0005453000086948686,0.0006768189770049545,0.02562881251949766,0.014016651359377786,-0.006428251636759494,0.007575683013088957,0.0016040732947559468,-0.0006020832260874647,-0.000810044597303994
2021-06-25,-0.002251239132199929,-0.00628164033540227,0.0051285294656319294,0.015128053430609946,0.010047057374335713,5.4235817479383555e-05,0.0021675190395214956,0.0014922591832126765,-0.013902777598748948,0.0057237114068079825,0.014182517336823394,-0.01391047335646945,0.00481177749409333,0.013357156472305088,-0.005288157820376778,-0.010437557543315117,0.00330698073678762,0.00040510432018101537
2021-06-28,0.012467965459770889,0.013864650467731571,-0.0011577248960806172,-0.008655700672244011,0.0018159418702860038,-0.00016271627750297484,-0.025849328342710833,-0.03133390896433775,0.012396895234318988,0.002070361141478065,0.0029603337189856535,-0.00018493689076408485,-0.008954666866391382,0.017314706774151468,0.04095205021582305,0.010228476453855426,-6.002941443098676e-05,0.0004049402771229228
2021-06-29,0.011434597679667672,0.00992380209664637,6.096631656465792e-05,-0.008404672016513076,-0.0012318865633070325,0.010548706398227463,-0.006208728056387347,-0.002214200663316726,0.0012333087751230036,0.012521506797907643,-0.00682191582362653,-0.005424590810990974,-0.003882243634032861,-0.014340525860953277,-0.010600356493232273,0.0016714259756993666,-0.010561034763929783,0.0024262041841366148
2021-06-30,0.004610495195114453,-0.0018439983099096781,0.004319135588929953,0.00586071254486423,0.009041652917327104,0.018374511502520206,0.007319046197819275,0.0094005488421291,-0.0023169732938351866,0.0020404006262511004,0.003935697353634738,0.01169333685221548,0.015621728205592636,-0.010857869971058488,-0.011949827733757546,0.004443526022371426,0.004841745220798333,0.0028231517009500184
2021-07-01,0.002260876870675234,0.0025806465936815148,0.007378321950980019,0.011051482725788231,0.009852296442768246,-0.012034286146697338,0.002849455781668511,0.013937177482324849,-0.0020922062067058535,0.008275737002791916,0.0022948523975170982,-0.004236318901617394,0.005773136929055898,0.012341649834415165,0.019029202602654508,5.1969553569680394e-05,0.0034354974572847704,0.0028152039525302062
2021-07-02,0.019406878235653676,0.022030932003151954,0.018033569260385313,0.01097953921973147,-0.0009553836593485722,-0.002215845530562021,-0.001423712967341439,-0.0013190128160899576,0.022469425062397873,0.003601146323413075,0.004868343317458131,0.0048334846786391794,0.0031678534885804144,0.0012123662833608058,0.0008743601509899259,0.006016407622894055,0.006536950921841576,-0.004024150297828383
2021-07-06,0.014611225254473198,3.6015918984026064e-05,-0.005994972695818316,0.002196140557160523,-0.016934220595976546,-0.011558957760727993,-0.02890838850910284,-0.019804512845047473,0.04585927215143054,-0.010717281221819145,0.0005884949408692643,-0.01966303380673376,-0.01254904164722098,0.011378209896759769,-0.00542772859614976,0.011652746839787318,0.004949176793726627,0.0036224632063900338
2021-07-07,0.017795926566446556,0.008142228307358916,0.008536420323867389,0.0034066608769319317,0.0011726385704878889,-0.00593875892947642,-0.015766462250735604,-0.010245595133493882,0.005653594935999196,0.013131470391498257,0.007473109729957695,0.005464622085284105,0.009924961962339012,0.0026585154566679653,-0.0065124577862142015,0.008820194231808319,0.003799577119221982,0.0016057811570723978
2021-07-08,-0.009242274190509017,-0.00900696857902049,-0.0019498366539948263,-0.004162564888705797,-0.01740430757105987,-0.024030553126205195,-0.004479476589693225,-0.0032112128013392794,0.009378110436731606,-0.015389232404172296,-0.0001459960586914017,-0.012090119150208013,-0.006453687808912107,-0.00265851545666797,-0.01390547300587781,0.003910205211175716,-0.0006520257484785752,-0.004019298018164455
2021-07-09,0.01297053037313516,0.0018726597233654134,0.00395479074009619,0.005255102963209566,0.03149815348225221,0.035093241175759,0.017962087930084983,0.014225816912137654,-0.0032399451218941304,0.011082953772879456,0.00036495018875276587,0.0247259587447708,0.02263090768129849,-0.0018651750677142185,0.013705732667617198,-0.014162527079034596,0.0033149855728760126,-0.0024193560157990232
2021-07-12,-0.00421256795069724,-0.002233188984031951,-0.0015918406803482662,0.009491105479724673,0.014214472688085858,0.023237692524984657,-0.0009803922369986176,0.0020158394155646345,-0.000212425836620544,-0.001087243634458019,0.0008024218978423327,0.005321113472262363,0.0030265289255510144,0.0013326227978078448,0.007788776974512378,-0.0012975041939441256,-0.001241832157461816,0.0012104096705010333
2021-07-13,0.007858315754774428,0.01311141834924195,-0.001239852557425914,0.005991055327376012,-0.014985136138742038,-0.011950226815986311,-0.004752159700363823,-0.0033619934650235294,-0.011138703924705359,-0.01468427581596625,-0.0012403781093758602,-0.015630721441955334,-0.004186156190845326,-0.0030676916342300903,-0.003034387298340201,-0.007682847503707602,0.0013009285732813148,0.006030169026075654
2021-07-14,0.02381468765337524,0.005430455766589935,0.0067709051986590595,-0.009120646942825963,-0.0034108859538489757,-0.004211205882477153,-0.02242432638723469,-0.01903894322330474,0.0011740663174097314,0.006821030108299396,0.007346823370807505,-0.01663464077071357,0.016333216919850686,0.011158457966775072,-0.012748128969209748,0.011298007813595001,0.010697803780380225,-0.004821222680777604
2021-07-15,-0.0045022419224299785,-0.005252522989031336,-0.012102039730078331,0.012721933941223087,0.0021894528682038844,-0.0028084271216704355,-0.009790760182526217,-0.006592241121423205,-0.013805997585506028,0.010873566857845471,0.00851560316605968,-0.0010873420286018234,0.021886322389684444,0.014686862473907252,-0.009160722358280733,0.010969774141767728,0.00017538218746550516,0.0028152039525302062
2021-07-16,-0.014175975854967845,-0.0009968315827145009,-0.0016048982550389943,-0.0008335814713276294,-0.02310022358311502,-0.02316705928146374,-0.028040024022846926,-0.026812330459587565,-0.015981286243680552,-0.0036321343775203917,0.009654310334673578,-0.016501709817903776,-0.010709607046867952,0.014217636416508169,-0.009626397956762222,-0.0018874289393266848,-0.00975101711134548,0.0012040940656341793
2021-07-19,-0.02728323223920366,-0.013410986999763693,-0.007284049162213011,-0.025678325789407895,-0.03305975590072047,-0.028020512332177533,-0.034972943806891844,-0.027342642823652882,-0.006749782056685451,-0.00833845652112595,-0.0004983093179248341,-0.018246733254432178,-0.042890007882644424,-0.012007116044270492,-0.01241702405863582,0.02169137671691158,0.0011798715308926518,0.001603206757318434
2021-07-20,0.02564243061353806,0.008304471359216591,0.009363978600101519,0.009513106547467672,0.018471605143211504,0.0279108571975062,0.010960490644171539,0.005922402888757316,0.006626650369989678,0.020118029727527943,-0.005354669561042802,0.023745763436603583,0.03997689901626466,0.002335237180111187,0.013881539126729856,-0.009686269589456512,-0.0012979352854573965,0.0012007205727043032
2021-07-21,-0.005144926457723343,0.007419066702374253,0.006154958177346442,0.004035722783946542,0.020822380353195998,0.02367840150737427,0.031659344786721305,0.03351472318143811,0.0033555062713271503,0.003099540619573233,-0.0035139338392970966,0.013231939693439025,0.009490656489045571,-0.016857635403770915,0.013287203581483067,-0.012747572822257117,-0.0037261613421524916,-0.0024028846133227508
2021-07-22,0.009582551080880033,0.016704056857850702,0.0028868550402391837,0.002721548867252214,-0.012706316643638502,-0.0021173672161063782,-0.011317261906958939,-0.010068550624535107,0.014628065850030415,0.0009188080643840789,-0.0038161804082508977,-0.007478183888956587,0.003831339842751252,0.00315789736189085,0.014224093450852057,0.009408671557095514,0.0019535302942000053,0.0012021640406184478
2021-07-23,0.011917800863675264,0.01226114247275531,0.01059201756786685,0.004631248754341725,-0.001923268822088059,0.0035888409616332074,-0.0012264565713479769,0.00040469446103959315,0.005102366625111956,0.018742019407375455,0.014337937903634256,0.0017674178807834879,-0.014803542640022213,0.014088414603191685,0.051607889392038246,-0.006711434588063367,-0.0031393480544041944,0.00040040040602513536
2021-07-26,0.002890272554753958,-0.0021426604823392313,0.00046557645023801385,-0.010009226530399108,0.006682349785345543,0.004933672251776723,0.024932039335041453,0.020920636880698083,0.011739476841934557,-0.0049998598181763745,0.0034991287886527323,0.007133376263418823,-0.0003052969032926819,-0.003763549962176624,0.007194372559863187,-0.0029673612275192777,-0.002375862367292614,-0.003207701228977597
2021-07-27,-0.015012453976123373,-0.008721541063378722,0.004585965718989749,0.003765210086361706,-0.0013196966611793092,-0.0028238823145185386,-0.011177143270568776,-0.003373688455282736,-0.02004650673314855,-0.01190707221346252,0.004055069050396974,-0.005369076637632949,0.004830191501856417,0.012276435112870207,-0.012563149013097368,0.010614812464875984,0.0016636961650861096,-0.001607717389206193
2021-07-28,-0.012270933750403137,-0.0011173965825684931,-0.0027839015775433956,-0.014388737452099669,0.001649348881220816,-0.001628686597701169,0.006721266146031166,0.005649452559572601,0.0010831355763748145,-0.005331058307258096,-0.014949672220536399,0.007310043469403671,0.0005641749089617576,-0.00012844390136381058,0.014762307783016184,6.682481888085037e-05,0.0050336173554314245,-0.0028197400327369705
2021-07-29,0.004542021434628967,0.000977790272354339,0.0,0.0070867876503056025,0.008533035037996704,0.008832428591476774,0.012121360533209793,0.01364438345607809,-0.008409175668447634,0.005850388078047234,0.005175399706017386,0.005283031155586499,0.01031582188981542,0.003974109454500199,-0.04090236637421167,-0.005561712330009832,0.011043994058414526,-0.003637102415673651
2021-07-30,0.0015094342488969085,-0.005565195231873172,0.00011615076398675624,0.00033968215798639036,-0.00800581741663327,-0.007097035489952315,-0.023348700162143115,-0.007437161200668044,-0.0786633047387353,0.002318417194143494,0.019524243774297876,-0.027713967547759313,0.003899977086196955,-0.0033320548581361564,-0.005653369287291336,0.004692641178638655,-0.007918162136355503,0.002829999869287422
2021-08-02,-0.002333723346413842,-0.0003159391319261021,0.0004064214642288438,0.008093884411264596,-0.00402707261513259,0.008790740078787811,0.0001736864952137905,-0.0017695639692854592,0.0011683314464293112,-0.002959981410750587,-0.0024638356767388643,-0.007720171382890293,-0.005877196728879527,0.011613939489218917,-0.012283952557390775,0.008867224334458796,-0.0012373686874695624,-0.0012118765377609898
2021-08-03,0.01256503829710375,0.008042845048246351,0.01223115692331513,0.01511724730368532,0.011313677211831644,0.005721457832989078,0.010710069553754326,0.009499165587476974,0.010379744773953993,0.01432150213749085,0.014484387153188664,0.016148878718109307,0.00098909849620252,0.007710333337003089,-0.0020193695625402718,0.0005308207943965453,-0.0007077558537846722,0.0004041220506358099
2021-08-04,-0.0027861796417688414,-0.002126807279670908,-0.005923813153460644,-0.0008536470212912555,-0.010850729550109269,-0.006594416026165856,-0.02364505150855003,-0.022672237769464212,-0.003428085059781555,-0.004922622246956064,-0.010615366112190749,-0.0192732710274159,-0.013240068800934165,0.005650087226121212,0.021629771938251482,0.002054273278192645,0.00023597427989857653,0.0016148570335113735
2021-08-05,0.0007482739031707084,0.010450939695799298,0.0019017438382130777,-0.024859277329742885,0.01254985425608581,0.016899740925604638,0.006313595156745069,0.009229460643427572,0.006320305229224042,0.008441158318406571,0.0004913487620578188,0.012970476460549994,0.001262324149462446,0.0077326401763112024,0.011220663791555816,-0.0051103479400380295,-0.003959933068507674,0.0
2021-08-06,-0.0047713266170130945,-0.00020726104606407425,-0.003344870477418156,0.009512240280406327,0.02800762498687271,0.03475208760365229,0.011472401162387586,0.00708734140922619,-0.009239858444428501,-0.009865077365311758,-0.007678527388438021,0.005583111196398741,-0.00087039782670668,0.0014897581902229532,0.0014866206900705516,-0.0168420795853591,-0.02530869715561453,0.005631551487577202
2021-08-09,-0.00034219621893976385,-0.003911460706171066,0.003460011525492518,-0.010290772300477166,-0.0010799480132572979,0.004988916924675313,-0.011472401162387518,-0.0168154308333521,-0.0009182256459217561,-0.003279687118310626,0.005430388181543297,0.002588439753742938,-0.006333143396836223,-0.0006204628848825083,-0.005240523908588533,-0.00359285882864489,-0.017894827313169288,0.002003607163343533
2021-08-10,-0.0033597343818852613,-0.006576567364431619,0.0003453436201630405,0.0022123633896109916,0.012192576577195179,0.02002914018993341,0.016987754681588106,0.018089753409727787,-0.006360949320764249,0.008239474700455504,0.0006328001616542988,0.024495266716983703,0.015866104055785885,-0.00037246260294217915,-0.0013282786911335445,-0.004628692492701344,0.00030912856903258666,0.00080032016667922
2021-08-11,0.0017841217936128814,0.0017788944153954006,0.00017262709704500513,-0.009859509779619458,0.011859573493428482,0.014406595748516089,0.002917705665516081,0.007514796502598758,-0.008640884638535658,0.016515454371681455,0.0024570899371047154,0.03484161200834458,0.009870053948756119,0.02259150714461808,-0.0032450901461810082,-0.0006142296727002526,0.013690854482595778,-0.0020020026674094906
2021-08-12,0.020560520711479756,0.00991755129314822,0.008022965671254757,-0.004375083788363082,0.0039015376942777894,0.00267828219313482,-0.0022304204153341836,-0.0020438957916156793,0.003453815893437874,-0.008882058928795018,0.0023111681681173683,-0.006426815513353374,-0.005609692475369943,0.007619314843895309,0.007445267643680471,-0.0016397926605383898,0.00024387269966008016,0.0012016825007301357
2021-08-13,0.0014094435030573272,0.010434996688436463,0.005975263189789046,0.009097324980726922,-0.01125039059632593,-0.010220728853111101,-0.010164826391576717,-0.006647140800247681,-0.00288898824195191,-0.008116195693659688,0.004815250589182377,-0.007611531472408271,-0.0007763640674228636,0.005407042311179133,0.0014603973221317941,0.015672494202661966,0.014224129903557302,-0.004815418618183758
2021-08-16,0.013457001423084307,0.005957971492645468,0.008980827963725306,0.018237734597224872,-0.0065849537120116755,-0.0059331415731621005,-0.014728329408448928,-0.010252455734357978,0.001522836774416439,0.011195098689334599,0.006937727286272427,-0.003942427403614104,0.008507033043985101,0.005973733415332485,0.009263639573758507,0.002420494694072085,0.0049758802944961005,0.0008041817889687506
2021-08-17,-0.006173063976253318,-0.005172894736833967,0.009123793385082523,0.010894158924969317,-0.0121543561210684,-0.008311659515560222,-0.0068161698883382965,-0.0018844538189860492,-0.017438275845822172,-0.043617770923656186,0.0016579169313294157,-0.019808139230938916,-0.009845519027788782,0.00011911142936021925,-0.022373038406261404,-0.0004030091409486446,-0.0014961551610460932,0.006010837572204975
2021-08-18,-0.025831819066343357,-0.006126274785896293,-0.0127854598714162,-0.010630537483832142,-0.009149428809069627,-0.015352952201178589,-0.021283204451965087,-0.027068111294044826,-0.012646098026079628,0.0024910490851003286,-0.010965478740956169,-0.017153403458657797,-0.013177827854486346,0.005463845402329233,-0.008404587923630524,0.0033534572002581957,0.000778280040482211,0.0
2021-08-19,0.002320344997806203,0.020562426602498456,0.007758078039148862,0.025012839603605265,-0.008390935438648604,-0.01320109532653065,-0.03099575989173216,-0.025238262982110658,-0.0042166483668519515,0.004189625183661657,0.01172443969088552,-0.025878912458265197,-0.0030253229258610024,0.0015387349897111012,-0.0009288318496340602,0.007338258414550814,-0.0029366836603705237,0.0047827911053599315
2021-08-20,0.010105549053407206,0.025253783291025057,0.0048602090031163395,0.004244409357020524,0.0028478983650408137,0.0058269317685375145,0.000189627381548112,0.00010605016178023529,0.0038198459020951205,0.019444290340005773,0.000689465002828643,0.0023938065608830883,-0.0001317436272564248,0.020254746176789285,0.01189673788546564,0.000664451851673291,0.0005400378157707256,-0.0011935549465709133
2021-08-23,0.010204855259395974,0.0009523653861404358,-0.004300361266918503,-0.010174693364329057,0.012716117656641115,0.01399711810088479,0.040321300367597165,0.02544240255540399,0.020391005030820926,-0.004566356986316943,-0.005113333418828942,0.020286630798853303,0.006173264498735768,-0.02203041991989217,0.011014058651458223,-0.0006644518516733021,0.012104014453497694,-0.00598923730780391
2021-08-24,-0.0006013430173135485,-0.006685683671133556,-0.012578069509176358,-0.004594892446459379,0.006171091887402463,0.01755578970883077,0.008161830017579962,0.01140989918448338,0.01214626179560936,-0.008703168442930233,-0.008138326141382872,0.01636154394265996,0.0057882872957122355,-0.0030853234384832593,0.005927081534141529,-0.007807065976919042,-0.0004742427025867207,-0.000801282094705247
2021-08-25,-0.008456993823185726,-0.0020177636139675804,-0.0066358003354316675,-0.00870550478037878,0.02040310583266902,0.011099325318910424,0.0018047288772789704,0.006824574488178858,-0.0019984987635649335,-0.003144365857107269,-0.0035683088411037046,0.010155697441455419,0.0009542399336181648,0.004624422778223084,0.007848521007663327,-0.008341229581043474,-0.006961620356716794,-0.0008019246626132038
2021-08-26,-0.005542427165101691,-0.009715597966667835,-0.005352068712832159,-0.006909027112761417,0.00514458629944536,-0.0017201075069556118,-0.013615532110148796,-0.013181614249509524,0.005085284526573962,-0.007437743473665253,-0.0017538325724239313,-0.01652619771532027,0.0009533302277758959,-0.003970963879065919,-0.010944880466922734,0.0027656936911972774,0.0011338207987738938,0.0028039273300227542
2021-08-27,0.0071588068280543544,0.0021041740533892144,-0.0021373083842749618,0.004571518594541848,0.008004968854362126,0.017498343361530576,0.01918958232425462,0.014500407238660718,0.01009065470292939,0.005892768967436778,-0.0007726618583946384,0.007498797135619853,0.0011254925217895632,-0.004784125857558447,0.022388691086700326,0.006780597292458518,0.014917698056869103,-0.004409708487095178
2021-08-30,0.029963795420654134,0.012829401406508487,0.004212476294733279,-0.0010990850027565032,-0.01613686133401417,-0.014617020318788435,-0.010998037475942926,-0.002537685978540088,0.021249618088229297,0.011437832232547077,0.0043472232252262126,-0.00650516105616425,0.0031532822398253678,0.006453177269982561,0.021320618035500692,0.002605995261016673,-0.004947880742804846,0.0
2021-08-31,-0.00846045381035095,-0.005648519485949707,-0.003056607241408485,-0.0048647902598703855,-0.003058774505838482,0.004607358200492501,-0.011670446097133857,-0.016602143985056037,0.014282723688708242,-0.002816558315536399,-0.0037852281284033664,-0.0027467340624778794,0.0001724955802754649,0.0004763606142805323,-0.0033682469610904413,-0.006830078781919316,0.0020056637209540816,0.0
2021-09-01,0.004468693773756679,-0.00016564244436637662,0.003517171441013822,0.0025911101082694574,-0.0014389842009981926,0.00036268240311972144,-0.013851916007149285,-0.011014242685285664,0.002362662416889198,-0.0027322840765420338,0.010131798931060658,-0.013896076340377678,-0.009139999952558039,0.015945533622859123,0.00701314879503297,0.0016739861300032045,5.8929255445966745e-05,-0.0020108593156108363
2021-09-02,0.00744712090870982,-0.0022554654824790956,0.006825965070395259,0.015124060662273398,0.0046224081306900245,0.0020285942039856225,0.024070983040391843,0.02068112174823084,-0.004574979314080839,0.012588824178358203,0.0007644463348593282,0.0182022464866208,0.005078466543154893,0.01326989557142695,-0.01787907607338881,0.004356137303831618,-0.0026552604477961595,-0.002418380861274218
2021-09-03,0.004221470792219497,-3.3206594854950955e-05,0.0006286253315671501,-0.0020081039622631895,-0.0060634659908335034,-0.0077257864810236915,-0.0038199227907914505,-0.0022540993141014036,0.004301875051238283,0.007901815974940121,0.0006944444719145482,-0.00668011485612778,-0.011364500861941185,-0.009177040650359234,0.0026079797627082237,-0.00913616458284717,0.010637460360251262,-0.0020197946690628248
2021-09-07,0.015370571747098731,-0.0031929781668057823,-0.015661305825619865,-0.003838412484388406,-0.0017571388266724522,-0.002409845013155245,-0.005849038790910871,-0.004420464664674298,0.00894194590733566,-0.004216663560998858,-0.0037557423479780785,-0.010224647126586302,-0.02406551025855589,-0.007731997282822954,0.015611308030277483,-0.008471468100944608,-0.019778074809099218,0.004840671007974629
2021-09-08,-0.010134788479735984,9.993504237282721e-05,-0.0024403010197013024,-0.01398490454253157,-0.004469492190839118,-0.013050275974645016,-0.009208168193397696,-0.006926882180692281,0.0046085323626603,0.007963344279450139,0.007566590542029927,-0.007036173606876191,0.006572352810894461,0.01644639624062883,-0.01213571985085677,0.006782906016520817,-0.0025074640003470796,0.0016083638379730816
2021-09-09,-0.006727498042734186,-0.00990869419964838,-0.022532353100077906,-0.0020242434074813505,0.004343864049773435,-0.0010375751318982293,0.0007397817977326538,-0.004054270328790894,-0.011795288016158187,0.0005728499439050206,-0.004227457004614412,-0.006550400675164496,-0.006572352810894577,-0.006965433316623124,0.0011382136570851561,0.01202769413180238,0.004413701546661302,-0.00241351686109197
2021-09-10,-0.033662101202413704,-0.005194291225428264,-0.006566403727560198,-0.02241803339472531,-0.011562283286193851,-0.002722571787897639,-0.0020357182935052164,0.0007289009547470303,-0.004317374981177018,0.0005423974098390888,0.0009718173753080869,-0.0019979053011323715,-0.0025151596463104595,-0.01065771053051595,0.0018237328132356687,-0.008855552303221374,-0.005071458618840543,0.0016096582963500091
2021-09-13,0.003885841685013933,0.004319223856828107,-0.007031912859580655,0.02592914344949849,0.01576225811759547,0.01422373070791988,0.025424323245751758,0.01958421693389516,-0.003459271863447168,0.010488558843710666,0.010696765323779467,0.005787813146510646,0.00551608008967288,-0.004129555747469346,-0.005773321120491551,0.006046373812229587,0.0033440852852553702,0.0
2021-09-14,-0.00960802903114362,0.009383761339677704,-0.006049625226028187,-0.004788053545503981,-0.017606866343120742,-0.013703394211967724,-0.014370415554677657,-0.018231951684464173,-0.0020761042729075625,-0.006970128582460429,-0.0017175642294203484,-0.018946543791781675,-0.015367931284112948,0.0007091360660849402,5.31180282424169e-05,0.012050343880685712,0.006417896999308452,0.0
2021-09-15,0.006124871915671596,0.016639208915759963,0.0037550767883237956,0.011999276564635073,0.0069156130071675636,-0.00431955390866413,0.03315619029332765,0.02098410672678542,0.0074475602655867425,0.000750198838177374,-0.002133884822680045,0.01666460169496829,0.006789199609174648,-0.0003545051737987348,-0.006955854550038676,-0.003513544003688116,-0.005881496235485917,-0.0020124780355694105
2021-09-16,-0.001611712121089978,0.0013113896052268834,-0.0012097751288916356,-0.0016299922108803555,-0.0004426877538886367,-0.013197792455991434,-0.010691477466393536,-0.00940894648314484,0.0035755197102112293,0.009018216876390336,-0.0069840895164882625,-0.010407344809563243,-0.009244639183955518,-0.007235664093559003,-0.0023026061739617244,-0.004592812679878095,-0.02290222439569354,0.004422117757383871
2021-09-17,-0.018518419647403913,-0.017683780656114395,-0.0028487457520591716,0.007933135990155367,-0.0025968282637722656,-0.013246571243543864,-0.011894175183244557,-0.005770832173485088,-0.007400663349006241,-0.002142666653353749,0.0015947307934724678,-0.019090700030141794,-0.00529512352370354,-0.02849746090160317,-0.022609328711260927,-0.004815096576172446,-0.0015863334626184458,0.0036036075011394793
2021-09-20,-0.021592534400767784,-0.018749392167458006,-0.005721953766020734,-0.017914654355710852,-0.03039121354180559,-0.03464528723612543,-0.02701128849061746,-0.02067526920225683,-0.03132731522175323,-0.013375919195746884,-0.010096524163122178,-0.045736009322884984,-0.01271262111566859,0.000612257412512355,-0.025042256950904687,0.012325683208926068,0.0071187669434333595,0.00039960040519380164
2021-09-21,0.003422149514338163,0.001697505075839271,0.004385704781696519,-0.0008726850161021831,0.00013074459083384771,-0.006074530927565486,-0.0009317060216117901,0.0007382798412631796,-0.003612289280578912,0.009046843483389851,0.0015384618418757112,-0.005148963196111097,-0.0038548221341528272,0.0028115659377793436,0.004991737558900749,-0.000861183849470011,0.006646951779628584,-0.0007993605547072555
2021-09-22,0.016731585007675357,0.012740743310437726,-0.003653416960041223,-0.008866861172363313,0.018971723794898778,0.02529984805270892,0.02884903788367543,0.028990549143734674,0.010833459117193776,0.00510334615019219,0.003418091291839946,0.007922599744368814,0.00981671154357907,-0.0002441704323248306,-0.04073691179464702,0.005946892113564673,-0.0037410289210776802,0.002794970877120951
2021-09-23,0.0066967586612112495,0.0032768277554973226,0.005657121446963375,-0.0016406894574673395,0.033242835207716724,0.016441264179090483,0.03330969631313304,0.02448276053568979,0.010579773641401757,-5.953798518349923e-05,0.00410021770371396,0.02716872006690127,0.012273464198651338,-0.007722046094539395,0.007980656719767462,-0.02285623401740269,-0.01161354371726533,-0.0039952110654036515
2021-09-24,0.000612765976444185,-0.0007012740095838151,-0.003037484869975125,-0.002330974788980028,0.01147381657794517,-0.0025807784762482623,0.00889514890839167,0.005382251605654535,0.00278300908116226,0.004692613303681593,-0.004448467751325266,0.0010166735323492294,-0.0023240457955404337,-0.007038369489389059,0.020031574626633897,-0.009821598239069928,-0.0012851505700755214,0.0027983228307322315
2021-09-27,-0.010606004513142265,-0.01745562585166109,-0.007266541912225439,-0.004456214673911625,0.023878475291953215,0.022665579593583556,0.029260364484986166,0.023285426002432195,-0.005773424397118621,0.011548220841320882,-0.013253586241408013,0.01602776107697635,-0.005902691644565099,-0.024333321504477014,0.0017550320129285767,-0.003682491886701119,0.002079893084778279,0.0011968882346714124
2021-09-28,-0.024089162591591367,-0.03687516410319951,-0.0022087253597425282,-0.016544929515212716,-0.005404444788673441,-0.026125568949129558,0.010401033205795924,0.0037803563663319833,-0.02673268613625004,-0.02254208985773881,-0.0075819672338003664,0.002746225668125539,-0.013537758442320929,-0.01909947182568424,-0.03725421085817295,-0.015699558151422082,-0.009763963473641281,0.0035820933803602946
2021-09-29,0.0064620580278309196,0.0016915707445306202,0.007404494864926272,0.004480440019577901,-0.0007830618117487372,-0.01190628613273098,-0.0006677796571888183,-0.00029028980790309045,-0.004485369643383609,0.00933318241540677,0.010120039661934619,-0.013453342811599133,-0.00023261764735137868,0.013880186856431147,-0.0030576568086029855,0.0017335232993442326,-0.004514959582389097,0.00712592089030035
2021-09-30,-0.009355394791276573,-0.007350895413201258,-0.01548322894546297,-0.024446644990653764,-0.013712143009314426,-0.017984021628360797,-0.01786062642619665,-0.01836168395473564,-0.004882976408171661,-0.026069216339331527,-0.01575506295400294,-0.030271139584806383,-0.012359707901024622,0.002167400606134406,-0.0006480118046539078,-0.00013857132946169362,0.017817022275475287,-0.0015791554766687507
2021-10-01,0.008094360576611045,0.02514930627431716,-0.006398133451433147,0.0043158002048203584,0.020797557544435092,0.005197695170706035,0.03524373113488855,0.027992886207670615,-0.000541997181485198,0.004862344716393077,-0.0015749162106734318,0.012218635056995634,0.01575056513396348,0.008749184067625551,0.010609712653279016,0.008370392764488603,0.0022505407753339248,-0.0019774576360482242
2021-10-04,-0.02491345716411163,-0.020937134320886123,-0.00782011555110146,-0.013907644878988452,-0.0010775863115092313,-0.015514466193907946,0.012882363234568012,0.0037311691224566424,-0.028884882339795536,-0.010330261139365454,-0.0056759142212187,-0.006194207592177289,-0.0066998808287867554,0.0018919095015985765,-0.050156947183994056,-0.002548825132316097,0.004667382317536146,-0.0031720883083322868
2021-10-05,0.014059107574429897,0.01976037856947273,0.00225847021989348,0.016452628819404184,0.01610206799003641,0.03068823377513777,-0.0016215343255937204,0.010827344828091254,0.009739921447780528,0.009177593192378264,0.0038832207580411894,-0.0032673835567784597,0.007024428204184461,0.001510954706513603,0.020419708569585884,-0.009703430724336699,-0.004667382317536226,0.0019837340381345875
2021-10-06,0.006287329531148759,0.014952071912397901,0.0020657930909160614,0.002082064534301569,0.0021321969703429434,0.005789176998597334,-0.018508431050659063,-0.008824005260778782,0.012651699448985362,0.0026673148694462833,0.013261280896031026,-0.0033302143380775657,0.005270713575100328,0.02116349372758729,0.0020402047281896257,0.005625600835236877,0.002669742499499672,0.0027706330824161848
2021-10-07,0.009043491127758468,0.005918787263324281,0.00890278253783676,0.026160826038801193,0.006310657609587156,0.006601023108523643,0.0028064401411238035,0.007122199044605223,0.012314991328068141,0.021323280354796283,0.007971542335700417,0.020072395481558,0.006938887754124875,-0.0032078991117988715,-0.01333634707453541,-0.010512854854946524,-0.0052857135730716995,-0.00039533505187254773
2021-10-08,-0.002725463792858962,0.0,-0.002544451678482611,0.009247938407184944,0.0007640093227929266,0.005590813996079758,0.02474890237071107,0.022178422739381125,-0.004190537231342553,-0.009347810022826997,-0.004154204178827796,-0.003018599923658706,-0.0030729035576772504,-0.008812816920565191,0.0025179378358508465,-0.007023487223193081,0.0004263223670648604,-0.0007911392823155452
2021-10-11,-0.0006300094707986707,-0.002104978029922664,-0.004234392029824505,-0.008531614845455551,-0.021255921095956712,-0.019459517712163248,-0.010021095660422124,-0.008551032679208348,-0.01295213763119715,0.007835466343915107,0.004154204178827711,-0.011699656711417324,-0.011132011767475483,-0.030121234407616986,-0.014035318116458017,-0.0025405800534512085,-0.0018893804188252765,0.002766253490214778
2021-10-12,-0.009144689501130851,-0.004598805604527511,-0.01610401538337553,-0.004330457257908577,-0.007710881579818761,0.0033429679864003313,-0.005211738180400416,0.00018667164503883074,0.0003172339688704964,0.0024600987554186295,-0.0014766377533505122,-0.015517147374905352,-0.004469073124331641,0.013273966438182412,-0.005175452850922168,0.016955496228054485,0.004504237939635616,0.0011831987190148794
2021-10-13,-0.0042489972572535865,0.01164323477589459,0.009530192992796819,0.0007684775846600688,-0.026720550388778783,-0.0005693287251854092,-0.002779823553953721,0.005955167874737827,0.01131432959890993,0.0014199505403400348,0.002319452805760277,-0.0051734265202882605,0.005815187004808426,0.016597891409384634,0.002375407944039812,0.00967927910877024,0.017637778526502137,-0.005533610957457584
2021-10-14,0.020023853768763,0.021501178845313343,0.00569980560384627,0.040811091227105134,0.015225122278915534,0.012578782206690032,0.015113637808873174,0.009418352168653063,0.00473259349872075,0.0169130407344857,0.011239603120595446,0.028128240535744878,0.013865758688318675,0.015713283401285447,0.012219362844086874,0.0037085407517487754,0.002443459006476875,0.0
2021-10-15,0.007484442422110367,0.004810869961294518,0.00740490611719673,0.018175246613121934,0.019026264677844348,0.03730662037276223,0.009471135893196116,0.007325369264856516,0.03254481663159496,0.018316901819142035,0.0025652594925886086,0.023847577310341147,0.009697100866980762,0.0025746351501280463,-0.011541709961288971,-0.005843748367910971,-0.016020502840005155,-0.0011897681364096714
2021-10-18,0.011736982259594233,0.010073674721861482,-0.007342451006387347,-0.008092082294820583,-0.00036018730148589336,0.018591342536582622,-0.00047942470024443394,-0.00045626683255815077,0.011003996819902937,0.013042060624842542,-0.014507159151979627,-0.00422961355603919,-0.0004078395887298114,-0.00836104710891044,0.03205849451543227,0.0046777274535970016,-0.002482968724554551,0.0003967466827247271
2021-10-19,0.014967601899512097,0.0030543304223294454,0.023149896433834215,-0.0005653710397022383,0.012055529152651429,-0.003705277593937156,0.014913809661289964,0.019344361680625328,-0.0007517171575696374,0.00835909495700887,-0.011872930991524736,0.014825474385212518,0.005198809204759835,0.01275934375334996,0.013771262903148156,-0.013890551941407628,0.0032085265289218856,-0.0023828446511147926
2021-10-20,0.0033554826464754686,-0.0026638960592211317,-0.0005493667161365432,0.0249236259642289,0.013376352180875637,-0.010414093265497708,0.005496676579812271,0.012986040357955496,-0.00848207720947415,0.0006701851638937112,0.0039025132012127884,0.015049749918722048,0.008351716633300156,0.022778930073877563,0.0023209023742000933,-0.006773059442741701,0.008725796300168393,-0.0015917233773492122
2021-10-21,0.0014728529139229648,0.0108385486027238,-0.0023228814164126094,0.01639025943401193,-0.007874519152895146,-0.000735763019654316,-0.01833463719242279,-0.012628002402261964,0.005824774463695747,0.017680477161814798,-0.007179596015058147,-0.01009040628821188,0.003927173915586161,-0.00131163197803745,0.0032226905107476988,-0.0011917699195860409,-0.0008991458720563683,0.002386635974763313
2021-10-22,-0.005299002907847544,-0.005161967843673875,0.001956469198310212,0.015436006030196276,0.013361661517655013,0.016376854924760015,0.006835731250989899,0.009441595033164388,-0.02938225356681267,0.0037502952485305753,0.010708269084770908,-0.0018816544300635266,-0.032225815386718204,0.0072520082440024934,-0.051835336544770294,0.010952706372857841,0.006098308986576099,-0.0019884675439850166
2021-10-25,-0.0003363266438892474,-0.003337170392738662,0.002196462140108174,0.0007344350187344028,-0.004901970600271043,0.0010373069549766579,0.019299257504632423,0.009265453444978183,-0.004561360809504009,0.014296615157107166,0.00014200511258498653,0.00774466463470554,0.0006437669785029379,-0.0015411063445784207,0.01249059557618057,-0.0015275659130701104,0.0068904341523276305,0.0015910902333357297
2021-10-26,0.004564378981296963,0.006405301402624268,0.010126515301856159,0.01139229026568214,0.0026873884261857848,0.006872053571339397,0.022890622326522427,0.002193464358390891,0.016636088613998748,-0.005564123152313991,0.014099634354024863,-0.012791016746423,0.0035791347345532415,0.0139022031678342,-0.03997429039794538,0.008235055707646429,-0.0074270268019594535,0.0019853093643500785
2021-10-27,-0.003152566585216468,0.04125142730793799,-0.012200825117776867,-0.0025547298394866173,-0.021048443843862806,-0.0159790993418395,-0.026315283207936753,-0.017951580803796854,0.004851853927931454,0.008415196925243104,-0.007165971369847999,-0.01773803992783879,-0.011980605931103071,-0.005396540548028582,-0.011432699402880912,0.018030812210526423,0.0026206090042386384,-0.00039674668272468973
2021-10-28,0.024684419663922007,0.003644679102718392,-0.0054502722261323,0.004312817493475858,0.01496228273471045,0.009275807900663091,0.002802866986373919,0.009325526084573987,0.01581536855336177,-0.002016427843091418,0.005975203183955934,0.03978336835155875,0.012713206696135886,0.016450233874166494,0.014941308568746292,-0.003390063589581231,-0.00023795360017087107,-0.005970166986007571
2021-10-29,-0.018322436041981274,0.022166555413885042,0.00018420163969829146,0.010983722350503843,-0.002762676261163146,-0.0035499995019914687,0.002484859176290093,0.01203828078754517,-0.021745980828480182,0.0004574134693089099,0.002170337254205792,-0.00039206077414250575,0.0006405857006812595,-0.01269303795526509,0.020766097743903655,0.0030515739274648603,-0.008544251782996342,0.007952328191366025
2021-11-01,-0.005623257554341688,-0.006807996158345836,0.0008591593040709802,-0.01390824755081302,-0.0005298949162058939,0.008071846729635311,0.0178329091628571,0.00034931447375320917,-0.01623820904849393,-0.014250735601665633,-0.002450724190332111,0.006692909519420007,0.005200978920887462,0.003042361344269144,0.01961657272226108,-0.007215249021121283,0.005206942368478056,-0.0031733465763344156
2021-11-02,0.007090805012593628,0.011351065273697824,0.015641960988555765,-0.004568787950571699,0.003938054285323582,0.017013080626190377,-0.012418710772075157,-0.006130690073014188,-0.001616683557619194,0.0022077771754947027,0.009905905906775843,0.008436413672984837,0.0064860188829671634,-0.0019881884801100126,-0.005774565479425154,0.004428856079376824,-0.002151309542512133,0.0023809535073857496
2021-11-03,0.009750997628876724,0.0026081887882555663,-0.003205809489742191,0.011634559469419138,0.0003519061621820661,-0.01413744960057172,-0.013825462935795334,-0.007229796965130701,0.021279781581368416,0.004563613168402146,0.006848631106316589,-0.017386660494453685,0.007252447383208067,-0.0021094581828886255,0.0107322539894061,-0.010387573754826069,-0.0083501521429399,-0.0023809535073856672
2021-11-04,-0.003504715110207197,0.007278834117479476,-0.0027907559221875236,-0.0012471421280357883,-0.01322255260023517,-0.023803441138641367,0.007480165781769227,0.004414628395408817,0.027111411281747554,0.008662268290783483,0.0018596967854117982,0.00019649260797837694,-0.001392351277049998,-0.005647073829833405,0.01267489663956637,0.010455557030272972,0.011277187475462832,0.005151586589801772
2021-11-05,0.0035707238887792907,-0.001130111644275009,-0.007133524137913191,-0.002082032815349331,-0.0014271275533137653,-0.002429001991601501,0.009426014316591182,0.010777760407093955,0.012004163593289409,-0.010208303831947683,0.004942349433967751,0.01118530722761712,0.015918293986577355,0.00904345819288749,0.01559900459174469,0.014845076938357165,0.012978344482763162,-0.0007908264553618683
2021-11-08,-0.005568090747571632,0.00276354087180019,-0.0034324275191672687,0.014829926740068437,0.005992127329395395,0.0030904343843128246,0.01070837829312791,0.0035669270924770084,-0.008564586732325316,0.000515610806546101,-0.007491701419148031,0.039850082693551316,-0.0014608559668524616,-0.011051135276972908,-0.00738510160465381,-0.001877179419980974,0.0035851811889112983,-0.0019798066270543036
2021-11-09,0.0024564327700537904,-0.0030909169556572534,-0.002212798247738971,0.0037325954639418433,-0.007600084082573295,-0.00734926927417157,0.009691172153471043,0.0073545648396199795,0.024699743029664493,0.005573305915128147,0.0030309315752975307,-0.020941198209102643,0.008908941344185977,0.00412906856909581,-0.009644134749745589,0.012934375935090184,0.004916027925981614,-0.0011897681364096714
2021-11-10,-0.019349179293182993,-0.015448376216430701,0.010771877215249784,-0.009629503676034245,-0.0009540847474644261,-0.015488767881177699,-0.01963085181496206,-0.016076818130944456,-0.026687972109983905,-0.0056004366988906895,0.009787559739054453,-0.015079040995305285,-0.005989360397434954,0.0030563089507087736,-0.023318955302914484,-0.018452188198173555,0.010800244338537383,0.010657294476753006
2021-11-11,-0.0003380776939778707,0.004915348466671466,-0.007393184318427347,-0.005472655898634126,-5.966053184896279e-05,0.008035378747742409,0.0018677048230411532,8.76001937903103e-05,-0.0027464051600072335,-0.0025807868063903597,-0.002864745154899975,0.008959597507219934,-0.019713016831478244,0.0019933171868551022,0.0003051664708188974,-0.001485583365193655,0.0055864458356658896,0.0023529422590994127
2021-11-12,0.01423511582185002,0.012822412845912975,0.01188784688979822,0.0034920046834408746,-0.004484714665010126,0.0063673178888039635,-0.0076485192983125685,0.0006129865770106345,0.015048192903998135,0.013508972626644916,0.0010922993983367138,0.0035423684719575934,0.0062246479743451565,0.010950715208245565,0.03933923347986728,-0.004402160777512335,0.0018934509486861944,-0.0011757790852756564
2021-11-15,6.666888908715841e-05,-0.0019322528639102293,-0.009070771109294851,-0.018004641165215066,-0.0017995326069084035,-0.00024699896375846345,0.008581065216043378,0.022420328866003255,0.005806972502763507,-0.004168297439302136,0.005715078829884344,-0.007482408164553954,0.0003596637178758207,0.01186308182669567,0.019377467372863534,-0.01263634860074995,-0.001548920368189454,0.005475179887315366
2021-11-16,0.0066445427190792205,0.010183930047581849,-0.00521169823687553,-0.0026210005896690185,-0.007230689493722756,-0.004257959150016299,0.01004722881100055,0.003929949526536486,-0.0014055133424453314,0.055685649594463475,-0.0014257105508576368,-0.011037532783545991,-0.00495675131650748,-0.004130340887889292,-0.013323489681063248,-0.0025465446155210395,-0.0072601874651625625,0.003892570113676302
2021-11-17,0.01635558150996652,0.0006772175453550538,0.003742909723465363,-0.0014912586090522289,-0.005396732620342013,-0.029046640878422004,-0.010979774728731335,-0.004443692152564476,0.0023414259536811673,0.006402623564247698,-0.0006116415970453031,-0.0119978912838545,-0.003983167353800665,0.00915547708980901,-0.006406059378492479,0.007893784339413186,0.009095681843050787,-0.0019443910475301057
2021-11-18,0.028136491218304475,0.006319925795898946,-0.005404090774390249,0.0011575878943032886,-0.00867128051734258,-0.00045981710311873497,-0.010944449457625073,-0.008439602884709473,0.04060151374954603,0.02747768726350778,0.00013595268807208773,-0.0077151718006664375,0.0009519708783035639,-0.0020526863177271625,-0.006122528176603508,0.0037533739085176005,-0.0032143294808627066,-0.0027285146505641976
2021-11-19,0.016833510991980778,0.005377142620797269,0.0030126986423456596,-0.021294383948811158,-0.013149555154009384,-0.010221466567241877,-0.047321348735445495,-0.02244306956886791,-0.005287135093339819,0.0069732892388250445,-0.0020412336134903683,-0.004877330128518423,-0.010064066364661204,0.008072353539511287,0.01932836966114722,0.010502518870464437,-0.007675697763021153,0.005061330640126694
2021-11-22,0.0029231603362260663,-0.009605602892576148,-0.01316255678844935,-0.005606596722552395,0.021090953028685855,0.02238623252948722,0.013750421265757025,0.01771368608192582,-0.028695027568878834,0.00024465430468114963,0.00665266183151046,0.009632168210252465,-0.0016031883978193642,-0.010815839484382328,-0.012501802029045219,-0.011797546825913859,-0.02267564566111716,0.00503584252193464
2021-11-23,0.0024191309131614195,-0.006346791094168748,0.006179987832591551,0.021681249882034747,0.023630958612204798,0.025372077513382597,0.025996329158676494,0.020764396613707208,0.0020887487828603656,-0.001027950553006411,0.011034965967051473,0.014471322665620116,-0.00985865081645589,-0.0005725081742325463,-0.01108730727909113,-0.014564698243558926,-0.008690013617102536,-0.0003864734350287392
2021-11-24,0.0032781844732488003,0.0006808863624952223,-0.0028043516959879106,0.006753695053221559,-0.007874995953668796,-0.01775275354630732,0.005528803278552365,0.007623489745492489,0.00010334546022364517,0.009116677807679503,-0.00523315518338608,0.008438459384378314,-0.017702057260997432,0.0032589148651507856,0.011233919796903198,0.015927839130375,-0.0009569378720678076,0.0038580294793780115
2021-11-26,-0.03219101486497574,-0.02465710080643121,-0.0065114179478730685,-0.02303291458952116,-0.03059011968371148,-0.024856081949141847,-0.0357610462325732,-0.023134393845449467,-0.021412341338459828,-0.02309843614797028,-0.008037054034454637,-0.0411097808118143,-0.01902916465583089,-0.012925742568489886,-0.023555629457946314,0.024955053189640513,-0.0016169120509274026,-0.007731001011220409
2021-11-29,0.021637809964680576,0.02086191731442519,0.0034488198479346002,0.027112019296700093,-0.004332226109556894,-0.007346056516731845,0.005535670273989861,0.002964773709937171,0.016136481226709604,0.010178959317086926,0.01045575986265919,-0.01424070689609844,-0.0026450588917146566,0.029415568645890577,0.014631863514181252,-0.008070745826242698,-0.00137943465061982,0.001938360755556282
2021-11-30,0.031089313469348612,-0.018105467449266343,-0.024202904661039103,-0.017362244621901887,-0.014997469128380007,-0.01446222749410782,-0.02882518603206877,-0.017390215167910193,-0.015420527844338817,-0.015382441698163548,-0.030247537553858613,-0.013204394590806266,-0.026447015917033266,-0.0214326489460919,-0.040972386958653045,0.015087853926049074,-0.006744575729645568,-0.004658393520531497
2021-12-01,-0.0032114427580972995,-0.0015438875727345495,0.013694045402942105,0.0002700999386964168,-0.005935859813208031,-0.006609896740303599,-0.0008359107733892222,-0.0068453838887321105,-0.01822864859129558,0.0036378173371636514,0.012509613955578109,-0.009770879668041538,-0.014041957557884644,0.012140797391198046,-0.04365635126747654,0.006143495200233379,0.0039799847507393255,0.00272003276497518
2021-12-02,-0.006148620716152708,-0.0017890448545092282,-0.006282344488322779,0.003773758914858287,0.020809274854010847,0.02895414429341425,0.02461510253895651,0.026757449169507393,-0.0018485475568015724,0.01818929371744398,0.0058571304132258245,0.027406031934130687,0.022706840443575578,0.008840588009800317,-0.0006763394194509169,0.0012464330672868242,-0.0055522170392930574,0.00038797284703457767
2021-12-03,-0.011793748493572485,-0.01986272197252787,0.014472398458044388,0.01059343752894017,-0.018279069189959786,-0.012489289529242737,-0.006384567811707559,-0.00636029153473296,-0.01393576231966914,9.80897032481555e-05,0.017635241984828923,0.005119248869268569,-0.0024539889614926917,-0.0066799002979094895,-0.011503132204289631,0.011861452936672357,0.008376823021968282,-0.00038797284703460537
2021-12-06,0.021274796783938142,0.009796751181799884,0.022090746913283683,0.023730262557363487,0.011744521868877738,0.01702047487309605,0.01126818487561532,0.015524356704516662,0.01102523064478377,0.019162466594376624,0.015031902417708517,0.017440554323699824,0.013423020332300263,0.012642678835805913,0.03531605507412547,-0.013830215877005442,-0.00246357342565177,0.0015509890673160002
2021-12-07,0.034832644810292204,0.026411663658653498,0.0025743195334810075,0.009991000455519419,0.014935362679284527,0.027389254686086276,0.011142626387755608,0.014693584023304342,0.027602008963385882,0.0011540127260342295,-0.002632446403448668,0.015822101019561934,0.00435414330848845,0.014034536440477365,0.015421420685238389,-0.008112698256194512,0.003543228041083728,0.00038737168824006527
2021-12-08,0.022527377869206142,0.00014927823987752879,0.005981098086727127,0.00884762463497665,-0.011507179685204812,-0.00699750795538603,0.002886467687161661,0.004484502163590892,-3.689801247867109e-05,-0.011916556905007824,0.004471044334125865,-0.001468141596717592,-0.012141965584629141,-0.0009959609080706221,0.023724271080927426,-0.017435893797406992,0.000539390501825282,-0.004658393520531497
2021-12-09,-0.0029744902382819152,-0.005598230376471962,0.009447744693531877,0.009467476094968211,-0.0015568082351560368,-0.002091181271096873,0.0025587731855755504,-0.0026205687257157663,-0.011343744350632496,0.0002188210416288596,0.005821766238699768,-0.0002938871492267,0.006574965850968214,-0.004549749844958203,-0.002241134830655077,0.005577784025763241,-0.006130195289608857,0.0034958279944889105
2021-12-10,0.027628095509102554,0.027945694004444764,-0.002474427165995185,0.010320095797365236,-0.003996508379511797,-0.013789819177719286,0.00636843419660382,0.0016914753695626693,-0.01131129926732485,0.009821788320836609,0.013861223289687448,-0.003287620420298368,0.018326190478697206,0.0041067819521061946,-0.0002122595032376354,-0.0024154601116481785,0.004211039129013984,-0.0015521927845771996
2021-12-13,-0.020890987526027985,-0.009209086403962527,0.01772819982223092,-0.0001882116760134711,-0.01195960626086275,-0.016553168991401662,-0.022144678979317496,-0.021006664347777298,-0.01547519834035112,-0.024762427256645517,0.014115777447086942,-0.01092150906687683,-0.002768233916922598,0.016042537220218867,0.014272192157913786,0.014670841953290782,0.002518137909560505,0.003101980000138435
2021-12-14,-0.008055575312336156,-0.03312969593373628,0.010863896185656571,0.0027568939766973635,0.007632902536380382,0.010808679685634094,-0.001461395080222942,0.0029297737458880498,-0.0028110891100178153,-0.007530006846876047,0.003671819774861366,0.001936012916157546,-0.012262421932359565,-0.018815541048765604,-0.0022447370365726066,-0.002386003252896515,-0.009385221096690778,0.001933862521796273
2021-12-15,0.028110325855726453,0.019035552680246665,0.004979068951200386,0.03064398163652099,-0.00750626415228456,0.002799431669145915,-0.004397043156232917,-0.0056950710483524465,0.024670759556208375,0.013851902325653165,0.003847250180882682,0.004502840433775662,0.014792316596069654,0.021645628928271085,0.023453843800266726,-0.009668353359594536,0.004282403480539117,-0.001546790719367147
2021-12-16,-0.04005541724995999,-0.02956776687169514,0.010867461305491637,-0.0030792941961013615,0.015517823559581168,0.01895189331705371,0.00163078966340552,0.009302392662674852,-0.02597563824119424,-0.020512523409866153,0.014064050297968915,0.01771430153401391,-0.0007153587828992357,0.0024968801996361266,-0.019984110718937548,0.00038589538217468847,0.012024912328037703,-0.004266052619195531
2021-12-17,-0.0065230283713329385,-0.0033914014315641677,-0.02801730556419258,-0.011714658754505348,-0.023017064297648826,-0.039970925286922455,-0.022076679136747407,-0.026408761974292958,0.006766263087212696,-0.029335064351355397,-0.022915903746891723,-0.02355705929222353,-0.021409757454042364,-0.014085508850762212,-0.0033199270797509193,0.011267912664226172,-0.0021431130955351057,0.006971368280680652
2021-12-20,-0.0081551685506849,-0.012086335007702292,-0.0028573148794352253,-0.006983599480267387,-0.01815305722508134,-0.027051994057483778,-0.014598799420811517,0.000440044012311412,-0.017434618474400712,0.003653301035044077,0.002537106524009132,-0.029788256979503134,-0.026271818621016935,-0.011057167055172607,-0.025303212701904075,-0.007520083354700749,-0.004240204627053851,-0.0011585249421180337
2021-12-21,0.01890702291967686,0.02280692179509702,-0.0032242683772224184,0.007168341816610982,0.013869847864258775,0.02316808637767789,0.022397727193675443,0.01588720566483494,0.01978162022295653,0.002744048806846975,-0.0006336734259494942,0.014475707987254624,0.009065612994605699,0.005654430499064763,0.02653077614302066,-0.003814882650643213,-0.00041902368096864045,-0.001159868679062692
2021-12-22,0.015202656335044069,0.01789628226201431,0.004296718432575294,0.014103398826141025,0.0039003853911571923,0.00527110641538042,0.00806655127138418,0.0056994972943520674,0.003631532688920856,0.013153565126873828,0.009839867459124737,0.019178533188977907,0.0008426061809112055,0.0038620737656292533,-0.011284254244927364,0.004616164745154439,0.009356166102626311,-0.0038759738428720343
2021-12-23,0.0036371942798906283,0.0044618199758093766,0.0019037426182488615,0.002526504360445866,0.0035673372016797214,0.007063114967552367,0.0004917629801473498,0.002408189002425278,0.00018415371918316481,0.0036078806905167197,0.004883861689228607,0.019836575496027735,0.01660727010144126,-0.0011019284862437814,0.014391331314159515,-0.008714944210574232,0.0022514525448486165,-0.0007770008166279293
2021-12-27,0.022714865745484966,0.022920931375378747,0.00840440552941294,0.008282453265458336,0.005706692299267941,0.007761202098166772,0.014156936462425728,0.020238786040818718,-0.008211633931724433,0.01752503786605803,0.011612512895767433,0.0008725581045669893,0.005878797448481651,0.006812464540795459,0.03211217776758504,0.0024209830246279557,0.002364486530471452,0.00038857587459553244
2021-12-28,-0.0057838991119533185,-0.0035103151448727795,0.003999770052236963,0.006863280601935018,0.003030305348712188,-0.0011087476155419078,-0.0032367725296500094,-0.0019380667538404738,0.005826705541573684,0.0052572593350210155,0.005356990736423025,0.0011622277338908648,0.0029989381088747296,0.006113556159050854,0.00011554015026801143,-0.003970796347089098,-0.0043194055500325144,0.0011648224970957504
2021-12-29,0.0005018540827004556,0.002049181044934759,0.007019625197867949,0.005235406397624495,-0.0005044136299030043,-0.0036443094830005216,-0.008791981088166534,-0.00515835569375655,-0.00859177537501961,0.011308959534394035,0.008256170189058928,0.0034303693498459967,0.0023155975420345383,0.001196497668141043,-0.009518906397687326,-0.010984650728472213,-0.00029653352528764257,-0.002720032764975225
2021-12-30,-0.006599945653282886,-0.007720912604632923,0.004420410850243946,-0.0022772061602021696,-0.0005046681914227752,-0.00176229766243401,-0.005904560372415374,-0.004418394477166919,-0.0032944082624372624,-0.0021930367716749073,-0.00868613242023733,-0.006047283855254388,-0.0020258544453360316,0.008443436177021629,0.004132117038860195,0.008351204458254723,0.00715154204953727,0.0015552102678795103
2021-12-31,-0.0035416176660820827,-0.008880527250812316,-0.007222350690655435,-0.0045501136551613485,-0.0008206294056237563,-0.00773370865426476,0.006558475713668268,-0.0006814890797970193,-0.011495184896444055,0.012291808799831013,0.004964005902951731,0.0031975222245276187,0.006736948631165097,0.006339676312533467,-0.02353533731795872,0.001958864485288206,0.006808337133645154,-0.004282661790434178
2022-01-03,0.024696733252056204,-0.0046791031172355065,0.0027436460983621546,0.0002787678479431547,0.0209349935984213,0.03286149547300706,0.03768585136607932,0.016145061397766856,0.021877258335961356,-0.015468043481685815,-0.004165651698814721,0.0012568281245941438,-0.008234859085129406,-0.018376908897560718,0.0064899692892504,-0.02660076842203721,-0.01550327257990189,0.006223279517043838
2022-01-04,-0.012772836833220296,-0.017295839131044446,-0.002685192203989109,-0.022917292056788195,0.03720879573718992,0.030270992571116994,0.036923944284803924,0.018031981370842318,-0.01706033657329342,0.010225535853626335,0.003492971655696532,0.05214317468324839,0.010582109330773195,-0.010749253441514466,-0.005954955603907709,-0.004166672695085083,0.007339482488045748,0.0007751938378023717
2022-01-05,-0.026960067244691237,-0.039144122670026746,0.0066414459091827934,-0.0024679032299377234,-0.01834031143233363,-0.021958183353415452,0.012360724154869435,0.006484734401099675,-0.019073794691509584,-0.013657416458920163,0.004516609240352298,0.007628568616919962,0.009808201278055099,-0.010531664329572537,-0.03741922860911986,-0.00544275992975832,-0.0030121394182544285,-0.0011630162202814391
2022-01-06,-0.016834249731059712,-0.007933275511205165,-0.0034317323194692014,-0.041784801393653904,0.010567969594827104,-0.004273725646189312,0.02324825219943602,0.008473246067268599,-0.0067336210789653095,-0.0036408404300278443,-0.008439384727726913,0.01014179924747939,-0.0011377644161966669,-0.04513586630658144,0.025251482559305333,0.002585515573775926,-0.01231975111644048,0.0007754944170641762
2022-01-07,0.0009878839746208566,0.0005096190710650323,0.013426904649921722,-0.023809366016527094,0.009859404142646848,0.001460148288395223,0.00816331063898134,0.014257762973634703,-0.004297015893326616,-0.030401280449568538,-0.0005528765075654428,0.009861570797375256,0.02311564113645037,0.007434114851036849,-0.002017313442848759,-0.007214179423227968,0.004540845467450177,-0.005441132739314005
2022-01-10,0.00011615750988702474,0.0007321227107851269,-0.004956211159968918,0.013859035163400344,0.0009567089940766277,0.004167300302088236,-0.005970166986372675,0.0006396418222494028,-0.0065918026614797875,-0.01574795370063007,-0.01373528986964322,-0.011439462610916102,-0.010670868477721399,-0.024840175844282504,-0.011275238415800134,0.0024572624434467667,0.003035626270876341,0.002335540179021298
2022-01-11,0.016644494024723323,0.002256655705357977,-0.010687213295682578,0.008565362858973856,0.0010155014162453132,0.009673232416709686,0.04120165079061109,0.02260251111979388,0.02371855852513861,-0.0020410015738087364,-0.01165499752491839,-0.007654196204698415,0.013263102489730883,0.0059143773056601085,0.01902116401884427,0.006639434530297066,0.011992463915845745,-0.004285999156419349
2022-01-12,0.002566956145310584,0.010390934393014034,-0.008562097814606134,0.010013661407096672,0.005655955303374337,-0.03211932855424536,-0.0029475774024691143,-0.005013719863909014,-0.0009377770532581613,0.007035476853147814,0.0022035454501627763,0.011077314581799027,0.008928630744351355,0.0035319085458337873,-0.0033251981571234823,-0.003838508394783332,0.0026390655436471025,-0.006660161739553396
2022-01-13,-0.019211450170033995,-0.04324425532670214,-0.0060847920718099455,-0.013366824956002839,-0.001247512562140317,0.0012546249932742822,-0.0071947830993132535,-0.004171099582052524,-0.02446655813388913,-0.006234080830348472,-0.004538299626229311,0.020472455105226176,0.005392080328009317,-0.0022354265444732495,-0.02055427501277982,0.008841298150517417,-0.003402760690178671,-0.00039315903816378097
2022-01-14,0.005097618638726537,0.017561426929745393,-0.005466442608339012,0.0026919641944896633,-0.06343350269742767,-0.025554037758040098,0.017403948059123476,0.01689123675492318,0.005715149527725662,-0.03947915783445294,0.009556815899088003,0.008509943008597445,-0.008145007049330879,-0.020226745489061927,0.01646502762832756,-0.015224820932020202,-0.0028837968371336355,0.0027488727322429224
2022-01-18,-0.019074863059518964,-0.024640228404755972,-0.004418709046600774,-0.016565218304411954,-0.04283226845964204,-0.07221566367945394,0.016695800029080398,0.003251531857444419,-0.020062624827205323,-0.014295240187035497,-0.0194610299307617,0.004053971245965201,-0.018829978487776088,-0.02371652661712198,-0.04231074904697234,-0.014174581760081408,-0.0016516254565576893,0.006254907022872322
2022-01-19,-0.021248902329965944,0.002244299433768978,-0.003116761093759867,0.003313448473250385,-0.015589922676870403,-0.020179673538738317,0.0004104247954093431,-0.0036393241605425434,-0.016614360182850813,-0.019356064716418906,0.03307175556645424,-0.03137408265948784,-0.013480596301402229,0.016357786612143,0.004515954612177871,0.006899767743348851,0.015755736361184266,-0.002341007703583848
2022-01-20,-0.01040101291611522,-0.005719685637491022,-0.008016195775353452,0.001037254825572252,-0.008564063266320329,0.002243249624969634,0.002186091866599384,-0.0035747628994313996,-0.030080214681068366,-0.02851011546272747,0.005354773378871148,-0.02295384721604945,-0.008626289640982271,0.011077777343110017,-0.009526127213791652,0.006148212010285813,-0.0025019650557735707,0.0031201273338723246
2022-01-21,-0.012847356444612941,-0.018640835594154376,-0.002302194158891256,-0.003960315508773665,-0.017627019216515657,-0.012109799581402993,-0.015126801087352619,-0.01206154973353379,-0.061345619470931916,-0.001374019795941035,0.0038198555475564507,-0.01179434177285047,-0.018453738489648812,-0.01095670463892966,-0.04321909279546086,0.011836115347409863,-0.0032677860671439106,-0.0027295786076863625
2022-01-24,-0.004876101381549997,0.0011478731846314536,-0.011591149785422902,0.0023823973842942853,-0.0008964590465551039,-0.001513167755743263,0.008554136045792861,0.0021252320168048972,0.013238954169885209,0.041273339225666845,-0.008150205648817339,0.001120395990677718,-0.0031742182681541273,-0.008266519235293217,0.018108620611599464,-0.008249487499959761,0.005479146372390639,0.0031189109079871914
2022-01-25,-0.011450031751328539,-0.026948250422028516,0.02819303485541155,-0.011815915779262392,0.010841330282031958,-0.005372746302248018,0.028975761246964174,0.041658254287495075,-0.032041541863222826,-0.013365076706688812,-0.010971310648340804,-9.33184026878993e-05,-0.010571702636631758,-0.08692260252194808,-0.02811997519551127,-0.0016159064883105292,0.003192016871213618,0.00038918077965071864
2022-01-26,-0.0005634332006816007,0.02809480750473518,0.004464160266155973,0.003474388102804133,0.009441401428697841,0.0033029859178568136,-0.01019458862907937,0.0007539204213166304,-0.007986171611391141,-0.004746888538194289,-0.008750724731348084,-9.332711132348245e-05,-0.008189647461102387,-0.03330482447726135,-0.018562017860158618,-0.012167665681771744,-0.01629851775224112,0.005432687012479198
2022-01-27,-0.0029475421928977794,0.010493768242928041,0.013039686782932526,0.006891106908634106,-0.0178021957459415,-0.004826617142440252,0.012727079152808626,0.01999618964951692,0.005493532899387055,-0.0023819209535653517,0.00617752847077092,-0.009942397709903423,0.0,-0.0017912509092147904,3.394029916971608e-05,0.018196425616908252,-0.012982191279937765,0.008477892783682927
2022-01-28,0.06745083821223528,0.02769458366845623,0.007009783946309658,0.00961566600828305,0.008906608617365374,0.017383148021967297,0.0021276603770676392,-0.035795986608322256,0.03061073122954271,0.027969788751510957,0.0085724643478779,-0.05328722882143804,0.00665609451251859,-0.00013792152272839063,0.023712018987502876,0.0003493938053284666,-0.002987752446634671,-0.00038380349758803734
2022-01-31,0.025790308326912845,0.008785018711283331,0.0029063029058458995,0.013871502906749903,0.013482132333504537,0.02186237653648176,0.008992390666753844,0.005497456008156453,0.03812740068546187,0.0011996947669171943,-0.00031157501450327724,0.001986492508751894,0.012251979963843213,0.0746595441474951,0.03756722552612979,-0.0051835364033561235,0.005907114643954921,-0.0069337720017565
2022-02-01,-0.0009731246650595467,-0.007164325348060877,-0.008217547772688027,-0.008841903339305358,0.017014588941765028,0.026102714706104084,0.06214129780172276,0.026004772153001433,0.010772562591400331,0.004675954583412121,-0.004434874066031182,0.01862873659010693,0.004196970681748204,-0.01145812342691205,0.01815758613436232,-0.0033194015701791526,0.0008325404857661017,-0.0027095042677436638
2022-02-02,0.0070195751212535065,0.015107484144072213,0.010999674415215835,0.023983684732160858,-0.00803750715039055,-0.00275057935554739,-0.0026014260566734324,0.004589201244571193,-0.003850160153976856,0.013550306327332838,0.01774570362429263,-0.001998587030970991,0.010705132628130198,0.00645330066146328,0.012461220437646685,0.0033812373712986373,0.0036194301832289375,-0.0038835000290739848
2022-02-03,-0.016861097966028728,-0.039731275420970255,-5.788209471123083e-05,0.01856436567654435,-0.008304360608881473,-0.011580039090309848,-0.011728144412405167,-0.00897598845712686,-0.08134850909631275,-0.024156941462231307,0.009426525087400479,-0.021454229534854034,-0.07923198684976558,-0.02553884729850457,-0.30639056169298257,-0.007836532743985134,-0.0014224753465429895,-0.005071202597053475
2022-02-04,-0.0016786782907862146,0.015448519490417548,-0.006562351143959087,-0.011523472577835802,0.02562710782589386,0.024007319709606782,0.0214795023090486,0.012440918754508134,0.12694897638487945,-0.014189725717479474,-0.016028838275621498,-0.01092742703036742,-0.0012524790284749597,0.0031624746343230235,-0.002821945644780224,-0.014852111635494998,0.0015409236735988573,-0.0007824726539214632
2022-02-07,-0.004243575616966172,-0.01644486630145285,-0.0033266247955171134,0.001096321228299655,0.0033373718117354428,0.001495073333191832,0.01196595474134081,0.01945912801645823,0.0018759412932319891,-0.0064712507216409774,-0.007519066028802058,0.00708136449849828,0.005104443605634465,-0.004350985834223337,-0.05273949370167751,0.0006472259398684836,0.007375317380137528,0.00039131285989059243
2022-02-08,0.018298296919370117,0.011923974080529483,0.002627201791250342,0.019875591592465113,0.01864010994978417,0.005282775577431774,-0.02619270548812995,-0.015346313758492606,0.021782673629440502,0.011380359053514307,-0.0022480339179616793,0.008372420081723106,0.010748346551229101,-0.002911210207389296,-0.021254928540842793,-0.006708287860946632,0.003052182917681989,0.0015637219772604313
2022-02-09,0.008259566764510711,0.021599813389633862,-0.00011661807566591913,0.00946038865800835,0.004159340502797157,0.011898667165733727,-0.004745856291046063,0.00984582945532243,-0.0013887039860052573,0.008073782163970755,-0.0022530989629887628,0.010367903289851417,0.01053233316148735,0.015777345416005506,0.0522919780242201,0.001879971631309003,0.003393403677552978,-0.0011725621832296635
2022-02-10,-0.023881732003305265,-0.028783420911963502,-0.012144116865233201,-0.023111851008340522,-0.004159340502797108,-0.010629545794310706,-0.009666826741477794,-0.01278182686608088,-0.013654476918054121,-0.025798556412383062,-0.015342662927489105,-0.0026065374881222843,-0.025080491691725507,-0.01590987473817354,-0.01708477228840264,-0.01602014892179497,-0.003803732239246761,0.0015631109094156217
2022-02-11,-0.02042564261785882,-0.024573564183665957,-0.01014454165933543,-0.017806347028434172,-0.013102456136018875,-0.020474250901343638,0.024867169653120136,0.020157131447482147,-0.03657183009958632,-0.013609895635133092,-0.0056147662345714024,-0.009052521565346463,-0.025137300758595143,-0.006515547284351067,-0.03807260237039833,0.014719006624815182,0.018875607597908815,0.0042859991564192625
2022-02-14,0.0014221381875164823,-0.00013558402865990155,-0.012661055392418087,-0.007831814359039051,-0.009333966790553332,-0.00779763386899241,-0.015453539520301665,-0.01553683061031291,0.012147571817428506,0.003619010860320188,0.0028751257712492924,-0.006731010380361889,-0.0016056522395841927,-0.0005337603537220008,-0.008462028767013779,-0.01251926970564322,0.005336406294559961,0.0027179205257075578
2022-02-15,0.022888580785015683,0.018372559041401636,0.010273137117873244,0.008040940630160007,0.014518011577745713,0.010218542891739608,-0.012614042517293776,-0.007270088933256968,0.008621144106937062,0.004823936030900515,0.0005102691778397409,0.017456431371393664,0.015097836088887165,0.0022665165350358903,0.015044733276901945,-0.011417751381324953,-0.009545239513264537,-0.00388500877413963
2022-02-16,-0.0013899347814566015,-0.0011655207035507604,-0.0005978715949711615,0.0037984768299846516,0.0018080852142328381,-0.010746108190050287,0.0046053554607276915,0.0002978850189497702,0.01010780638441642,-0.009014065442233602,0.007559671360840405,0.001130082420163505,-0.0024828983407729883,0.0018626934613793235,-0.020387413635002852,0.005909309557814905,0.010231738396060903,-0.0019481790661461573
2022-02-17,-0.02149864600355917,-0.02971941614085311,-0.006118795334633999,-0.02043442771506566,-0.023301644950481246,-0.030999083498181597,-0.0015327631058965926,-0.0051509949285361584,-0.022050242230273197,-0.00616021316871958,0.01138985978267261,-0.04468839348363167,-0.023927275576498274,0.0019919002662703,-0.04163241179473225,0.007410974227597896,0.01357551165949179,0.0003899395645771448
2022-02-18,-0.009399795547215995,-0.009677606376964602,-0.01070758241543094,-0.005393606850360006,0.004677677600958699,-0.008689451884685857,-0.011183354550818494,-0.0014230613194102526,-0.013350716113529481,-0.003079981133948095,0.0005004378933788523,-0.014430414103706688,-0.013416431610535483,-0.016451919254384825,-0.0074903097439859975,0.01047206137484052,-0.0007336964519101493,0.0027253277500012265
2022-02-22,-0.017972861812660015,-0.0007296100386437143,-0.01368280206785643,-0.011394052237798765,-0.00177625782760203,-0.005128142077816847,-0.01170212287733415,-0.0076744037781032335,-0.01587885370448858,-0.09267002636842196,-0.012396722957981176,-0.00386262094197289,0.0023581683033694506,-0.005002376416258437,-0.019988907741456174,0.0026009696048468595,0.002086800339928408,0.00038872692450242323
2022-02-23,-0.02620452662173045,-0.02623436074038633,0.0004963395067388909,-0.006268117211578672,-0.021161290032751797,-0.008986726369965082,0.0040462105708051555,0.023512932441518374,-0.03641116805973254,-0.02472028795832378,-0.012552332767603452,-0.02402994846075013,-0.019916568931933713,-0.01998697608526765,-0.018126479373592064,-0.013877506833955448,0.004497168746423636,0.0011652749433032946
2022-02-24,0.016542615710065964,0.049831134862540066,-0.019289175212989996,-0.008148508784817897,-0.028238133246577656,-0.00293522180832518,-0.012715646191065456,-0.005177526359171632,0.04410796502786697,0.015409914227122368,-0.0272992384871675,-0.010663608156486374,0.024070942459219875,0.04223692224129423,0.045075972062795344,0.0006582556466829223,-0.006471057665241992,0.00811912443960874
2022-02-25,0.012882134248932794,0.0091908063750733,0.04850707171416352,0.04264095383222218,0.02338408205218448,0.02877166780817954,0.026557145229321507,0.0401899817169153,0.015930390158603095,0.01082739307967555,0.04181254224768763,0.012750677118669097,0.03354318247123863,0.02254354971235161,0.013777485440545056,0.0007308873298750856,-0.003336258007041401,-0.005018346763716409
2022-02-28,0.0016365127753560367,0.004965620000293254,-0.008651776749465125,0.0002522015104234061,-0.042591936416552165,-0.025543397116967112,0.0074235589861783875,0.025460268273397105,-0.0014673755648633778,-0.00259296881944322,-0.014962237550047464,0.0027760000743813785,0.006291157647660655,0.019698432967085407,0.002609666731964257,0.021681849567739865,0.010311983863665782,0.001546790719367112
2022-03-01,-0.011696039763154904,-0.012935135047564357,-0.003469583782863213,0.0007982187542631653,-0.038459366944103415,-0.03303402426132646,0.009518442320104153,0.038953583460560534,-0.015891114010006986,0.013897846633774079,-0.016688615002462343,-0.025648661740390603,-0.032947938089265265,-0.010660944849265488,-0.036383439837840884,0.011478326799343115,0.01800048602362111,0.007698267426598008
2022-03-02,0.020379162336895504,0.017609757069700086,0.012362295360785003,0.01898916287115994,0.020528048305512085,0.024618294643514567,0.01703234662356056,0.029094397313547578,0.006006063678741749,0.021989088929634498,0.0031260201295808246,0.052110659755436856,0.015349993318298815,0.0014194466543389313,0.022449922438799435,-0.03478047944017276,-0.010460867497739102,-0.0007671653622822896
2022-03-03,-0.0019832333193032852,-0.014326459994363844,0.014588325200565608,0.002489790065668207,-0.007133365982933584,-0.008838516779607081,0.006313074133657807,0.013403989832006741,-0.027699628270593506,-0.009237019629903146,0.003699501217537847,0.0115626126889474,0.0057760348837554145,0.01586319563487815,-0.025008601195461663,0.010133867207222579,0.005935723194133064,0.0038299548949361183
2022-03-04,-0.018579769444677825,-0.020691099729878936,0.005917877372685671,0.024482567470185783,-0.028532501387598157,-0.011310802392909538,0.03694479390414443,0.015435247847235156,-0.015381538148297255,-0.00030834695451711366,0.00504039839312982,0.004148427244660994,-0.0004800640173144212,0.017862110121249167,-0.01444086331241821,0.017116563155527384,0.015803665173125543,0.007616183041722372
2022-03-07,-0.02400338518696177,-0.03850889865863139,0.015979736558188615,-0.02390729985212317,-0.039381440354777704,-0.02388228185292268,0.035398824779552564,0.02114270030544045,-0.057862649037539966,-0.004605667848008132,-0.014936312483961232,0.005301266365718364,-0.028520020615374984,0.048309167964679864,-0.06499848894832343,-0.007659033181079957,0.014753435749952597,0.007182038054216586
2022-03-08,-0.011744783611901483,-0.01103190941738753,-0.020474126145729608,-0.027929715234868546,-0.007067716113071348,-0.0016167649574909341,0.007547205635660136,0.05106801599045689,-0.010520542791803585,-0.018858747210529773,-0.04038862860908163,0.06542780532226947,0.005911347262696261,-0.026848058153352346,0.014930391705254932,-0.010110579375780568,0.026991477697313956,-0.001885014692696666
2022-03-09,0.03439897197965464,0.04483784622982425,0.00378609065597872,0.02525602683384466,0.03928066698911709,0.03731958669970959,-0.05852640310975263,-0.025298261272705215,0.023717617952570803,0.007423285220744948,0.013398495200107384,-0.0010481681840479927,0.011718884113126793,-0.0200906492466329,0.04223987581297327,-0.009847265829904991,-0.030161563365301756,-0.00985976891867693
2022-03-10,-0.027562636961144422,-0.010137870101295738,0.001769807552513214,0.012016398260777087,-0.011911184925025166,-0.01112311578153126,0.03057032584346924,0.02699739746520409,0.05271120323233063,0.002330195972027909,-0.02608162548811868,0.009535855165973904,-0.005625285279150684,-0.001994018607022473,-0.01671319795213866,-0.014471605185581165,0.0031164390383244655,0.004942036288308049
2022-03-11,-0.02419910582046521,-0.019517643922318174,-0.0018288551155476894,-0.014594011582151104,-0.02278142626879051,-0.008829407337475738,-0.005167970158630826,0.000468219604115138,-0.008845861568625261,-0.0036235919473086363,-0.011937954102249767,0.014251799987496622,-0.011565868153405035,-0.01078650869520586,-0.03971056211953736,0.0033411324098247285,-0.007052708982865501,0.0052950199393856975
2022-03-14,-0.026921553828847818,-0.0130457727016092,0.013722945825676285,0.010403991701985962,0.009881961062131461,-0.00619652892270139,-0.03645487604166482,-0.024762831556834987,-0.02555314718374503,0.004943724152209982,0.01269660098849062,0.0028354308166673244,0.00525395254097749,-0.00025223861908948037,-0.005237292860334032,-0.023625803581266827,-0.015188511584007965,-0.000377287309016738
2022-03-15,0.029245484898043798,0.03801092808713122,0.025588608288121418,0.020267879812546952,0.017590402158076213,0.012780312763185614,-0.05859626995796638,-0.051950142047541385,0.03813137106521886,0.03147577817554076,0.035355165470343286,0.004723324363416775,0.02474586498043935,0.033489425054332604,0.028523562626949737,-0.001747123388221129,-0.018882589881493314,-0.0011327167539455722
2022-03-16,0.02860243283968712,0.024900691576327176,-0.00923978512203212,0.000702691336520634,0.04371635254707127,0.03463446243689532,-0.003762573364369798,-0.0036077130176979514,0.0381947478393036,0.0071878389680977775,-0.0033996633086579645,-0.0017570633825218626,0.017106166555009853,0.00644418304056723,0.05865301174018867,0.009759865631320327,0.006241313099488927,-0.007203822623160264
2022-03-17,0.006433300349340849,0.0028154222223159466,0.01297980194791342,0.017428421407720756,0.012565234426819389,0.0073388923456545185,0.02629873838761085,0.01716213740191307,0.026649511791619774,0.016335579883475934,0.0031334403451000396,0.02567640713770016,0.004700238442141468,0.0021791776179941698,0.020463931359793627,-0.007481614342137362,0.004876706810930466,-0.0022857152824316243
2022-03-18,0.020703142407962494,0.01749394063886813,-0.011147880208262417,-0.00177665522384851,-0.00035682426746053717,0.006127950636413883,-0.003932767518092139,0.008008237230127625,0.02519211561774124,0.012937708152627311,-0.0005326586447661747,-0.0035697378680340916,0.014431907021942395,-0.0038773827812219157,0.040775804077501296,0.012138724839875988,-0.008828731102456307,0.0011435107028677086
2022-03-21,0.008501387126191657,-0.004236234424208828,0.005646349161128564,0.0030381368433835556,-0.003217160951578878,-0.018645152776158393,0.04389341372124218,0.01783299395421531,0.0014934532524054896,-0.03393798420277786,0.0037890163986632366,0.01259519146950805,-0.008768818760196518,-0.006944049345003398,-0.02336664095471946,-0.023428798230321304,0.007611782174748565,0.003802285947952494
2022-03-22,0.020587202261329075,0.016246503029390992,-0.0047316452327550405,-0.004620040202622385,0.021044458208478757,0.011759493879594856,-0.004389180418415294,-0.0033462142991904547,0.020820010546653073,0.001092398834438182,0.00766692453557495,-0.004480093511083529,0.010359582405325413,0.01275450026487305,0.024105432140898206,-0.012894438009420986,-0.007277203461985864,-0.0003795786680950776
2022-03-23,0.00819991026448643,-0.015144022336510691,-0.0037785583403753503,-0.004144569910840621,-0.020113992551181823,-0.021809829732971003,0.01563952589862264,0.010729001236275975,-0.009022379409583775,-0.03921464760310048,-0.007003662589226084,-0.002427622123456717,-0.013888753600207306,-0.003385325443499566,-0.01483368669978747,0.021678149247109476,0.013567226407331524,0.0011383040464432975
2022-03-24,0.022424548344694345,0.015275566667159228,0.005149047362198599,0.02012480749662256,0.006489130340626956,0.0018456780661560194,0.0030028249099541553,0.0026493271755212286,0.0014768048058318684,-0.004013721552124033,0.0017224250699383072,0.0001800261042336345,0.012143910706426229,0.013592559065817494,0.028221626795248065,-0.007863536340257835,0.007234097421675872,0.001137009787859803
2022-03-25,0.0037271753919275175,-0.0013820792617894979,0.009541190054470431,-0.0008378065546988344,0.00870463017214076,0.003740430650813112,0.021592961382433357,0.017937967941450066,0.006844857933060531,-0.01628232504243374,0.01151669469486511,0.005161938880707606,0.015797311802277277,0.0028632804102401072,0.010195153895528644,-0.013970049294702257,-0.004103860647337809,0.0003787161570314946
2022-03-28,0.005023988644313219,0.02285330097727548,0.005130384755570894,0.00033130974860061483,-0.007426039289125495,-0.006510226771704051,-0.028452606789164277,-0.017637351675479595,0.025270696750675656,0.011520864756188898,0.006846885344413881,-0.006783341749242259,-0.0034439132541183005,0.005820530775097412,0.00794777538510431,0.008513324384820218,-0.018371477299509456,0.0030245769770199226
2022-03-29,0.018953635981080227,0.015045563397924094,-0.0005062294451069553,-0.004824557911297872,0.002198192694537519,0.01291946380412491,-0.005327534092648094,-0.01227825628430004,0.0019183850071532703,0.010854708708039841,0.010215385918461273,-0.00365779720984366,0.0021791469408369507,0.0022478566106909044,0.02765641037879134,0.0075240278169805335,0.00044667784103930204,-0.006058329775532401
2022-03-30,-0.006671737247668899,-0.004926353186183081,0.010354666720522081,0.01956341778457059,-0.0045435262030867896,-0.012054940505183954,0.016973022565545438,0.007034595412998342,-0.017961485922557897,-0.029546841720192576,-0.006906595148422922,0.009186770906211667,-0.0050751225454777485,0.010345730651607226,-0.008782910230580837,0.00777146768495411,0.00800626983228399,-0.005331314992271226
2022-03-31,-0.01793566440042736,-0.017841256305705752,-0.01322815096367897,-0.02105259215603734,-0.03048708268271076,-0.016494537912203705,-0.014305707695978616,-0.016143629816741428,-0.020064536144076564,-0.030045531580865748,-0.010351991921240334,-0.0011661808901802845,-0.01002258338719658,-0.009282717499985063,-0.024389827624599153,0.002425713742362956,0.00038756471431605836,0.004191280666988014
2022-04-01,-0.001719592307219753,0.0035938069859432287,0.00540207267211642,0.005124404892199735,-0.007436620806004129,0.00036346014457042043,0.006396738969147062,0.008500280504109939,0.003445032230611607,0.008516068898868278,0.014875716838807538,-0.013782725692967802,0.007424319195080512,0.011735846468253682,0.01113582313149068,0.003791463213791749,-0.0063862496653156915,0.0015197571324609028
2022-04-04,0.023417087033158642,0.017777818903928266,-0.00969950648437352,-0.005026364715361366,0.004424459691982784,-0.006105451585641541,0.0004811161977282555,0.0009129919381903155,0.028844459873736388,0.012148897511302888,-0.006533645521358986,0.004721058294329214,0.00020402958494166557,-0.0010506041940733669,0.039417406145798674,-0.006973951855110884,0.004835088753774414,0.004545462370406546
2022-04-05,-0.01912363795545485,-0.013070410565859565,0.006439245024302235,0.01506187379442112,-0.011619002128195622,-0.013033596037315262,-0.0051841697878513195,-0.0061636298024302354,-0.025822617914879147,-0.0023589552910932435,0.003498545842278158,-0.021931607242104717,-0.012522616811543605,0.008258261529981777,-0.008803440790199828,-0.022851542539884067,-0.006284606764165534,0.005277057100105432
2022-04-06,-0.018623156345627334,-0.03729256807354077,0.025679490218833163,0.02666163965034487,-0.01397145409179238,-0.02405539128537071,0.011059134231402106,0.008836940829778145,-0.03283330512113067,-0.020948727628398188,0.014191922254092357,0.0008791616140720067,-5.1646223665212504e-05,0.0018516380711351772,-0.03753131972627314,-0.008126949473738158,0.002340485883118217,0.0007515971798299848
2022-04-07,0.001802483262649667,0.006224328182052765,-0.0025824899655259633,0.009731526223756084,-0.0030466928883292055,-0.006694081246318114,0.01659789140878363,0.013799140355110318,-0.0061382543488725065,0.014003455228131057,0.012860895058349447,-0.001434820083522526,-0.004762899871490727,0.0067984360484590976,-0.0015686277729049232,-0.007560877162060146,0.003777782270700092,0.0018765252282481556
2022-04-08,-0.011980390495529436,-0.014707622137682739,0.001978674933891514,0.016640732683843945,0.01814245845745663,0.02278476009370938,0.020828026167841455,0.016794151944943082,-0.021291777765382547,0.027239164958922275,0.007775308797497931,0.005220255311912095,-0.013268752368351677,-0.011433975697382082,-0.002784766441956464,-0.010889976862397026,0.006246392715171865,0.0
2022-04-11,-0.025847079660287927,-0.04023007850471594,-0.01259824376104183,-0.015728587124019464,-0.0036774404460465406,-0.0019621590039159593,-0.03503785674027714,-0.02605292066575877,-0.021850942598617647,-0.014211268094960363,-0.00381739566750675,-0.0045257304547523525,-0.004691256001342403,-0.017695428625612925,-0.026756991764334718,-0.015951357314450042,0.0049472396418083105,0.002247191954107865
2022-04-12,0.011457490144294232,-0.011281230831024969,0.00033357425107342746,-0.006964505581466235,-0.011038140348274767,-0.0030599205815851713,0.020655794877828607,0.020624217889495255,-0.0022158967297934884,-0.0014029137224013685,-0.0030141310104639255,0.003004046164612792,0.009046503604178576,-0.00819141518546044,-0.010775766137118146,-0.001381496298743482,0.007647385278592234,0.0033613477050199415
2022-04-13,0.016210495185183964,0.01952035019411581,0.004215670765552971,0.006145474226381786,-0.032764482310180205,0.006825114144785534,0.014036539257202768,0.015616144513137012,0.031037801568977823,0.013393853648080345,0.002826013749970197,0.007218920008523441,0.020008961129545134,-0.00406116181711966,0.003961508687898437,0.0020309524022868127,0.004777165591239169,-0.004109850734494904
2022-04-14,-0.0304471074658323,-0.027457888531938972,-0.004215670765553041,-0.004067852822670221,-0.00931267088599393,-0.0010254658219607821,0.011681305525255021,-0.000466118985192373,-0.024961629298156374,-0.019189452784848758,-0.0055969708726651525,0.04277911965485674,0.0017434113739140773,-0.008896427995150682,-0.022627208980426416,-0.020249083054091694,-0.003309016011304488,0.00448263731875146
2022-04-18,-0.0013318805696146932,0.0024627477425500435,-0.012529529615195647,-0.001384601212848687,0.018383737152812656,0.025296044285104298,0.008164236299169032,0.013315005096370921,0.007083971212081194,-0.014254536667520006,-0.009568238254793459,0.009219474124921342,-0.016113554241503385,-0.013372433650044781,0.002803185111660686,-0.004981330350162184,0.0030923664952102786,0.004091506543186325
2022-04-19,0.014016531695436957,0.01689623455049668,0.030051604444484667,0.006755143342296908,0.020495362605833976,0.01823338740112227,-0.008961548261665281,-0.011917299435593621,0.03429407425117789,0.02496799163428237,0.014851601698364025,0.009695366804998502,0.026358553251938775,0.0014675311427905446,0.030557413982595392,-0.007518832413477435,-0.015228305088766082,0.002224695023642027
2022-04-20,-0.0010160476620543644,0.0037085023085350315,0.0044145369667705665,0.015336506779735578,0.0035020972218443316,0.01509607551848327,0.002276349719550497,0.004065518435303689,-0.026386163309272653,0.02356676312902099,0.02625050130211155,0.012499092608721651,-0.0043705919047184,-0.003918212433234662,-0.08090974090126245,0.01992593946090362,0.004883009729862051,-0.00706191375700602
2022-04-21,-0.004855396921056808,-0.019571476474708187,-0.0028863192260353363,-0.01582016473142906,-0.007782140442048361,-0.020019621458679828,-0.010629278885830653,-0.047174360216614676,-0.037729338889522075,-0.015284070508272348,-0.0007745131181872968,-0.010734626762456248,-0.0020393603473188465,-0.06762675105560453,-0.06360093067620197,-0.007425776697263942,-0.003563893346431371,0.0029795180306384167
2022-04-22,-0.028215515454614582,-0.024440694607547213,-0.009975418428140119,-0.03118225389024126,-0.029142987968296036,-0.04443680605686147,-0.022073386904454345,-0.022303016432542563,-0.026969370317844018,-0.03358383990876083,-0.008398740161349777,-0.06740628319264394,-0.02747411339112206,-0.029709771893016525,-0.021280828885244223,-0.006313886555751565,-0.009769637523033973,0.005932535011511379
2022-04-25,0.006714535344517127,0.024120141829210368,0.024324420610696396,0.006371946818349522,-0.0003154822967032007,0.005146691751863107,-0.03429453709362803,-0.02173179355828567,0.011872436509732917,0.0159659618269763,0.008029691073680493,0.001847575583180009,0.006223055774322533,0.0012162985485831338,0.015521734420026313,0.009951156004009141,-0.01813448699619601,0.004794403433809151
2022-04-26,-0.03804262544572911,-0.03812128924295504,-0.0071758380702011395,-0.02021166052592871,-0.030027477170593987,-0.026162175473418287,0.000364630815546771,-0.006114279286337176,-0.046830408786825636,-0.016465903510615203,-0.01712519359846719,-0.029978825833714574,-0.021872330997000877,-0.006368153761624193,-0.03283438947938982,0.010016504107220024,0.0015238313189398505,0.006235120145022197
2022-04-27,-0.0014679135926878566,0.04698753876293389,-0.014068610905195638,5.838904625285681e-05,-0.01309133407729762,0.00035124132251035406,0.028157374491585473,-0.0018543983317173545,-0.008819835382286267,0.0054525037006104655,-0.0026946593150077172,0.0172539989546583,-0.007058475377826764,-0.0040860857726235204,-0.03372053119589318,-0.012908709568879148,-0.007585657659438144,0.006196484197181933
2022-04-28,0.044165698737675875,0.022380265511820516,0.007440673348035474,0.02043934267511075,0.015689159860296717,0.016402115542201032,0.02979736280555168,0.03490591144856963,0.04548400627953266,0.03313202489665847,0.025096586227251604,-0.007129486108887685,0.018976304936092845,0.0029980943691444873,0.16206441067261676,0.001488464675403098,0.005383821907496812,0.005797117684106699
2022-04-29,-0.03729150707046575,-0.04271124364510506,-0.016487513515131866,-0.030729350916018083,-0.032800633107854284,-0.0414228156606386,-0.0226162147519562,-0.03215751561199708,-0.15139795075664958,-0.03711874114073005,-0.017656959527940604,-0.00898393673132006,0.018726259859671877,-0.034187815025441784,-0.025900019870098205,-0.013057947422288309,-0.0001130454443890845,-0.003981905716505317
2022-05-02,0.001964450427998777,0.024734797190065397,-0.010136539034701733,-0.014658081600635637,0.009090592605711226,0.016009174371167768,0.013515293690540973,0.019468410852987193,0.0017565619323141111,0.02163510305285938,-0.01360821175323272,0.0072407500276406404,0.017214421710942278,-0.016325154950278416,0.051809447883917344,-0.017454673466079693,-0.01871453032447598,0.005065133838481821
2022-05-03,0.009576686094510983,-0.009501175226583598,-0.001961169485126765,-0.0030576479951383725,0.021193499010910857,0.0135664715892211,0.020390168046328355,0.017006368156646703,-0.0019818823106788615,-0.006569402476932556,-0.013795952939324367,0.007282326811045588,0.0008631413803424125,0.012657496726632484,0.004253716594541324,0.0067191407364527445,0.0026458085145802286,-0.0018060326353298765
2022-05-04,0.04018974051386874,0.028685330460171195,0.010655907127675996,0.015885326691604935,0.03254595012339259,0.029590273533820398,0.03902880136242277,0.03090405898208349,0.013390451973392866,0.033375661408482284,0.00733491823799565,0.041132778540563915,0.0437409944039285,0.03198715207497965,0.05228087429608444,0.005494751556666697,0.009774578380450004,-0.008350021288638302
2022-05-05,-0.05732849994682907,-0.04453170858408735,-0.019274464912078033,-0.025741190208465606,-0.02533798208661697,-0.03465615663733164,-0.015274182999407398,-0.007967692293710403,-0.07862161462127852,-0.052744883163098645,-0.018601010940120028,-0.03037723311538957,-0.039537498811556444,-0.016839597372987593,-0.0701253200959959,-0.027780751470551292,-0.003818429966503714,0.008350021288638416
2022-05-06,0.0047091852333918565,-0.009491449315389365,-0.0022088191803210176,0.009855863516860693,-0.0016152482917777438,-0.0003514208621897838,0.015165125798736679,0.026296217673310356,-0.01414076279503385,-0.016177765115925752,0.009920844108564243,-0.005945486416280085,-0.012407990362472962,0.00873125912793425,-0.02189142148196513,-0.014844841240673878,0.0016545432386625496,0.0018060326353300277
2022-05-09,-0.03375247659851124,-0.03764513415142274,0.005428342422590474,-0.026775361248110613,-0.015148102996292344,-0.013090160381970774,-0.0821352725562406,-0.06937375132384346,-0.05354168178174501,0.009199510207467603,-0.00250313021815042,-0.039725848865866734,-0.007550306804833075,-0.024585677505416924,-0.03780639258099894,0.008758924351174929,-0.014585386324604934,0.0003608154470647136
2022-05-10,0.015983639362133994,0.0184247273148255,-0.0013543255839570786,0.003263449218893495,-0.02467414894975608,-0.012476747892613306,0.006608473424475353,0.009561676447462187,0.0006432404838415934,-0.01996019955264163,-0.005283517445663338,-0.01612622906037088,0.0041674230044023335,-0.010234630913918767,0.0073122755108136275,0.009028622837765172,-0.008481026727893923,0.00216216300598645
2022-05-11,-0.05323339070539751,-0.03377360899403415,-0.00543571917634421,-0.0038186791908806196,-0.0063283339919621194,-0.011572638674685682,0.020604884726327783,0.014694343549342041,-0.03255652068740181,-0.028567399352824947,-0.014183712082611617,0.010877128308207957,-0.014219841972304028,0.002995936328961523,-0.046127383149271346,0.01908895968461012,0.008133904942516526,0.0010793309204188788
2022-05-12,-0.027262464734938784,-0.020159628261339657,0.009830587643131135,-0.015234244571859696,-0.0008468118043682232,-0.007121968335756749,0.0044835391539565965,0.009455037345299734,0.014682144548007179,0.023505840814807975,-0.004070918294612786,-0.010680093678483956,0.009743028979441192,-0.024368591015661044,0.013158777164474379,-0.001867097206878649,-0.015452653029907908,0.008592963720449851
2022-05-13,0.03141764253982454,0.022344918681883673,-0.005751030735648058,0.013690319608792792,0.008855959705815816,0.025001302205485836,0.029232499418330997,0.019003518539616498,0.05569533524967689,0.021649414827874094,0.010667291361876809,0.0063825825474272966,0.0031569440114235527,0.018654289753365486,0.03786426771745751,-0.014891160917214551,-0.008142598682508818,-0.002856124752665129
2022-05-16,-0.010729643342968673,0.0014542117292522625,0.0069309718751864174,0.007838992759163622,-0.0069939193870827525,-0.011631276386278644,0.02324780745563788,0.030159525961379476,-0.020052890797350627,-0.0001351305704017993,0.009716990364039564,0.013899912751057527,0.0022194130245547744,0.004574050285064403,0.007123895075670487,-0.0010351967802464076,0.009493275694379083,-0.003940538864926839
2022-05-17,0.025104785434169507,0.020139990245914275,0.004146825780523459,0.0067430864108171135,0.03260977682849861,0.030923441920454313,0.012673610036194044,0.005878301850378131,0.040309818041608485,0.016618468024463626,-0.0028405441956465124,0.028078365005011336,0.025954334580785013,0.02673579816665414,0.012814957074385454,-0.012157148687548875,-0.006299140717966147,-0.008289829413691541
2022-05-18,-0.05807326926203971,-0.04648789176536395,-0.018740670401811304,-0.04389080967434048,-0.017253905548558945,-0.020139457509713826,-0.015977577798972697,-0.02649277238791146,-0.0742516692125637,-0.05382357814001221,-0.06434890029233516,-0.024465035127878013,-0.02641845546636443,-0.014263981178977465,-0.05258771219687786,0.021093451497820374,0.0005313653261554312,0.005054162382677158
2022-05-19,-0.02495006654956101,-0.0037064826943259722,-0.008928630743879683,0.015096135853772319,-0.014933163407511364,0.0047810410946365475,0.005390848635112463,-0.007165921026047651,0.0019260235910811894,0.009006239533304202,-0.0232974197500449,-0.005690876222002908,-0.006312760279414205,-0.0076347041288260245,-0.004953990263854183,0.0023923456386234455,0.014590245049997294,-0.010497833963390662
2022-05-20,0.00174583589786014,-0.0022938511145035993,0.017326319677713545,0.014892215324663265,-0.008232594767368174,-0.004552853392703686,0.007868893061975192,0.00573683896791818,0.0025312935204080114,-0.0019827817607169147,0.0006349430531387872,-0.044201174016318574,-0.01516765479647429,0.01072850493738509,0.011693608288437709,0.011286131082998958,0.0006977961555457408,0.002181025943647355
2022-05-23,0.039335316883025905,0.03152966696403058,0.020081782388113586,0.012988390933338104,0.060032902855393915,0.03147466305181306,0.021858205372194895,0.022973266914980587,-0.0003160615044808874,-0.004047317202700508,0.022731420818094282,0.031497491454305165,-0.0008963172502993177,0.018502301480463376,0.013803231188443479,-0.016591183312912716,0.004639572203453563,-0.009119158578088747
2022-05-24,-0.019403014607172555,-0.003959487749207694,0.010863647469148427,0.011074847441654649,0.014026369580290724,-0.0084369949850837,0.005417188880795418,0.0053432581530534415,-0.03266896398132232,0.006585963346833352,0.01763063297857258,0.007320676910763092,0.0020024246558055835,0.028802425716651748,-0.07924464336154013,0.019540168051806875,0.007493694278889744,-0.0029357819271165343
2022-05-25,0.0011392766824737072,0.011108246140768604,-0.009861029438050862,0.0010646312460710213,0.006940090947375943,0.003021390546884671,0.019927245653621008,0.01591758934623195,0.025371841106607017,0.019433447912467833,-0.016528173003481212,0.017640711942578314,0.002523660645532814,0.0016057811560929785,0.013968620214958576,0.003946434442258777,-0.0060482313346071695,0.0036683826929875363
2022-05-26,0.022934526158095502,0.012793028643442282,-0.0008911663729732118,0.00827739850802286,0.017142386428729065,0.027345759826318546,0.0035244153822896725,0.006704570569416314,0.03950433915603337,0.03098943443378641,0.00870792982362231,0.01742880963164032,0.013871005107826495,0.0033371184946564365,0.041555011985631475,-0.004535536080056744,-0.0018505672641838283,-0.0033009382645686433
2022-05-27,0.039948055924322545,0.027230231614598477,0.009041803383467526,0.009669760487063295,0.014038817505172456,0.015179451545090428,0.009782294966765958,0.009524686652781887,0.03597707478441089,0.01848662917852079,0.015176443046477719,0.019297090553120406,0.016690591589922178,0.03682681759540185,0.01809957362658605,0.0024383078466534602,0.0005208182751332796,-0.0022066945300790422
2022-05-31,-0.005360506001555735,-0.005026518994346718,-0.008651820370373124,-0.02058067042289255,0.007286559753901586,0.0008213802689030562,-0.016426837686014602,-0.020514121092324,0.04303082325179988,-0.01868479286205481,-0.005664209344029616,-0.005958584802140015,-0.014001305732072917,-0.02272825107775391,-0.007665238035662681,-0.02138937426066222,-0.0099422313777248,0.0018392501016601338
2022-06-01,-0.00087380277810893,0.002020982150001002,-0.010189316685489348,-0.008551293858139564,-0.01770092756128294,-0.015415751559911685,0.018985299910986013,0.009459298978997574,0.012191466600750246,-0.012162850990514094,-0.015263310761485417,0.007936915828354861,-0.008870963161986748,0.0063216330642789425,-0.026160328282483224,-0.0011379327180453317,0.006348857857746321,0.007688121340072023
2022-06-02,0.016671498424089944,0.007897664450192687,-0.003156176886201934,-0.0005889461082178034,0.015960019578299896,0.007429224697762846,-0.001739041919465804,-0.0018165309263726461,0.03096588361271983,0.02878851018029539,0.010722315462439994,0.011106908522444435,0.026380241682183943,0.030385685022783698,0.05276062276287174,0.0005161290433084131,0.012233980274004956,-0.00879126540872396
2022-06-03,-0.03931859506791658,-0.016746627140165966,-0.00412931548036899,-0.013601199579561163,-0.014037459675544676,-0.01732735868441518,0.01443407861196125,0.00904983551979265,-0.025507614244563964,-0.0025861377862458363,-0.00900722568571159,0.013095694039213991,-0.011330698469866288,0.002162713138505122,-0.04148012783461413,-0.002152297331180911,-0.010203876041498559,0.004405293466687719
2022-06-06,0.005214062306474304,-0.0047144508875023505,-0.00011337225809821707,0.009366837974154343,-0.003309095327674628,0.005726012610149733,-0.002526146950978086,-0.004345011491041452,0.019746534631082353,-0.00390824347597809,-0.003914705730677092,0.003269660046889549,0.001897387815874008,0.018882736271928095,0.018025057530601532,-0.018615708073248305,-0.004413479870251085,0.0021953905607056227
2022-06-07,0.017433034337352507,0.01385703466168841,0.010937697133938247,0.014018542512527972,0.002617399493293164,0.0031151702709482734,0.04481240346059636,0.01887852610733387,-0.014447969147345458,-0.007000656005732758,0.011086132838459238,0.015397548672777251,0.012372551608418455,-0.005125972340476739,0.007181359408389007,0.010741992293456178,0.006497296322373841,-0.0010970928108876182
2022-06-08,-0.005056133736371061,-0.007699288369960103,-0.005961437147887538,-0.007207565801224326,-0.016042503156617895,-0.021472397932055774,0.011733160185848164,0.00514766033043595,-0.014907311855574477,-0.014150077576506109,-0.012532264688651887,0.01181891630319483,-0.015811009231379257,-0.016301618338474145,0.00504729716139244,-0.00889980571111261,-0.0009256046015460404,0.002922910372492959
2022-06-09,-0.03661799340931872,-0.021002266734224864,-0.02034316144511571,-0.008342198619205468,-0.02123959674207397,-0.03380512557761286,-0.021845059667906865,-0.020131726880453393,-0.04239458430042488,0.00780063882865437,-0.01822025369525732,-0.027037614092191586,-0.012987531530807646,-0.014759941960035099,-0.06643888820873456,0.003324878379899862,-0.003188316083083041,0.007270115628164067
2022-06-10,-0.039394592543226394,-0.04558709674472507,-0.006700192569463467,-0.009855735486678351,-0.04705597327328766,-0.058199224140567066,-0.018443246777190135,-0.012014198686421187,-0.05758898435252096,-0.03605890575974517,-0.0037969388890035267,-0.03869686415663836,-0.030296535890428283,-0.01866285815133717,-0.04689793382795044,-0.006221268697061384,0.013323148887510237,0.0079365495970149
2022-06-13,-0.039036962808486675,-0.04333843266587549,-0.010135221894152816,-0.031291520160578394,-0.03023071341061561,-0.012974898857345688,-0.04697516883039285,-0.047101169431379195,-0.056080697528876566,-0.02124468440072808,-0.027134831549211594,-0.039335972142064225,-0.01003515300302522,-0.0472040166276537,-0.06658728546886028,-0.03188196983242197,-0.026767354189151035,0.009655000800252922
2022-06-14,0.0066505686485945825,0.00916287869443064,-0.015457534910553503,-0.017070573953621496,-0.01677935476545447,-0.0027568674018515187,0.002604846485191599,0.001313903676297971,-0.01320535744417216,-0.015983822838493644,-0.03169499469123675,-0.0009188288001956147,-0.006200726965698323,-0.012926721108922271,-0.0032318086604284126,-0.012693654756076932,-0.008035493753797725,0.0021329549516101616
2022-06-15,0.019911914815329106,0.029301844472905344,0.010645319051315506,0.0055718872556338615,0.011766379704645391,0.026302139679875835,-0.012670989990870215,-0.019831275871272886,0.0510635739367769,0.003796566164937821,-0.009986942401982037,-0.0033439174340114948,0.009178611620997376,0.037211679909893235,0.03374884961222652,0.018484478032348435,0.012966528106931129,-0.007843177462290771
2022-06-16,-0.040459019226227855,-0.02734049868837616,0.0005293028027617378,-0.0142941690047903,-0.017305098861910714,-0.017703270795834756,-0.037582262701649605,-0.05493343232746038,-0.0379546810660652,-0.02266949335158823,0.006094139163453026,-0.05595411360097881,-0.02790368786373663,-0.04578215737945979,-0.051370993861788214,0.007908021081840607,0.011180457697430927,-0.009710560028321887
2022-06-17,0.01146713887992365,0.010880704966680858,-0.003652003823488855,-0.00887524407541813,-0.003532636368385034,-0.018379680589079142,-0.059394390786967025,-0.04674055522296054,0.024396102232692563,-0.01003334461109837,-0.007226770386857003,-0.01109889306808686,-0.0010011681132867489,-0.0008469791577870821,0.01768321854612185,0.003217160951302779,-0.008256820952301059,0.01006840580086095
2022-06-21,0.03223552491542755,0.024293661678164647,0.020732485524972134,0.0606376340595849,0.024470328742119223,0.017782969502414328,0.060378696657911686,0.040999900246978,0.02289536956389392,-0.005667416499305909,0.029846296817004982,0.01917747264160623,0.004497384110900378,0.02675372050245594,-0.04171557796332869,-0.01709750998386462,-0.0037437891051040175,-0.0035842332261239026
2022-06-22,-0.003834530175644924,-0.0024069299601478652,0.01565623377281443,0.019299568097711352,-0.005627476866323871,-0.000948450057967372,-0.0403757306068239,-0.04444294162301352,0.002481276832481791,-0.0008175703753177221,0.01549854575765741,-0.04446333633656498,-0.015520633128318778,0.026592260202287173,-0.007670219771658242,0.02712910904576438,0.003977311203193667,-0.0014372981284079915
2022-06-23,0.021344279340048625,0.02238418426179607,0.02206054573286381,0.02047590966121468,-0.010999674414509318,0.005712198601999545,-0.030625840708228422,-0.037482858438386224,0.03153068464770227,0.023660177903747314,0.02706717946806917,-0.04999676948020637,-0.017939737435474865,0.033053242662633,0.01843663155970723,0.008181264018186831,-0.0061481002864562,0.00107816722108694
2022-06-24,0.024221524924522713,0.03357957551220328,0.014532649744094479,-0.008378169455693541,0.029408796445238028,0.056321342608190654,0.01963923443228645,0.016295625219029993,0.03512812037064264,0.027149692344194905,0.014303401013220213,0.037460443293565474,0.030742148492627783,0.010565747046734355,0.06940853311923027,-0.013939352301961628,-0.0009989717299105456,-0.002157498141505918
2022-06-27,0.0,-0.01055230505522568,-0.0009330150781042331,0.02001464992971011,-0.008044544880515196,-0.006528281929844993,0.0242153593138372,0.019156363309148477,-0.028215037800460006,-0.0010960067565554412,-0.007649550513876712,0.011257758008711817,-0.009656517782312433,-0.001667629146471461,-0.003945242861955253,-0.008565362859379913,-0.0011176800481140093,-0.0018014776997533105
2022-06-28,-0.030242362089437952,-0.03226395660997173,-0.028855118411324914,0.005482707748494964,-0.004823437430406908,-0.004298072486886231,0.02736558069537762,0.01593257460002671,-0.05277264653374942,-0.04537353059655959,-0.016399002122418283,-0.0007999360479377537,-0.013211574279066333,-0.018791455559949884,-0.05337911853892482,0.00464867634949659,-0.0016493877443323776,0.005753342011511587
2022-06-29,0.012939783685479211,0.01463044248753769,0.000282541746896753,0.014197377561350439,-0.004499834522529722,0.012575443191390184,-0.03763945034763482,-0.019938690974705315,0.014053485730794412,0.013676180954964158,0.00904216389649883,-0.021353124470622365,-0.015752867639712998,-0.005772779084886377,0.02008569773346528,0.015487720525637776,-0.0007667129035909502,0.0057204303291104215
2022-06-30,-0.018192203113825155,-0.013266743926320115,0.002933711554632134,-0.0040414301030766335,-0.023606905566659113,-0.020856994605124028,-0.02854705821189184,-0.015081174235126046,-0.025195401472110624,0.0014594814135632038,0.011119384470236578,-0.02606154566379919,0.0035157524469825643,0.01902833380008016,-0.016544551549020042,0.008743607334638337,-0.006095595142745449,-0.0032137146011702515
2022-07-01,0.01603517035338784,0.010650552837337807,0.011259676977160965,0.007313107867185509,0.012706427021336448,0.007413031850748122,0.02205759500992964,0.011878336647963303,0.03105407806142915,0.017385456412422073,0.016005860844567413,-0.0026326860186256375,0.0074515993088512325,0.039240574322876386,-0.007594658017628387,0.010193701653593264,-0.0008314033378727195,0.0032137146011702346
2022-07-05,0.01875344631617758,0.012518587005824816,-0.007716864330219831,-0.023782705846107068,-0.0037774016012028623,-0.006807195610039829,-0.03179659835790314,-0.026629508663268492,0.03533049252657992,0.016524602658754575,-0.009697129046444142,-0.025736401300725475,-0.01739675210724038,-0.018162959377167342,0.049732995081485654,0.00782631386774612,-0.021437756166728356,0.014159528605189743
2022-07-06,0.009561377678579713,0.012701943730083336,0.0008977668648271785,0.01969628506890127,-0.006503074007132857,-0.01164220541135503,-0.018205036067561638,-0.013265788670137453,0.007286166632421234,-0.000528811420467524,0.00928639519625392,-0.008379856591021782,0.006487135405498254,0.005797848357441801,0.009350287082900166,-0.016933449971994963,-0.015969013823055593,0.004559011928457264
2022-07-07,0.023715979982408368,0.008192934101869952,0.0011210763510140684,-0.0017675570560024092,0.024978131031920054,0.016341777673074116,0.03144095404038035,0.019276010130852436,0.017341976274796462,0.010907222306459094,-0.0003424071257466978,0.04521601766761554,0.0033429425943311574,0.010128251630929497,0.01415393847553979,-0.00883915963801338,0.0005549218627465178,0.0003498338327402234
2022-07-08,0.004703645469650169,-0.0027608867290776612,-0.0012332531412946504,0.008228427565203,-0.003143009396971273,-0.0071588522249932,0.0016277180672628492,-0.00523945450938668,-0.006814189475555503,-0.0007676739853934535,-0.00673495776478256,-0.006566888755801258,-0.002592690070542795,-0.0016186270107530624,-0.007636962525941066,-0.011137744410679842,0.0004313930982381619,-0.0006997900920215088
2022-07-11,-0.014867870054329976,-0.01183846060118865,0.000392563726190395,-0.003244561451318727,-0.01320325491280022,-0.01115927801850522,-0.005124632692108046,-0.008864557836931958,-0.033352556859441364,-0.0002793003545176997,0.007008892843847275,-0.02304405595868945,-0.0028886726424296027,0.005343951075408634,-0.047947822409628076,0.01709744653753745,-0.005374862351107584,0.011484378875558584
2022-07-12,0.0068104690027114695,-0.041844848055620304,-0.014116552884464123,-0.004906105616303516,0.0009741841973407512,-0.0022195293464559087,-0.013400929359026526,-0.018472158088256398,-0.022900036769670597,-0.004444373993308496,-0.008872440334330349,-0.003032819698037589,0.00444509319054429,-0.00908927380526719,0.0023915387755448635,0.005924394397083085,-0.0037237056618818648,-0.000346080640481605
2022-07-13,-0.002539901828525921,-0.0037520532176986265,-0.002334254810332665,-0.025955024119325393,-0.009427319908651538,-0.008169194878850046,0.004015595334542776,-0.006717009112211454,0.010745937118987284,0.007199052583586871,0.006541596748352633,-0.0035595398700557224,-0.015908370793893397,0.003869925558171168,0.0013465542491349135,0.011401056298256423,0.004776239579438809,-0.002079002825246906
2022-07-14,0.020275561904318957,0.00536702156490814,0.0013670542110222048,0.0023712984501032554,-0.03556374970624625,-0.02994591834687381,-0.020241195872567473,-0.01496760684550889,0.0020811662038244493,0.007977013131753563,-0.002955633316365691,-0.022862459964449144,-0.00799111132965594,-0.0016210490486146384,-0.033840387725525625,-0.008192172750070103,-0.014146622984577454,0.006913266386971955
2022-07-15,0.011385068060357972,0.0103368187426493,0.014410692714885065,0.052948870401261484,0.04481401579051727,0.04268538038939393,0.016698861313918022,0.012500619670062383,0.026051968504748002,0.010070717019406083,-0.0013776953338042602,0.02004028386504364,0.019222934239602998,-0.017880103635385846,0.041214198521793664,0.005612413816924601,-0.0020104297781119917,-0.005873224690842818
2022-07-18,-0.020859321780101376,-0.00966796187255211,-0.022698585601117607,-0.0197886585405322,-0.010323131632221485,0.024836186595789404,0.01828461629497775,0.013923682000516429,0.0018476975033634034,0.0021863159051272053,-0.012206268480787293,0.0006342433976240944,-0.010763740284905508,-0.015363251861116735,0.015244473209370439,-0.010473112563684887,0.0009428922344224192,-0.005559430583980842
2022-07-19,0.026371172903141303,0.02055426793136076,-0.014685740345582315,0.026748807029544134,0.024476591929733553,0.054234923850059645,0.024890887598437484,0.03540255003772697,0.03837173770735483,0.02287240445071912,0.005080922710424163,0.040662894885879736,0.036077207981980726,0.018154423426656068,0.049863102743760705,-0.005409191343138622,0.0023846889242556124,-0.006291527215707948
2022-07-20,0.013419488316621474,0.010502204616114183,-0.005724314696492681,-0.026556284600087757,-0.00017459624618590207,0.01063340746301671,0.01092907053290381,0.01312147428423234,0.03784998243046303,0.008204254412204834,-0.01743802722245143,0.0026706742629862552,0.005794834635498615,-0.007758385498514988,0.04074462208810183,0.0026210044715493093,-0.009446508939793513,0.002801122277578579
2022-07-21,0.014981310707024735,0.00975136258046551,0.003508570349699694,0.0057393648473452515,0.0067867658046341225,0.0157104421102434,-0.016837507218618177,-0.007673372811087553,0.01503666164553695,0.00889187482209457,0.000941273570283299,0.005651610787437254,0.009880344966652297,0.0069979291887272725,0.000436848147375501,0.017128446436505906,0.014011727462294161,-0.0028011222775786247
2022-07-22,-0.008143788545215745,-0.017060581352536772,0.004717127228218082,-0.002011745436057891,-0.00486788165721414,-0.00802500963033544,-0.007664625979565137,-0.008356690781048547,-0.01789159241536171,0.005199573512282913,0.015857127780632096,-0.013181136865005258,0.007966847117831397,0.017345834599935942,-0.07891961017124755,0.01667130556622051,0.0024926790497596476,-0.0014035090032855585
2022-07-25,-0.007425776696365005,-0.005893813166707427,0.001973417553474028,0.015339825764008202,0.004000353191524301,0.0005863745247909754,0.03276018704648749,0.029318394718837164,-0.010510853870122612,-0.0014361721957044894,0.006759372100229827,0.017701541475256863,-0.00115788616063632,0.009055448593115007,-0.015599268447201034,-0.009833087620666441,-0.002742289035455036,-0.0014054816097029516
2022-07-26,-0.008865597388694484,-0.027139292178850367,0.0070492000460179866,0.0039960093133936435,-0.015745601719132946,-0.017334369030052456,-0.0038973380433838046,-0.007843177460525716,-0.05366831344708058,-0.026377846923819327,0.0019426912370874127,-0.003195242912015934,0.000882320559999068,-0.013301209216617118,-0.04604865102542737,0.0007663814395830659,-0.001186499030754324,0.007705817466229353
2022-07-27,0.03366185716376799,0.06471218608846327,-0.0027675294419544486,0.005664993578165764,0.015919167630787674,0.01862934654905063,0.021413621750505707,0.013082660126002135,0.052263992866036314,0.0024451937352260303,0.009451279349693378,0.02193932135718535,0.012271436998822853,0.005864387634255169,0.06347763814797419,-0.00563381771822833,0.010133436624480609,-0.008409299732799967
2022-07-28,0.0035652931379499546,0.028140901241815994,0.005757068290272599,0.012787089945774552,-0.0037383221107604426,0.013983246276932058,0.011617306704743563,0.0075421682404695585,0.01077091605087696,0.002405855405783532,0.01647977370782337,0.013884272463587288,0.03625096214113096,0.05045940611746718,-0.05366107136936536,0.007929444284102439,0.01211167244768271,-0.0007039775022798896
2022-07-29,0.03226691482758157,0.015543703417252318,0.001835283837173824,0.001568511988423504,0.004779085431313253,0.012920934477219795,0.04526805467965612,0.08529214389820468,0.0985908424413798,0.004362529189535277,-0.06379135560544093,0.05393832387526763,0.010551155601631298,-0.0005916109736239741,-0.010130785163115894,-0.0027213215190783372,0.0028071050348473727,-0.003880759852268343
2022-08-01,-0.006172478087535102,-0.009771889839376609,-0.0035014242360574465,-0.012916335898286026,-0.010018814474778696,-0.0039370721209683514,-0.025600896615342192,-0.020167817916372136,0.003255163043005792,0.01608578424912083,0.02831884352592016,-0.017247508517514595,-0.0024450525901111055,0.00965849675620008,0.005203284159060015,0.023755802901795773,0.005651277459431333,-0.0038958788415142777
2022-08-02,-0.00933074696969883,-0.011540746363328335,-0.005708864220117992,0.00014941541263666785,-0.015708053300140464,-0.012728215959919912,-0.004348985906004209,-0.00857192797589256,-0.009126384992066035,-0.016850348401720092,-0.006670202016847745,-0.06001219007490654,-0.015061553120328815,0.004211025054490074,0.001624391210990939,-0.021386686987991774,-0.005956016148365718,0.006367195193665356
2022-08-03,0.03753430111759801,0.027456012353565342,0.009611308197086778,0.009645928838863187,0.010440724820140244,0.016005182440015697,-0.03295992339433235,-0.02403931340660231,0.03917484264571609,0.01864717666734622,0.020430930656617986,-0.003493644036137467,0.012506074403214162,0.009179173263526184,0.05235397144795226,0.01562201920088549,0.0024353132279553084,0.0028169032689678137
2022-08-04,-0.0019280598848729258,0.0041687335155898,-0.016167567357871327,-0.012844554848618331,-0.011063528346154382,-0.003909544255603487,-0.0429896171489249,-0.027538444950257014,0.02162514700519993,0.0026078184092511495,-0.0015887821529988015,0.004201801494495579,0.004896608210392179,0.01742763668163407,0.010431187490912305,-0.0003352048973130639,0.016404686079473405,-0.0063492276789444725
2022-08-05,-0.0013880928028762987,-0.0026122579103732735,-0.0039661760945107465,0.00245132559739571,0.029811080087376936,0.008401645724073181,0.01434777516522358,0.016405643884718237,-0.01249266344192746,0.008170456890955656,0.0004838096647923533,0.009484394863515462,-0.0008837826470679114,0.0,-0.020493491437121602,-0.02409141877360389,-0.011309751785277433,0.008456710019960198
2022-08-08,-0.0029071548543333292,-0.009197018114329127,-0.005332408405010091,0.002874047851155218,-0.012255161854183209,2.9879734012909755e-05,0.005636993506065064,-0.0014981276207176686,-0.009921211958945507,0.0073352321945867344,0.0037932387979130256,0.002262932000170794,0.008802873745959965,-0.005242177246815654,0.018615666814388736,0.01601260684535288,0.00843429302573469,-0.0014044946138652538
2022-08-09,0.00030322326548217745,0.007038527511567637,-0.00011751571738157668,0.0012292106664970191,0.00896710835940878,0.005779846270899716,0.01826941757000289,0.012952710070663934,-0.011398190058649052,-0.02190696506709543,-0.0023432126508369407,0.0011833047853189696,0.0006184610826165608,0.015869750422713633,-0.010154169542136174,-0.0038943496551584783,0.0030549006956045303,-0.001054666999524706
2022-08-10,0.025857318013426802,0.02400983287267216,0.0028751670092702435,0.0008558299280560667,0.02575323059492046,0.032989127938514974,0.009448543155101173,0.002634708975436397,0.034653403236136235,0.020656062810964403,0.009408440791795768,0.024898432847178843,0.016048591402590278,0.00962514425692841,0.056578065219219355,-0.006552936091180047,-0.002515121991761826,-0.010963858719795785
2022-08-11,-0.004441425002082413,-0.007428268389306153,-0.02090008285771093,-0.009079253087639062,0.014673469998430715,0.010777845578437755,0.028246811146864805,0.02409449554519083,-0.014471011005617072,-0.0028604965911117096,-0.007134067848252039,0.017051775186325495,0.011393549344967632,-0.0039060369951744237,-0.00477757140643539,-0.023585387675858778,-0.0026416922182978765,0.0007109847442684108
2022-08-12,0.021199302367570116,0.016893635837963543,-0.011069779745977889,0.020138898653540505,0.0164283217614,0.006066638025281484,0.0086543624729886,0.0014398850576948672,0.0204799726302063,0.013427740996551175,0.009659925080619388,0.014533056934270091,0.011818455954106548,0.011562107679528746,0.016816508472287446,0.010089674183307045,0.0091559838937812,0.003901405904781232
2022-08-15,0.006313554523231773,0.005329883812254883,0.00476780528394176,0.001727401792948939,0.0026983948663163947,0.0057209845048796035,-0.018033979510009027,-0.01920099411265086,-0.002580826599034076,-0.0008895949750155277,0.012803751786023531,-0.0045316913519994105,0.006846623292605509,0.0058412024795004135,0.0021583339408320023,-0.0008658009203578955,-0.01295059769262016,0.008810629684135778
2022-08-16,-0.0009242678724697348,-0.0025930616052303296,0.008871364301529945,0.0027137058717338416,0.009508787969230803,-0.002476014883056114,-0.009359084530563324,-0.00255411670675517,0.011112768896956383,0.03978779920166259,0.009179601462498885,0.00798032039100538,0.0069964810430202876,-0.005178219030345591,-0.007881048672559477,0.004149024882080116,-0.0017515783779421385,-0.0003509387650293426
2022-08-17,0.008746243682610334,-0.0026340560855931303,5.967477226336548e-05,-0.0020529371533310374,-0.00844777991211358,-0.003471098855504051,0.008058412333511455,0.008213729283007563,-0.018684313761940453,-0.004960661794023059,-0.004612770153811129,-0.008082392454125502,-0.00437938945720809,-0.00365186041884573,-0.02607959953188423,-0.010492183831235917,-0.006489394153531947,0.0014030167165563815
2022-08-18,-0.002294236739220477,-0.003955361224541738,-0.004845231551176665,0.00040358827210299224,-0.007779591297074062,0.0022025818635082258,0.023369055735508654,0.01722554693244158,0.001406469992751825,-0.0016897864136933894,0.0035450356512183017,0.007221349526361615,0.004624854491743637,0.0004433606812169989,-0.0010872365234967864,0.0014807720142697603,-0.0026197961795841646,0.007681602015139749
2022-08-19,-0.01521711892918466,-0.013950809270094854,0.015115736506533813,0.005669675190946627,-0.025056457136253197,-0.014919499803618222,-0.0031837021486571014,-0.008398900055367232,-0.029018540619540935,-0.01203361620308878,-0.0002671118545152773,-0.00890704450817145,-0.010659398203989146,-0.005890542177627909,-0.039115371169559134,-0.01623341048927405,-0.00734757163039441,0.00624135174496732
2022-08-22,-0.023298703470036358,-0.029794720335124383,-0.003490817969856879,-0.006862565705866763,-0.016659968837380648,-0.01980720828982539,-0.0007443245595500151,-0.005022420678903082,-0.03691706749123244,-0.02876147298764082,-0.0026750500802975286,-0.019827167474582037,-0.018628480599398325,-0.013127818268252704,-0.029668953580709687,-0.0033673049095015897,-0.006659292089976961,0.008261664893283992
2022-08-23,-0.0020310640194615703,-0.004727629296742893,-0.008749905998354535,-0.016235535309993714,-0.009905761691897434,-0.0065631644908582575,0.04156631908052295,0.03192594519295472,0.0029980535122979177,-0.017154076692062793,-0.019474548795504757,0.02802456069587237,-0.0014669063553571276,-0.0063449113828260165,-0.011969540732157261,-0.0055184830745972765,0.006966521193134044,-0.0041223005845514435
2022-08-24,0.0017923293122504911,-0.002354092679225738,-0.0033161526875426133,0.0012310448648844181,0.0024208899949415144,0.005160393789052785,0.005900922606184504,0.007380561211286897,0.001346197196796827,0.003934900444694008,-0.004311088895286229,-0.015586589403454082,0.0012141449357233982,0.008263106611214526,0.01325666052026744,-0.0073457286323721,0.002944606753133556,0.0006882312733393799
2022-08-25,0.014812452364245813,0.011034296291578623,0.009317490989716449,0.009480326655780523,0.023470247372582673,0.013218675109534277,0.005160126793397943,0.008724621401119511,0.02567648804552406,0.005405506049232399,-0.0008232711773782531,0.02401906634383146,0.013259196812345475,0.007636196568062508,0.033252069706180575,0.01384012448461957,0.0030581063588208724,-0.0017214671119351506
2022-08-26,-0.03842822598373647,-0.0393512578041702,-0.01726053714770531,-0.023011418616210814,-0.033276374461399215,-0.029553030085578483,-0.01238846063204129,-0.007377407480298609,-0.04873553279461987,-0.038433367435768515,-0.02368248464349873,-0.03562300923077852,-0.037464037185531346,-0.014990418772148541,-0.04235870413960369,0.00750920088430713,-0.012227119243200033,0.0037833235139157536
2022-08-29,-0.013784833665678953,-0.0107253709453002,-0.007761214746149075,0.000982040078201522,-0.00244477551224033,-0.007399484769921862,0.02272939912537781,0.007438151596144145,-0.007369343245364732,-0.005989049225915718,-0.004225655981994867,-0.0007297368059064405,-0.003320538487213941,-0.007008376026708515,-0.016264574148327174,-0.008307604120256572,0.0006180087953946218,0.00034322979595182676
2022-08-30,-0.015423828195313948,-0.008557416855540272,-0.0035030610752502605,-0.01316746017575729,0.00017482517483146182,-0.0008688488302757224,-0.03879731099030777,-0.024659204899772715,-0.008200572028124537,-0.010926103741044559,-0.010714261503893194,-0.025561171971268958,-0.008978970326598756,-0.015285151688300611,-0.012708418751301478,0.002481830737093194,-0.008375518142429548,-0.00034322979595185685
2022-08-31,-0.010691905858991227,-0.0057204030601184066,-0.006733200222448588,-0.006735970660574857,-0.005961269516923629,0.0046052712971596035,-0.007503943497180254,-0.016066618983346423,-0.015342766720907609,-0.009530084812214738,-0.016108503068748,-0.012000682163170968,-0.007104358258708776,-0.00749593577917916,0.0360562660242582,-0.00960690541129144,-0.007755370661436453,-0.0006868132142847722
2022-09-01,0.004695738052893718,-0.004100643835938265,0.024490020315263736,0.008952165064168167,0.0068349372290430754,0.002491857722376623,-0.018157365726896902,-0.0160717745103644,0.008248603271500312,0.01701685985832797,0.012248874233780219,-0.01236567574802328,0.007261661040420838,0.014009101394346617,0.014804254658909654,-0.01843729503938757,-0.00882896572005432,0.008891987455149842
2022-09-02,-0.013704520189806828,-0.016807118316475,-0.01585012455556631,-0.014706854203626971,-0.007010807788323133,-0.0060753893747625244,0.018157365726896912,0.014742281737264693,-0.002428231326685092,-0.0050233331321941485,-0.01791955464236066,-0.008863988446646114,-0.02033860690589196,-0.013421453730039527,-0.030953097476933426,0.005640993941699161,0.008766177285663144,0.0003404255314884544
2022-09-06,-0.00824906398367341,-0.011034648889248365,0.0027000507317207394,0.0025724606316413373,0.0002637942423244809,-0.015168155604784538,-0.006717774817974176,-0.004635370397848165,-0.01104025092766752,-0.00811782113411209,-0.011217537619536002,-0.00094055167485879,-0.006926388130151208,0.026207436820627004,-0.011164890487756169,-0.025080548470613,-0.005856624315955814,0.005769573106425394
2022-09-07,0.009211311869047889,0.018931218172600493,0.005439280026302844,0.007697082335880804,0.018812608466642646,0.012388865555351975,-0.008567401284646928,-0.012875301969057179,0.026371887090260313,0.02701992283913867,0.015001561928203823,0.001106439590556927,0.018629271841116773,0.032320813439382694,0.01160142194062021,0.015691664041776847,0.010117282390400979,-0.007131971134309448
2022-09-08,-0.009664400973076212,0.0016646990932459103,0.008013155243002938,0.011113449431540141,0.023028736218121952,0.014476031387617938,0.008146038168418869,0.0054009004167691116,0.00262244654727905,0.008135706189994095,0.0013065255546237777,0.012582237912369754,-0.006739034816666451,0.0003323915610823493,0.010358287682987211,-0.01031031871134538,-0.006020336758777327,0.0020429016272588986
2022-09-09,0.01866455747136923,0.022716950734174495,0.0019329513716983024,-0.0028856213661747226,0.0047945585390494995,0.01397547469408221,0.016613934203068354,0.02545085459956066,0.026228269986313193,-0.0004335718048149767,0.015117990041903472,0.03403076345658705,0.020395426473716994,-0.004107237832577173,0.042819258194347364,0.0022183205327434654,0.005269773801350122,-0.007168489475632374
2022-09-12,0.037785043492394886,0.0082469259180384,-0.0004225139639354562,0.013092391371127405,0.011762387958303063,0.007265515056710883,0.011436938842009596,0.015691704116319705,0.023581101562711638,-0.007466844220992024,0.00811219135866347,0.015240285550457785,0.0017721259719164744,0.010071470223392321,-0.00112389470910556,-0.008251101370928975,0.005055401623358004,-0.0051519949129788635
2022-09-13,-0.060471662824351985,-0.05654753286234076,-0.026364801999596302,-0.033087278823493355,-0.03536681210749546,-0.04230328062510088,-0.023635390681449448,-0.019198502124261507,-0.0731894888824619,-0.06817938630626322,-0.020911675798031742,-0.042957415667983764,-0.03740389869589304,-0.02170731419372537,-0.0983747666903427,0.0023246093508046163,-0.013096656160665028,0.013680103905588839
2022-09-14,0.009510018301012585,0.000912318343467046,0.020430785192095596,-0.008185797811163891,-0.0023224817972879908,-0.003446964444016541,0.0242498929538721,0.023925772492797818,0.013549175440013082,-0.005737291794580934,0.0023853421263023062,0.001843018734965015,-0.02745754079321831,0.00022504782371786055,-0.01089964828822355,0.0034305350968330366,-0.003855030527046526,-0.002040123116352428
2022-09-15,-0.019111346100551294,-0.02749369316484571,0.002547463014375361,0.025449721522687256,0.014958183082009245,0.013234773072639013,-0.029508634563747416,-0.016363945377834244,-0.017816270022107675,-0.017522533456151405,-0.007755066950541434,-0.011766764297807162,-0.017431711185585105,-0.03282357676760896,-0.012756800463423604,-0.0006481181654603514,-0.01885582054615919,0.0006805035993748062
2022-09-16,-0.011020667848529255,-0.0026116068054729937,0.015149983163894536,-0.003620936394288604,-0.006724860414721598,-0.016448389316998196,-0.017230802822458428,-0.026304856645168,-0.022017622141068536,0.016182705984913944,0.006093156816972895,-0.016687313959681913,0.0027667220719482634,-0.01428595724771676,-0.02203983208559237,-0.008370584588717358,0.005533763558420849,0.0
2022-09-19,0.024773532487478298,-0.0008993173968646993,-0.007907073663634957,0.004844108001063845,0.00918217639970638,0.007482435996921704,-0.00010729038130338952,0.0028721896237340274,0.009105989831982108,0.015996315136050317,-0.002099396289286528,0.014602837066429307,0.007191446241507661,0.02388973369445405,0.011756446779453063,0.0023321993866669533,0.0007697242201716818,-0.0006805035993747813
2022-09-20,0.015544021619004589,-0.008501601609310936,-0.00790947519703929,-0.0014335549833816184,-0.019916039278566385,-0.01656682877141491,-0.008187936285790795,-0.003959389551765751,-0.020012821052273675,-0.022540127340917405,-0.0035573016568715547,-0.022883531169068164,-0.009110399308034896,-0.013331212329561741,-0.01312452962497208,-0.010020217752826355,-0.005722936238338996,0.004753828989817116
2022-09-21,-0.020475894042359128,-0.014541178527108137,-0.010297120686324004,-0.020718118916294152,-0.029259270140064,-0.007919664978941648,-0.016249880442349623,-0.008159639219526988,-0.030326753968738712,-0.009528418922212846,-0.01295629879673052,-0.03452363206007711,-0.015428275627086001,-0.02027654048597163,-0.02755109899168649,0.016614158524498646,0.0046323186482795965,0.009775907956615818
2022-09-22,-0.006395636236590237,0.00845961747098132,0.017605019735855966,0.010451364632205628,-0.011444022973698745,-0.024589721185947645,-0.004186872577494361,-0.0007744434075867243,-0.010430452842063141,-0.008988242716452542,0.0035301941488532196,-0.008175228013648585,-0.006042314455569308,-0.005134033125557916,0.004913324968301327,-0.025880488064970848,-0.0005778676843846911,0.0013409321495538701
2022-09-23,-0.015239269750564775,-0.012779459783470561,0.003244220327659426,-0.007468004874769163,-0.01878884407329684,-0.035619892124773574,-0.05468694634010794,-0.06756891139382049,-0.030553244195127616,0.006665703839103546,-0.004635940456247525,-0.037699736154202405,-0.010852324829483081,-0.01228487086642576,-0.01701838199478876,0.004076414612773956,-0.017427800106230556,0.015622720934744618
2022-09-26,0.002257637080939834,-0.0019774077167572478,-0.0061368341321922735,-0.010274364577367023,-0.021767172573845722,-0.02464128430519307,-0.02085741079028656,-0.026670113978440133,0.011968866944192866,-0.016223007976686157,0.0009583840904857997,-0.009912581931116686,-0.007673196236733509,-0.01674139424289626,-0.029194934257001984,-0.01929566027253214,-0.011701421971072873,0.011151312669567006
2022-09-27,0.0065448288359581655,-0.004389489173409113,-0.004597153027258539,1.9670905761306117e-05,-0.008841291603084589,-0.011058133161196818,0.020740785914304102,0.00042556210346256587,-0.006447138553841769,0.00788391252663667,-0.02786986013813372,-0.0011074879613185461,0.0,-0.0008629723765258004,-0.014551351780621401,-0.026683887845650754,0.0020477597405781107,0.00032610468271665173
2022-09-28,-0.012732267490607041,0.019519761926474512,0.008572343469497508,0.010896998204240877,0.02001563266382855,0.0317840896165225,0.035742636337881724,0.03319691166269359,0.03098087892480493,0.04902230422725267,0.0,0.032225683775679956,0.02186769312939118,0.015784971369343464,0.05225637214642638,0.03293360772200164,0.02057349774534616,-0.01312785509396476
2022-09-29,-0.0503664191543163,-0.014919724273550964,-0.01106119047609479,-0.00999255457200116,-0.01709124022084694,-0.015681339930905987,-0.002027712760625133,-0.006952359787715973,-0.02757788275219137,-0.013773142866884292,-0.02516628135310541,-0.011149189397669847,-0.021867693129391148,-0.029569728608271395,-0.037411743729938954,-0.005189325502804846,-0.0001939550676842037,-0.003972199859330868
2022-09-30,-0.030499727648127112,-0.019558446584060956,-0.007136569982099345,-0.007476338492636573,-0.01576031861910552,-0.01038776398906621,-0.015569380924628125,-0.00762727314316214,-0.015803665173125456,-0.008624009283137354,-0.01922004644680644,-0.011031083432316314,-0.018395961443166246,-0.019700094101844985,-0.005365884461858727,-0.012994752292271438,6.465586915905256e-05,0.0
2022-10-03,0.030289149610442507,0.03310833606130206,-0.0009799118868742294,0.02051906785164361,0.030441025501333555,0.02060187691380949,0.051453629718039906,0.05458362251435532,0.025167354188809058,0.027733891034984515,0.01774265416360417,0.04265356823700534,0.03570862608412071,0.034840616631285445,0.02136506218147662,0.0157284052683912,0.024019040336903132,-0.004654263720266215
2022-10-04,0.025300257812493832,0.03325333963750998,0.014719565075941942,0.014749757138508181,0.04572224933875506,0.05121473539329146,0.035796332177986646,0.038147889100974074,0.043978897865125356,0.020445187610035578,0.012296663199808978,0.047891497780034306,0.029327615094344398,0.01987749124364764,0.011976191047087944,-0.0027969348417852375,0.014226417356515263,-0.013756298123953308
2022-10-05,0.0020512827710712275,0.0012849343241026073,-0.003084089161664982,0.007426907995680531,-0.012312789387507187,-0.01881857833155625,0.03961627160203529,0.00569333521669932,-0.001156833710238708,0.0010010183608002152,-0.006941794170406726,-0.006983073542622087,-0.0021348322714991722,-0.012759149943484826,-0.009310387385798537,-0.009607526955942377,-0.005553663146449332,0.009414998933301017
2022-10-06,-0.006647730337955342,-0.009718014341521383,-0.01957129314540477,-0.015179033548868714,-0.020592866076344956,-0.014112053252717095,0.0292296383151628,0.018065814041268297,-0.005388614075403092,0.0018612993103340927,-0.02127739844727578,0.002407683348549458,-0.015701045234342473,-0.03560246564115817,0.0006473656043495199,-0.0055737688912744915,-0.0011269723206298698,0.009990093078111368
2022-10-07,-0.037409797981414715,-0.052191541799067806,-0.010617590664462264,-0.027892978045842686,-0.02017628688963766,-0.011853213478736916,-0.010143373196742822,-0.008648366238242673,-0.04888991976829772,-0.02112448268968972,-0.017627575082920344,-0.007071530198042361,-0.020956171714342244,-0.028015196343756283,-0.04125052763979925,-0.009755213587999668,-0.011023386481741284,0.0039682591745172765
2022-10-10,0.0023528583810890013,-0.02153311963624572,0.001310002994631781,-0.011935860185700784,-0.009385289537909347,-0.001795153568671066,-0.02191512131886543,-0.018224169910402058,-0.007799189513716346,-0.006563416765256901,-0.004112411553475927,0.006288269556003399,0.0027963898206518232,0.0001303186300131367,0.0025445306351225888,-0.015668201371752098,-0.01531814481062402,0.004281251392688157
2022-10-11,-0.01030789370302653,-0.016892144942433757,0.014359348043585268,0.0019025309390839893,-0.029284528018356987,-0.021287058525500887,-0.008534902449739801,0.00019089434039171792,-0.012927398021844347,0.0015211818620851777,0.0037904799613528903,0.006026467656356993,0.01001426562378433,-0.009295085579210691,-0.04003126654256597,0.004415904405306335,-0.002060263412255974,0.0006570302474794059
2022-10-12,-0.004615614713381357,0.0015072261030448615,-0.00024583615140546725,0.00030006901833413665,0.016053270755281165,0.0037318539714920993,0.004378156970865496,0.0029859302390685787,0.006130355478841626,-0.008413105834406144,0.0016086225618621934,-0.0013917886725740166,-0.004792018638495799,-0.044099093188676816,-0.008123775344976394,0.004894870170512002,0.005335060059011048,0.0
2022-10-13,0.033060274571912046,0.036918038475634615,0.015007602316074967,0.019706144335319118,0.05410277908418525,0.039050082581890654,0.034351854959982976,0.047327053044556686,-0.0032826183937107096,0.008200986764186562,0.014995893998011765,0.02007567975073975,0.02717527506416558,0.004662652441373001,0.021646370616737437,-0.009612570262728009,-0.0069475995125058325,-0.006589809679779622
2022-10-14,-0.03277117367366246,-0.0245474728502048,-0.004186772294402493,0.006294984816219041,0.016503820367855977,-0.023326593858195452,-0.026660287843939423,-0.03159257272740083,-0.05132603473090604,-0.022888386078968308,-0.009785670195771104,-0.027400490940200483,-0.019277842462716476,-0.018224997051254518,-0.02746720039251295,-0.008284549303017013,-0.012537109224551701,0.006918162991115621
2022-10-17,0.028706697160270522,0.03849517336456232,0.01286832437920546,0.01690845202396461,0.041142115953466396,0.022153534972919466,0.014313842305632192,0.007279546845155582,0.0624608263379177,0.017321884087956742,0.017907141999251346,0.014541051218975908,0.016401278816472725,0.02585758146666257,0.05584272804626313,-0.004881531101276307,0.0028720646374301795,-0.010229424293213784
2022-10-18,0.009365458446523782,0.004075379041362007,-0.003487676415761034,0.0006321294350066888,0.02539548492523029,0.023012489023213872,0.0017873105738361087,0.008702952810599537,0.02233418925808348,0.013420175985116013,0.008056044507580497,0.015095661984986459,0.015914266159613416,0.018963650798973622,-0.009294025826267675,0.002342040682308547,0.002148648155477013,-0.0006635700314417613
2022-10-19,0.0007649247612815861,-0.008505672568761492,-0.007983108619958712,-0.0036257989131976373,-0.01980094436224904,-0.006681503733068538,0.029231271340266016,0.031933047103043635,-0.011148194791633691,-0.034148354133303915,0.00922737520602309,0.004674429643788919,-0.0033411324096169785,-0.019099437342049955,0.0032327209291703267,-0.018373624397330087,-0.013488942083046313,0.007275164364470665
2022-10-20,-0.003272413711995484,-0.001396441417722754,0.0025469995578971355,0.0010756820091438648,-0.003266852974099697,-0.003051868022223689,0.0013479686225756594,0.005698021115016217,0.0015630430413907993,-0.022131373965895804,-0.012869584643892321,-0.02120917971667987,-0.009189799069109618,-0.041591800068783706,-0.012841995491324202,-0.017240905611341475,-0.0015834271303347223,0.0006587615526032802
2022-10-21,0.02669944601117689,0.02496627468145384,0.021569346174082626,0.024370404186142794,0.05119426253172432,0.04495103430147633,0.018399870829881225,0.024727257223174055,0.03470527776978976,0.02227655925882575,0.012442935513038352,0.058517606897630255,0.028688331694960954,0.01419659797815157,-0.011623591906473335,-0.01818715378672819,0.017670616858913076,-0.008597936566099031
2022-10-24,0.01469425199203139,0.02096649947924439,0.013365325979744465,0.014637628483333288,0.0012264422448640714,0.011012653360604807,0.006966045301597952,-0.0003465003503232053,0.0041816570092310735,0.027668688199440763,0.00612523721609327,0.0056615793919947465,0.02212635234240662,0.022494566090830923,-0.0022330891349134087,-0.00829880281505397,-0.003248865755665668,0.0009958507053932433
2022-10-25,0.019152976214051702,0.013697468680807106,-0.001580380205503654,-0.002551257600201323,0.0026113936823582385,0.011193582311110548,-0.006777134372920718,0.010343136511213996,0.0064886676373062694,0.02441186925627033,0.011451533511927965,0.018335832491919887,0.014606553673455366,0.034601815894855927,0.058318360296163725,0.028696832903486746,0.0022753138371353837,-0.011009285508213113
2022-10-26,-0.01982232028227424,-0.0802954058933867,0.008748451924717337,0.0054458824446535275,0.011425917424921392,0.009849052059122475,0.011830013094310591,0.012272184018692324,-0.041824431563012805,-0.0003790424058328918,0.007005816044025718,0.010821953497715812,0.0032638479178305852,-0.0034332530739613104,-0.05754776612959967,0.01430460309001564,0.0063434739221749515,-0.010453644343579462
2022-10-27,-0.03093906471041001,-0.01995394429499318,0.0005805178381089203,-0.0025254167914628544,0.003940337212051442,0.004428797347088747,0.0038194652605453086,0.004563516750897129,-0.04148507672349607,0.0031314008485081794,0.0007585527181369795,0.07424577164148607,0.032167423376317415,-0.0017210568887864124,-0.2817938293315073,0.010416223707533019,-0.0015497872144956272,0.007766373661752382
2022-10-28,0.07283447019734715,0.039432716800469586,0.014747660570168608,0.017273356355860227,0.01180801975559502,0.013667370332764734,0.028867984001303134,0.011624138934354012,-0.0704681068096924,0.025742887693415557,0.025010663458974625,0.033376603254733836,0.042056917982955765,0.04609230091887509,0.012782968016879444,-0.006897644066706248,-0.010263162512214732,0.0016803902470160152
2022-10-31,-0.015530272018027312,-0.01598324623627077,-0.005159970168937919,0.0070680614934252066,-0.0015875539131863339,0.007838834888130237,0.0009931832336678927,0.005098658794932704,-0.009424407865559183,-0.008473772080513357,-0.004075740200881416,-0.013217264464963057,-0.004450429157503366,-0.01954959085617854,-0.06281956927521297,-0.0071536254472669,-0.008194886389522453,0.008359854741252812
2022-11-01,-0.017698412554358153,-0.017206594402022313,-0.005071180117996752,-0.014222978002636789,0.017872380614406245,0.011744641485066841,0.00987795388194847,0.007270355884945805,-0.056733578170327224,-0.000236410612470876,0.0015581527912850257,0.009380241668312174,-0.004519559667777072,0.0027060128609848523,0.02166149678121032,0.009275721382433723,0.010151706529948045,-0.00033305579015211704
2022-11-02,-0.038018648004115495,-0.03600897662473857,-0.01548703520131997,-0.007114466079427463,-0.009250614728454487,0.003465215317766857,-0.020766365603012243,-0.020626147066104796,-0.049451608208512805,-0.02507014111771825,-0.014487595639466734,-0.018289813366289456,-0.013033858970389917,-0.00554875931735802,-0.05018819978943793,-0.004349634032610386,-0.006996922447749893,0.004321096966996776
2022-11-03,-0.04333036666020361,-0.026938431054663852,0.0017001323163570775,0.0003311745688541346,0.001809812823734986,-0.0026336144382371105,0.013502085418203136,0.01462640428508472,-0.03109058707003112,-0.025359547788131286,-0.006868729122323494,0.021762039077020096,0.019365323837772768,0.011578670461720711,-0.01816711987446161,-0.005411606504475427,-0.0038132853571455293,0.008257685237013764
2022-11-04,-0.0019460166871188226,0.032782294658091245,0.004441854176285991,-0.010057582608093021,0.026990935827050207,0.025582198174133576,0.010832208329633239,0.012563599625909604,0.018638214259404633,0.008947418805518848,0.018088833365068894,0.03842927746341997,0.01678673224471599,0.007899136498510342,0.02092452525048726,-0.016943315084100047,0.03023455936934204,-0.01892800988316156
2022-11-07,0.003894703805630655,0.028849438768163718,0.008709339148514617,0.012647995858644219,0.005266182748500429,0.012908419692269234,0.011772652011155576,0.011869093080214926,-0.004958414654509065,0.021731657934496017,0.015206611768446848,0.0033299772259708094,0.009195026712219008,-0.019348415744938823,0.06327105892348973,-0.010026750669618233,-0.003970292100619771,-0.0057152618169052085
2022-11-08,0.004166373385053138,0.004378865866078316,0.004959355069672778,0.014625922110514274,0.0006087816942402915,0.004018833342731055,0.0031628914080484866,-0.0014557220524027427,-0.00609386407432278,0.0029927268170099356,0.002268487306973452,0.005235385633318724,0.007551148363258624,0.01259980669820034,-0.0025881271242351473,0.010875467037565352,0.022836387242720455,-0.004392640953056848
2022-11-09,-0.033753249732774604,-0.019233907150300298,-0.008027996565029545,-0.02265779787321982,-0.0130941033906487,-0.005564599356421713,-0.04576841845498507,-0.04080176164012998,-0.0436135437870618,-0.015193495127345783,-0.0024150181885138574,-0.018755353764961326,-0.008075669749423486,-0.0008947402651951884,0.050531109108603485,0.0032819890760349044,-0.005029875426861931,0.007422436233092963
2022-11-10,0.08523649023698479,0.07905888580645518,0.011645467709054443,0.006471082562964277,0.04033474773280361,0.04406975351084191,0.014585491018140677,0.018762903242397582,0.11491537238525258,0.0834304307640828,0.03385758822396199,0.03017762133239036,0.029145014492615227,0.06197770027487226,0.09757429456783631,0.037752072033801175,0.02999014066687195,-0.023122417421036625
2022-11-11,0.019085449660198883,0.01685444619472607,-0.03037589529983519,-0.04144086519298285,0.001627339658952657,0.017970829934488543,0.0307442347339412,0.02806362110772039,0.04214989235556956,0.01034095771890046,-0.0014885701841954695,0.01723077560350166,-0.00968360665067006,0.0013212421596126868,0.010227311342239705,-0.0036708514761451625,0.006584586648625278,-0.014553271408009546
2022-11-14,-0.009530913143049788,-0.02275709062067304,0.015594172261180086,-0.016084067034423097,-0.010326602669045979,-0.007322222075631285,0.0028918216709526877,0.0004825607988059515,-0.023084124185175692,-0.025795017182894522,7.093456284478915e-05,4.228419220169643e-05,0.0012684097256390765,-0.020004304094740567,0.010561619035500009,-0.0024547419507269406,0.0021852624939974414,0.00452725829755171
2022-11-15,0.011799546931048384,0.0017372605296774076,0.0027882678536927507,-0.021126715192620712,-0.007270033894411216,0.0013590509645466722,0.006681343536678811,0.008008585248785614,0.004558585617951672,0.016191676353657567,-0.003481724482763204,-0.008108898367162963,0.01134386508083347,0.015191396236446763,0.024731048586624543,0.016050730603187922,0.003510686978418323,-0.0034806857261608284
2022-11-16,-0.008366009373791854,0.0018167559393746713,0.0061876733494152045,0.01677663469359538,0.0013530784595574233,-0.0014375141326488942,-0.01074710837323278,-0.01640611535321241,-0.018566278488374336,0.009508080052825604,0.008858081519133115,-0.009293229770382147,-0.006660015768489401,0.016863402665572808,-0.033436313497544154,0.02163270323066311,-0.002298712523919624,-0.0020942416045560464
2022-11-17,0.012887894987949169,-0.00020686373937585706,0.008038628496449408,0.007381976005452329,-0.004366490412576901,-0.006691972330239202,0.001327610054822222,0.0028070193873783633,-0.02365063093016498,-0.011080180413616062,-0.00615691411009587,-0.008555554930283227,0.002380342306176324,-0.023640628170561544,-0.015845088494448687,-0.010608338218568766,-0.007293978362553723,0.0038360988614939964
2022-11-18,0.003774713928615808,-0.0019051569234460244,0.007634059749401704,0.028108345229281777,0.009760570018623372,-0.0015283673164107454,-0.008705749219172285,-0.005993261919165605,-0.007513660408026965,0.005571401815090657,0.011995627893493408,0.0042869271274847895,9.323140051819488e-05,0.010268891203669802,0.0053691404148534985,-0.006901062544327178,-0.006917477310225736,0.0027806761071559253
2022-11-21,-0.021918685707110634,0.003434936230824792,0.005094831286538741,-0.02446669471561469,-0.005920059255147395,0.0026599612740268222,-0.00995300751589499,-0.00960938674052535,-0.018006917412916906,0.011429421516822334,0.012615605545195226,0.003192409958601778,0.009418056577376543,0.004796172264420034,-0.01973837233220869,0.004206315666211073,-0.005605706612753669,0.008640109043639701
2022-11-22,0.014554735622465018,0.012236335642153708,0.00481874001409082,0.01134322155960445,0.01484603342403906,0.009580221948035178,0.0285162560237919,0.025332981120013472,0.007971603131466278,0.0252483567437685,0.008551776255418569,0.021686724282693578,0.010107593172455041,0.0060819458832511095,0.014279501557528279,0.014091728671083447,0.0011730206623633479,-0.006213344117798875
2022-11-23,0.005908730883800331,0.01035311007558119,0.0010739621753563873,0.012576153592681405,0.010607052895661502,0.006180874609050548,-0.005004619954316857,-0.008915845406747915,0.009929083867583304,-0.010427235984806256,0.005683584307569526,-0.0014340548245130981,0.0006854479671325574,0.014576399241949294,0.007153106322379346,0.017291497110041836,0.006212537281024591,-0.010442141522038447
2022-11-25,-0.019788064616916318,-0.0003635849516217163,0.001298518178032082,0.014822303914997297,0.0019032287421466144,0.006734553455754618,-0.0035270294924127812,-0.0029352632912095873,-0.0076783996743715575,0.015033699309490316,0.0018419352338337966,-0.005162721466439972,0.0051941068116508615,0.004933640924769594,-0.007422345723010595,-0.003395589001059178,0.0008581060900441475,0.0
2022-11-28,-0.026615329450162713,-0.023424678627401795,0.0005076571734020237,-0.010001111503346143,-0.01763297742390864,-0.01685680847211503,-0.03049290148023566,-0.029500012461800635,0.005764319974717149,-0.023122059068225533,-0.0008182190550173576,-0.014530170165809726,-0.019641767706026804,-0.019045941543620153,-0.023889596076732893,0.002814306287521766,-0.007934840955717387,0.007320932123366867
2022-11-29,-0.02137507359262797,-0.005932519629455835,-0.007017175531666391,-0.00805459568823601,0.016315743424353626,0.0035244857453481234,0.006625846795768869,0.014858783628574897,-0.01641932041735406,-0.009324664338340278,-0.007669169334220079,0.012066382334257861,0.004393172225443456,-0.014920262343106817,0.006231691721273157,-0.011795233500049433,0.004928242587143351,0.0017352077938582189
2022-11-30,0.04745011802965817,0.05979943521484431,0.010788322319479815,0.03674095110650977,0.011793104574498326,0.012792136735448866,0.00721113635049932,0.01251594534379849,0.04361402479022647,0.030944277817779156,0.024980935192371864,0.005471563711344377,0.012973799230990372,0.02643852778467872,0.07597253748797855,0.007327471600829992,0.012700909573565686,-0.00800700535620402
2022-12-01,0.0018897218286243527,-0.0017652947719763328,0.004148685661030689,-0.020006752115327847,-0.014139146706149179,-0.006078256544098153,-0.004861808442777934,-0.004483331730937782,-0.010831182745662351,0.009461564147949198,0.0006031969616591875,-0.0030502035937227945,-0.009887021538340628,0.0015336521615951903,0.019619980409713113,0.03137493438436476,0.01821784940189847,-0.012308929805964654
2022-12-02,-0.0033770125304595517,0.0012948541173193626,0.0007829540136135796,0.0016748552374037564,-0.007958774508098261,-0.008451233597548546,-0.008519946397922607,-0.008032613612860841,-0.014449441927555805,0.0028089048479892392,0.009070961951070041,0.0018651185941151141,0.007743984446343311,0.00435218001630874,0.02500847751627151,0.01249722630983551,-0.0034616566946073803,-0.0010621349917161712
2022-12-05,-0.008015258234663576,-0.019081375422472846,-0.0005591903072931228,-0.002091113532712949,-0.028441492364890596,-0.024039874910454232,-0.02778084614966318,-0.025002001439098833,-0.03370741496986447,-0.024412155565591794,-0.010143563783433833,-0.01519124583996099,-0.016012120881069656,-0.0005870267271528404,-0.008620743044150763,-0.014105932595120415,-0.01730783443196071,0.00811435039781122
2022-12-06,-0.025697345495582054,-0.02051271148061067,-0.01510398415739278,0.007967576309445015,0.0016732586810248961,-0.023501660323289635,-0.028189594970369724,-0.026108147290340916,-0.03079569477585829,-0.0082506389322944,0.0012735866585419865,-0.01857450442061188,-0.011241052158202437,0.0003522573864602424,-0.07028891174035178,0.012797765710482424,0.002733652949197593,0.0007024938825524703
2022-12-07,-0.013880793594839727,-0.003064416380108032,0.006057708110130661,0.006634473574494654,-0.0006841765446909969,-0.008273085107046463,-0.0022165479130119695,0.0029605571212751574,0.002376776626774563,0.008469310348180532,0.006410278361405057,0.003017912934031495,0.0012188263274247337,0.0012905498354218636,-0.0016663016348129318,0.023289103587579955,0.008998460331826925,-0.0031651160610771736
2022-12-08,0.0120598097611064,0.012322989786140529,0.00016931455852868123,0.009185730549369374,0.010439613687128882,-0.005125359409230641,0.007401389100437087,0.005894948585566699,0.02114054459805671,0.012231619032262409,0.007162784304786832,0.008436666697140454,-0.00046860357000722106,0.005495482992024574,0.01221335952735218,-0.0027442388238100666,0.0008413462034759727,-0.0031751658337850755
2022-12-09,-0.003440893813393948,-0.008035431409885413,-0.00827340810309226,-0.01604273129159763,-0.0054331555319305684,0.002955859490131871,-0.008463216509060777,-0.032444140962203806,-0.01404392230568502,-0.011201383079695574,-0.002646904668979373,-0.015844595022869005,-0.008094542761463592,-0.014682826766417587,0.004930166108235531,-0.026358834629317273,0.003537916321840588,0.002117897016191546
2022-12-12,0.01625711715893591,0.028479823343402638,0.011878639588275182,0.012275973011756291,0.01539242763716529,0.011186294517872451,0.024329778998354423,0.010362787036080663,0.016255089596869898,0.023132758998069672,0.010217960287549982,0.0250691959750115,0.013470271495513223,0.023852411065516617,-0.010320546052611521,0.0031924909750531403,-0.008294812240431517,0.0007049700643669408
2022-12-13,0.0067595787804029545,0.01731390049795995,0.007674032898867239,-0.014095134100717662,-0.0009691006758739285,0.015057603418823699,0.010874767336231798,0.022023728663219052,0.02119834623674616,0.014859474163687698,-0.0015096323955533792,0.010372518565047457,0.0021422259391590923,0.00690849034431637,0.046333757889063104,0.009609627524796653,0.016936878125122228,-0.008848049228022912
2022-12-14,-0.0156577952952335,0.001166997448321992,0.003064325322311046,0.0002600828564814888,-0.005009543543271155,-0.02279715225187738,-0.007393230063635958,-0.006939251808963726,-0.00988762333721926,0.0016208431931557287,0.003933399590835758,-0.00429815330763116,-0.001117110523708909,-0.0011481057517051497,0.0119137671260576,0.004262028132130436,-0.0024360547978811158,-0.004632112325616062
2022-12-15,-0.04798746986558157,-0.032438693537102666,-0.01270835857686912,-0.020037441994417617,-0.025123707672217166,-0.02971170809830648,-0.00962725698972839,-0.0075137960165398325,-0.034775486623155064,-0.017639596293423914,-0.011383574153454831,-0.016425531604589056,-0.027144152791238652,-0.01434711639587724,-0.04577227009166341,0.003885369312453896,-0.01649460098676818,0.009242867079295178
2022-12-16,-0.014686068904440753,-0.0175009530541964,-0.010307034275366795,-0.007571038085650658,-0.006245442252013544,-0.00999749773169543,-0.0070429528781410355,-0.013656911106512832,-0.006692782058160802,-0.013088950805532388,-0.004443714823232672,0.008891249389128879,0.003677967414171833,-0.0196534716556521,0.027847966463357198,-0.01123346538723157,0.008671096661280069,0.0017677218686447942
2022-12-19,-0.01603751399437879,-0.01747993552319693,-0.0010821587272278764,-0.00019096724976207024,0.005937939174259591,-0.005036481643327615,0.004478970656095912,0.0068517692747006465,-0.03403500171257818,-0.018762159306803382,-0.00026592208620570716,-0.0018494231204571178,-0.0015746156182413838,-0.007395954029065966,-0.042330290432026,-0.01694796238431444,-0.0028218925393243208,0.000233105996109081
2022-12-20,-0.0005289606048124848,0.0055987704571054024,0.001082158727227772,-0.006495457830359818,0.004832224167860037,-0.00034828036908322077,0.014349344670779356,0.01628995297960257,0.003174419219693654,-0.007877668592160438,0.00039885661605043793,0.0121944903732387,0.009883663256899855,0.0,0.022542734612830406,-0.017916646928993113,0.016458332148831797,-0.006791804480620216
2022-12-21,0.02353049740983705,0.010818031174515306,0.011376944561233237,0.013992115653895888,0.011185203164090985,0.0163251304264256,0.012759195212833259,0.01168795871542911,0.0183768837506493,0.014254419848741366,0.009130066729471474,0.02764031937830761,0.01692532022884008,0.013438984446076777,0.02254687025084292,0.0025103807722265396,-0.0016573935367324183,0.002507613707172089
2022-12-22,-0.02405973796205862,-0.025860294843425006,-0.0036649698491724135,-0.000853379910116068,-0.011414780360031188,-0.013166027997830225,-0.020380251056665313,-0.015110732180670829,-0.0349472711802031,-0.0101971047861865,0.0023024053848712455,-0.0174853704719586,-0.013055565517753132,-0.015596482585333667,-0.022290689899044033,-0.000192882631459258,-0.012158929149260695,0.0014301039265097325
2022-12-23,-0.0028020768836963645,0.002264531706843016,0.0025387167737947187,0.007974343088618876,0.004733917369283932,-0.0002025785358950783,0.026101407198606034,0.0304475849160565,0.017274447538430913,0.008222461068974654,0.0028214316148971155,0.009761079574606386,0.0073208830418002024,0.009909937229523925,0.007824499861781015,-0.014769020879678242,0.002993834940783642,-0.0003573342880363413
2022-12-27,-0.013975560621845042,-0.007441855698928828,-0.00028176157566460664,0.0012790371347289127,0.0034978364304040087,-0.010298572432178424,0.013798363941785814,0.012492109905144608,-0.02626569674604762,0.002569406690503519,0.00867670250918686,0.013540299206753446,0.004757915496855928,-0.0020217643811239324,-0.009875782632087387,-0.019971004823258916,0.008394655316543381,-0.00035746202558539916
2022-12-28,-0.031165876174315845,-0.010307839046069472,-0.004349183618265708,-0.006676498717160681,0.005450429844666474,-0.003221840991995965,-0.016562578362192038,-0.014862447941593911,-0.014800706916326165,-0.012026338122846491,-0.013010546050998694,-0.015585161682224942,-0.012644169578612315,-0.01005033585344863,-0.010838815788305185,-0.005909176390965457,-0.004516021698545274,0.0035688831605598333
2022-12-29,0.02793062454610709,0.027254914932150823,0.005081598648773865,0.002702372360636889,0.005721183928052352,0.007482133400238629,0.007537493173386855,0.007542957238717901,0.028435650841172187,0.01471400772001544,0.0041372575841098465,0.003419662200593797,0.011992461148233066,0.011002263579510228,0.0393471139571246,0.011287139756939318,0.005582625260198679,-0.006074701545496323
2022-12-30,0.002465902459339083,-0.004949784454387465,-0.0051382061605705276,0.0005660057128927033,0.006583893302516025,-0.00014560067586806555,0.010022862948118116,0.006539806992549884,-0.0021405644991109884,-0.014302348251669652,-0.00677299975339423,-0.0026680022496998845,-0.002097658384505289,-0.005725206478193493,0.0006650041812601223,-0.011186692767783285,0.004667797774813178,-0.0032310205840871665
2023-01-03,-0.03812226333398998,-0.0010012516483362019,0.008680022934316616,-0.0220065706621473,0.007577482211633406,0.008236705499547378,-0.03496504880367801,-0.031121669771638973,0.02143528072006487,0.0001582854523050596,6.597829311815546e-05,-0.0028425736051337844,0.0,0.0027474185589382674,0.03591050130521107,0.018904154639152654,0.008335827546245804,0.010729716674486352
2023-01-04,0.010261395373331398,-0.04472880084367812,0.010828415696119358,-0.027642161073061097,0.009281834592811655,0.004265627865181771,0.002906297455881048,-0.010689727076881499,-0.007955119163372246,0.012019526742191353,0.0043449706280609445,0.01032826106000649,-0.02007891370997999,0.007842245515686696,0.020864665503970665,0.01360698395969439,0.009367886271703096,-0.0035637956470585303
2023-01-05,-0.010661251430629088,-0.030085785245359733,-0.007410949696319089,-0.029244084674222695,-0.00021999780052607573,-0.011396299547000577,0.022127459298655047,0.0178483637238556,-0.024011613609034324,-0.013413299339504105,-0.012493139322226303,-0.004484684868865907,-0.026876723314645454,-0.022260373452088752,-0.003381702723491482,0.004172130440380499,-0.012529666527329156,0.009239582435124181
2023-01-06,0.036133368496577035,0.011716438474403958,0.008076913425493604,8.163598517190478e-05,0.018954791943133893,0.012488598945663874,0.012014343112787911,0.007504299003147438,0.034991749622502316,0.006508711761186915,0.023533591168356884,0.03508557936530861,0.02797115372532708,0.012268616720231414,0.023973750898330336,0.01822942162280706,0.018534650216822393,-0.01317448287846474
2023-01-09,0.004080538440332219,0.009689269476330517,-0.026249996666647107,0.00012244148341256965,-0.00414079266660285,0.014035718520823158,-0.01881334027071856,-0.007846745213740692,0.014760415583120674,0.0008814178804700608,-0.012289342796064463,-0.009041798904939247,0.001900508957678639,0.005008357714340985,-0.00423909070618615,0.005310082645595241,0.0022426046603113564,-0.006111829198646427
2023-01-10,0.004446496133447397,0.007588254935075806,-0.0023949375652487625,-0.008319208687540026,0.008914071419178759,0.012275620110504381,0.014824576029973354,0.004897225208243948,0.028326669673687157,0.008834090406978324,-0.0009870694711279538,0.015650149445274653,0.0031752828749192696,0.005575009990691422,0.026824743354564026,-0.01668851013559944,0.0036693080958052067,0.0007209805648837966
2023-01-11,0.020892441094259265,0.029789986446212436,-0.0015998175045963538,0.015111580194679716,0.007403980198150527,0.019728003215006205,0.01155977832270703,-0.004783063440949798,0.05645962988107086,0.025769940419866775,-0.008130932253017625,0.0008778230553046208,0.00453215769601025,0.005426461351334586,-0.000752219081247456,0.01612091954253503,-0.0006869704872870063,0.0
2023-01-12,-0.000599475477301612,0.011554484624389036,-0.00504472521369502,0.004590178623770807,-0.0010031528502472968,0.014869150067427353,0.01647483720353453,0.010673429361812606,0.0018911541673349718,0.0026408866866137917,-0.005657817867821169,0.017161354348212147,0.0171854420953612,0.000823190498548509,0.02834017560006618,0.01949087188754077,0.01150157870606878,-0.00977737284211721
2023-01-13,0.010068325347595483,0.003014194102178952,-0.0032812394518802967,-0.01238292790792771,0.024921643780540643,0.010914967088229938,-0.0006184565289526749,0.002706972101907885,0.02947625367160067,0.00405397784014917,0.0071169943558160595,0.013202925805571891,0.0029126907484487634,-0.004595000722304273,0.0019730358258931843,-0.00941687999267918,0.01193036097652025,-0.00036396724493871084
2023-01-17,0.008718193380530146,0.0046707620672868915,-0.0061887470154386275,-0.009213629022499413,-0.015574114160317287,-0.06655124048608722,-0.0019462143440617773,0.016366794610272156,-0.021322330175722923,-0.011172961358823317,-0.002920485283082813,-0.008548389015353335,-0.0203807917233491,0.012440014903347287,-0.011897033912057275,-0.006484680399947041,-0.006566601398746826,0.0029080354922576025
2023-01-18,-0.005384486547728693,-0.019069798314714215,-0.015199637881456531,-0.018391896943460332,-0.030503140033509627,-0.0023747883150685724,-0.020757656821056524,-0.018227050508825608,-0.006161577636815141,-0.011793386280163598,-0.027153428397061113,-0.01351478101420697,-0.03842193689612757,-0.022886453681608413,-0.017438403001194938,0.023942640736926417,-0.002875914802563503,0.0
2023-01-19,0.0004436557301501637,-0.01659079402472957,-0.001355772556260155,0.016906503041101133,-0.013416093901892141,0.004743950369136682,0.006398435743514993,0.00993748177351444,-0.01882259228828847,-0.04037928202406025,-0.02123821774342308,-0.023491886080808284,-0.017683839435662735,-0.014544399664729478,0.023257726263236092,-0.0062794554850642325,0.01574394511065438,-0.002544068247318839
2023-01-20,0.019038431082079962,0.035119568125958955,-0.004670833572059844,0.004860577184703905,0.0024459857282199075,-0.025730927646702186,0.018071440295411703,0.010558586560599877,0.03740026320909379,0.013165653196472152,0.003854379486504137,0.015985485514399423,0.00680426772762228,-0.009366895321538837,0.023375048012138473,-0.01634404815340207,-0.0033409463672588765,-0.0014566644925360199
2023-01-23,0.02322851588647187,0.009776382754335879,-0.002551551599768018,-0.0018714081119121156,0.01608259374679557,0.021130196560878,-0.005218710706935195,-0.0013275806795584732,0.0027725026744602923,0.0015226497043408448,-0.013520380593062086,0.01190276985249591,0.011956156103338719,0.010335066762858834,0.02759869477386172,-0.004719215931309127,0.0018945731734084268,0.001456664492536148
2023-01-24,0.010012775797269334,-0.0022285511263929894,0.0,0.011847776732902097,0.008559460352949704,-0.002322681589741497,0.009268725047659607,0.0009405516747469291,-0.012381503612505165,0.006980776014634887,0.005444210428386241,0.019243798958631986,0.01200821449503144,0.01476883420840146,-0.0009077895953926586,0.01427790552320221,0.003612018041703207,-0.0010922993967111497
2023-01-25,-0.004711848093180014,-0.005925636317643459,0.007104404992434874,0.001829082920236381,0.004827620429164611,0.0037251461496558332,-0.0052858902042147785,-0.009724730023989311,0.008888947417246214,-0.0013544375641814795,-0.0007053678790943571,0.0032167453374347633,-0.0012572535504243845,-0.09115909355077088,-0.01152345522728582,0.002421985348233602,0.004593383653997016,-0.0032840751996743465
2023-01-26,0.014694827437377503,0.030251380728114202,-0.0036643067002221476,-4.060996151325368e-05,0.006162685215146119,0.015157826405515946,0.03940415389057075,0.04749168384741468,0.020774677895145928,-0.01093391975767549,-0.004030125297281256,0.014138855481204301,0.012884174191974358,-0.0024838237491830507,0.04017160638584424,-0.004662882644913357,-0.009096518435259522,0.0025552121935168643
2023-01-27,0.013591571468132483,0.0006449532633972682,-0.003915524698920929,-0.01314235138357163,0.002425973362625858,-0.0035841826505986643,-0.018426197292614046,-0.04542769962625986,0.02998338375632185,0.009135670199861485,-0.0041175693557639935,0.009190054426553679,-0.005844607995118841,-0.010790998251965495,0.029697206441408677,-0.0025270264738743156,-0.0013939615851116768,0.0014571951579300437
2023-01-30,-0.02028242441970304,-0.02220638441318054,-0.037735755498385704,-0.0005350675135953652,-0.008516780769827256,0.010574371550763162,-0.017891126082294918,-0.029692553175444444,-0.01666787441056365,-0.007766352256573754,0.0031252245054452063,-0.011558185092925192,-0.01135524752249005,-0.007037139841242205,-0.03132786314240222,-0.0036614602234546953,-0.0025699773908227103,0.0036337249291680538
2023-01-31,0.008980533049487234,0.0207950084906738,0.008727238724122191,0.027210353049967655,0.005947919645694728,0.02309060516357613,0.021345062682019876,-0.0010338292806939373,0.02533521210931648,0.031111044381969617,0.00966872982640931,-0.03585506399799483,0.013035476429026596,-0.0056119869361418865,0.01290427662357863,0.00796294431966255,0.0036295653660423006,-0.0021786500996087937
2023-02-01,0.007869707880297196,0.01973853439488926,0.009136933881779878,-0.004396758706724528,-0.0026471129747522495,-0.0002734033263323238,-0.011007695113460014,-0.01540362843846658,0.019397573820731356,0.012019891441961023,0.005672880010171403,-0.010959996523892545,-0.008477892782346168,-0.005239482665214048,0.027476984313255546,0.011923554995506045,0.012518165019360455,-0.009496053828924978
2023-02-02,0.0363922015851158,0.04581839378021665,0.0037523496188653794,-0.054092931415314086,-0.004667369260440926,0.010228876694361436,-0.03178805876402074,-0.013808721928839824,0.07120313904372202,0.03503981873909145,-0.007148895038231397,-0.01876925902484205,0.003187638535981678,0.01815319470729486,0.2093074150758131,0.0012933027208067382,-0.020970259778864086,0.0065837838414356835
2023-02-03,0.024107023563084713,-0.023903996947703912,-0.005633817718729414,0.002524262887820589,0.01535579936093782,0.0012983150776333208,0.006903689947852821,0.002600013282373254,-0.08808279559382905,-0.02469997010319921,0.0030901071010504136,0.011610571706836695,-0.022875140880462025,-0.012377878138119849,-0.011937258724144025,-0.015068650856028685,-0.025274569415479727,0.013038938807208309
2023-02-06,-0.018091470800615312,-0.006134512171505137,-0.007622685322565613,0.006798582021032332,0.005865533936195242,0.002294972320224103,-0.001699083798650779,0.0011206465534761014,-0.011772281695949776,-0.006749726731817456,-0.008520878286724955,0.014664311821792642,0.0066383348049323205,0.01118669276766179,-0.002522881716043175,-0.007431481452148276,0.0020732557530042015,0.005740955843588703
2023-02-07,0.019061873594254857,0.04116309768846127,0.00024482801006759785,0.003444947321591535,0.012116266863777677,0.009661910911576796,0.02815098755172762,0.02589386226467334,-0.0006853003352053623,-0.012437705220278041,-0.009807483912911955,-0.0070248552640452145,0.006983984823203086,0.007520320422275185,0.029445041882360537,-0.008058061330452414,0.0009200690700807469,-0.0017905107720482876
2023-02-08,-0.017810432627176225,-0.0031069294488635935,0.0012843645689513945,0.013207149580844306,-0.007055811870661023,0.001867912484421838,-0.008739786447492393,-0.023773969820453326,-0.020380602537704174,-0.013653674237029961,-0.010409656438666976,-0.0031693204471187402,-0.015943824214529417,-0.013897384680145841,-0.043681120896157055,0.004747896109145876,0.0024684992011825124,0.0010746911278973082
2023-02-09,-0.006935527651942391,-0.011728238516917166,-0.013599791159426361,0.00518087747419736,-0.0156860419653801,-0.019136893201161798,0.0037674728051740685,-0.009218833756920465,-0.018256596630910133,-0.016469555406593755,-0.011029790362052266,-0.010461571732521687,-0.01494647194653811,-0.02373678538492285,-0.030499112264515817,-0.00951844231883154,-0.007943859412020153,-0.0014331783179446218
2023-02-10,0.002449440170852721,-0.001974484237949379,0.004636076917298079,0.01738854808386617,0.004405606500460508,0.008900731046478528,0.041287124634694077,0.020740439702684507,-0.0064335172119585355,0.0031324678751809233,0.008790147768861929,0.005628114866019864,0.00625486789939874,0.019864175884608898,-0.021417014249757015,-0.011252823716954028,0.0019053673595467579,0.0032217676005690593
2023-02-13,0.018632041980435544,0.03076474803161534,0.003693448335749716,0.0022231213684228766,0.010789569076141528,0.007352776987636997,-0.0038675010377136653,-0.005598008671173919,0.019579626243534466,0.02184222943920799,0.013006327133636362,0.0019361871242810082,0.014362370494854245,0.01170537440649403,0.029868162912327054,0.008379533740828626,-0.005089069507471404,-0.0028632804105218337
2023-02-14,-0.004233844461939828,0.0031279349870774148,-0.004372062754161828,-0.005100296429354264,0.004409147360807111,-0.0060069904416304165,-0.01178392937400105,0.007631179082849948,0.001606103537384461,-0.015889174707342028,-0.005656002190900779,-0.015390854251766489,-0.011722072052022463,0.0054072007765264,0.00027862138333706435,-0.002304590994474562,0.0007534266779655505,-0.0007171029351239616
2023-02-15,0.013807628693553725,-0.008004912066772988,-0.016614675462814654,-0.0032111238062317348,0.0041811907599891675,0.006862193871773003,-0.003010884463043501,-0.010500621510789107,0.014537744833971739,0.007072253786003486,-0.0023001735272117295,0.01760480302775902,0.0035261142542785274,0.011897898083502625,-0.013010502053077185,-0.009368881008329102,-0.01001463973978058,0.006791804480620245
2023-02-16,-0.010484175763362358,-0.026983404658491434,-0.007115674997536193,-0.007970612400349155,-0.013864797410864554,-0.01112107521137104,-0.0029335655206127586,-0.014542243281549641,-0.030206501079294183,0.0017135828970455335,-0.013183820076876239,-0.008804224715417551,-0.011718786714144565,-0.016379846001987722,-0.027003929175835394,-0.014269202233898035,-0.0008195762079179844,0.0014239945449028622
2023-02-17,-0.007575299073721868,-0.015724742994599326,0.020516106130414925,0.02378385275971687,0.002957123889832197,-0.004602688510173934,-0.039210344244464075,-0.022586109766710372,-0.009726209256076729,-0.010294369606698602,0.020711546773554357,0.005138487161648523,0.010280044620537828,0.005007917688447094,0.002548362319482081,0.007746275926009326,0.0029823711471465503,-0.0007117438024148397
2023-02-21,-0.027042142125038807,-0.021107826524663496,-0.015013316322764607,-0.015691110413084887,-0.018519704811386307,-0.020230398560098176,-0.000988986369715732,-0.011425166737458579,-0.027324674250663733,-0.07322530086744866,-0.0007144898843900113,-0.028988723837142356,-0.023407568292600333,-0.0321940579926838,-0.004638227238978006,-0.019628780325394796,-0.003744008117497208,0.0031988653529103944
2023-02-22,0.0028918275643255585,-0.004601539318336779,-0.0013933753599255833,-0.004937777834871702,-0.007692622139800044,-0.0006371103108664251,-0.013037758242402697,-0.004045438845682116,0.012712258179070712,0.002703617733570657,0.004208130028983524,-0.011784507461580903,-0.006475484705270342,0.0002714809292073075,-0.005594420185226746,0.009122522362373792,-0.005642427100960083,0.003188665237569991
2023-02-23,0.003285176096845442,0.012878427181711234,-0.00031694716709758467,0.005710921312013772,0.007979052503348317,0.007316129426612235,0.009162308391405544,0.009805216946580325,0.00031313606017554737,0.010107371013978307,-0.003207987068101288,0.00025218561023499013,0.0028605015163555188,-0.01105436026469619,0.005361943141413863,0.009724549891723869,-0.000530613460552653,0.0003536693209026987
2023-02-24,-0.018169423547583222,-0.02202513684774949,-0.011221029435553927,-0.015081944040968576,0.008980815886006011,0.0008523626080440926,9.029753033770158e-05,0.0029598591008520576,-0.0245099951603347,-0.008893123698251409,-0.005656812191596454,-0.007508682878141346,-0.015398433744013213,0.0006859181289495301,-0.00963708068875384,-0.013086229942041724,-0.007220675311952612,0.007398307480745571
2023-02-27,0.008213737927208776,0.0037646726347810616,-0.002182285846852775,-0.0020875324069086687,0.008689870642688988,0.004606660371820898,-0.0018075016210652053,0.0025212939598378433,0.002776889534061305,-0.002193464358148864,-0.0008620690187592552,0.016003701847305336,0.002132696066554815,-0.008158533352353548,-0.005001040046845546,0.002769262970683879,0.003912739163053205,-0.005278914246204527
2023-02-28,-0.0034537670195180776,-0.00296249065684068,-0.015345569674736294,-0.015387164292912071,0.008336008482728242,-0.038711992410727335,-0.005806058223133055,-0.01267052397145897,0.005000276389962396,0.0017888790525136388,-0.011420434931967798,-0.0017934232070598642,-0.005053015205146208,-0.0116174586750841,0.03135417081142182,0.004532920650969502,0.004545596539685119,0.0028188884069228234
2023-03-01,-0.014348428726754264,-0.012709727464558684,-0.004512318417415092,-0.0015139411612954128,-0.0055963769701451805,-0.008338378933086614,0.008876869884871182,0.007930157412875944,-0.02210390421309204,-0.019580759417183558,0.0007266914066833009,0.03736455294241111,0.007284869348712497,-0.016465950444558754,-0.008726660042592243,-0.010776907158644088,0.005755580579939593,-0.005291950962366518
2023-03-02,0.0041206019433760975,0.01946259511335687,-0.0007868336909871774,0.005205065691163887,-0.010436594272761621,0.00825512001041679,0.00458860852766459,0.003142234802438314,-0.00043407488473227784,0.007639508900749258,0.016355420597289637,0.014016401973529432,0.008106826728670127,0.032942167898471986,0.006380248688035785,-0.008906738890520766,-0.0005857887813224673,0.005291950962366483
2023-03-03,0.034488499302324074,0.01650906373426104,0.010245790676706515,0.0017986744857091308,0.01819317556053477,0.022629436736823813,0.012577660123497179,0.014655855878534012,0.029623082495041673,0.01836154854141029,0.007262919992422519,0.01233537483942422,0.012114544868893152,0.02218661260724545,0.0596096175390669,0.023937181051331753,0.010665990668098778,-0.0038780235438073763
2023-03-06,0.018369603989628173,0.006169966464911793,0.009949045176452866,0.004628190136281584,-0.0058643005258664,-0.00011202285252293467,0.008825403677343066,0.007308340444752124,-0.01219204076536206,-0.0008044783058112101,-0.004265914752275203,-0.005222969323726296,0.001117148341566096,0.007690788768426271,-0.001891125782908585,-0.007783673959464959,-0.0050565333975626505,-0.0014139274185591645
2023-03-07,-0.01460262335962902,-0.01064547644788108,-0.009494661993181558,-0.014455659931480624,-0.02984871963125158,-0.031205865790489097,-0.0195197396262114,-0.01296202278899065,-0.002135612130421561,-0.025506128743901336,-0.020079117244120395,-0.03135504401696788,-0.007232751949736151,-0.008774946618804541,-0.002111475839507297,0.006113814527212507,-0.01763506788444532,0.01230460242296058
2023-03-08,0.008342413804705321,-0.0017721772877092247,-0.007360397990734327,-0.006945648793311628,-0.0059330179100859715,0.009232560512374864,-0.01471212058790493,-0.006360488692481896,0.003947303359687833,0.009858366963959106,0.0001453805339087576,0.010427286006433363,-0.00025563025818541333,0.006756782462525926,0.00248998721295293,0.0009826079205847338,-0.0004745521503223958,-0.0003494670683570503
2023-03-09,-0.01502697491412705,-0.005454343390396527,-0.01130847028093742,-0.012164637825785293,-0.055656937675058,-0.020828662379656922,-0.00775869895535375,-0.015332603306599192,-0.017941073159149744,-0.01204521974864096,-0.007368262407008864,-0.03169682113872367,-0.013850137731207924,-0.006621198434212675,-0.01789171165230107,0.0024523039403350124,0.009801105795066503,-0.0028001418371117913
2023-03-10,-0.013975953855663432,-0.014893170208522854,0.002443455071374232,-0.006322238366048804,0.025078021680463896,-0.043066855970271864,-0.01244771961900182,-0.00524706057372916,-0.016614219739098983,-0.0058853402450667796,0.004529522647104856,-0.05963687523719912,0.002330339471591361,-0.010220161180552894,-0.012071021430961445,0.0339048174040337,0.021333677400424703,-0.0063291350487304264
2023-03-13,0.013178770528117034,0.021214303771968975,0.00951856728800627,0.007251035547036858,-0.018120541113034263,-0.03781662716711553,-0.011571611016822116,-0.006030547832286265,0.01856353809514873,0.0007332018554295753,0.006900837322698242,-0.010227890183178136,-0.001190383909912993,0.003827755870041404,0.007713475718279783,0.002270363286863765,0.022688830431795662,-0.009213389059241748
2023-03-14,0.01399085713261897,0.026696228981039433,0.005602985535551478,0.0019391124943639497,0.02535209311096418,0.02082689838457191,0.0037474280323059675,0.012833932062036285,0.026161333972728906,-0.0033211588149504837,0.012302755987199123,0.004307575992444005,-0.0006734530265444854,0.017045867272745423,0.07001685413155535,-0.01657812357815581,-0.005807904904608085,0.0
2023-03-15,0.002617973875674228,0.017673340682740787,0.0027897640310916654,0.001827937843047759,-0.04839654086198935,-0.031405298765957324,-0.05102756335514447,-0.044259512509592536,0.013816422422245626,0.00836912511234988,0.014058737658852422,-0.03797896217792208,-0.02545467933108537,0.012927480626086623,0.01904236011484446,0.019126136092739245,0.007773811118121904,0.01062332937060915
2023-03-16,0.01852144643375302,0.039736414533206456,-0.0020753623121718633,0.014059648099440237,0.019227649224289715,0.009246335484106843,-0.005822863725850664,0.00318089138339641,0.0391407483377575,-0.004315301633085381,0.007445946174491791,0.006651858368407001,0.005407424510023579,0.009357564163513797,0.03566485076378453,-0.007853567357606318,0.0020180510240252565,-0.0010572688231666547
2023-03-17,-0.005468889293838308,0.011626573025570611,-0.01076998759146075,-0.005353058920918255,-0.038514270581971814,-0.03734491477091825,-0.011848597819345302,-0.012719083510011272,-0.0109554339608436,0.005772724335095149,0.0002798964403494139,-0.017062112700156517,-0.024079498267422606,-0.0073733052942875155,-0.04654557637352726,0.014897503502416047,0.028704294498299792,-0.005657723720870853
2023-03-20,0.015365219064235878,-0.026104516777603816,0.009860660431047696,0.015764331281433515,0.01051600914524992,0.01954162042848371,0.025805970064351404,0.014596896733685145,-0.012610764092323052,0.0030122068998085973,0.015274892561155938,0.02435110675027192,0.027984310363495076,0.003956744808782501,0.011184092989799372,-0.008836304909207223,0.00038083839311253703,-0.005689915774601671
2023-03-21,0.011873323772520176,0.005677566944171541,0.0,0.006561785607104847,0.02646745363697882,0.02472964681111419,0.043827721694429486,0.0301402279061793,0.02924774834770762,0.0005875339295866597,-0.007261191615021329,0.020709137999710078,0.006718480027038456,-0.008061895247094313,0.02175248905199954,-0.008629326698124403,-0.019055517418337647,-0.0003566969918063622
2023-03-22,-0.009145155345544394,-0.005457189363046502,-0.018627153642809844,-0.00958547344760731,-0.026152889306010927,-0.011443186918048619,-0.023154651613632112,-0.020547365030557173,-0.01916670986452335,-0.02384561624641691,-0.0006248481476031851,-0.022344535629430305,-0.02114690771241917,-0.016456321599530754,-0.011692548067823248,0.01324522674996397,0.016877341867541105,-0.007520178680680508
2023-03-23,0.006945349297986705,0.019529668802366586,0.0005294857487191116,-0.01186775508320517,-0.002676956169275488,0.0037548570813611243,-0.011346275569116156,-0.009981086755862328,0.00010131199036063425,0.004589431200081577,-0.0013899508800441906,-0.002321401165425512,-0.0012831481656015889,-0.004326084886560879,0.022124686767125586,0.0,0.01246020779821327,0.0014367818566180318
2023-03-24,0.008271242092403971,0.010425904589715183,0.01000732559920262,0.01285565860137316,-0.01533297169274781,-0.0072678908427393244,0.001159756581101623,0.00991701089044563,-0.00589312821139437,-0.0031397200046223133,0.02017210666800232,-0.011135411201438798,0.006611946878269932,0.025151827538862623,0.008433109521345874,0.004220404857367811,-0.01131607408218599,0.0060833968240624646
2023-03-27,-0.012369479283637708,-0.015046517821088585,0.004249066697102169,0.012339778038820972,0.028257602317773006,0.0188882180071583,0.021689093646640213,0.010136837302397152,-0.0009175715584902455,-0.006202504422824451,-0.005261911207817524,0.004551627361279685,-0.0009038947847100835,-0.003308412994979206,-0.015507220373599593,-0.023771184170457028,-0.009299848207507622,-0.003216011346398323
2023-03-28,-0.0039882305262651735,-0.004169618629617685,-0.00970117728944052,-0.01952957887490442,0.0030306585736598,-0.0002825878787213483,0.0123991819583268,0.01160383834368479,-0.008193409211989324,-0.0016011674149206667,0.0028052428510842906,0.009859491955740861,-0.0003724295753085462,-0.0026546338933932344,-0.010705891310952606,0.0018193139504074454,0.008155714491480127,-0.003585518363232431
2023-03-29,0.01959738618365114,0.019002263205454215,0.009766406733511715,-0.012756117046835736,0.002015348329821,0.007134394113722652,0.017031141018433334,0.008553197141215847,0.030484916738756085,0.00900427934818419,0.0030698936000275678,0.012817216715366762,0.006100976509632969,0.011496657846999676,0.02300424078669569,-0.0020110133663723186,-0.004973095474956104,0.0025112120803974605
2023-03-30,0.009841319796134028,0.01254090405186965,0.0007824216348911501,0.0074094184063915065,-0.0030245476548041656,0.001308696787312367,0.004852378483556935,0.009466428000703431,0.017305747097592427,0.007033367016022862,0.004349901510158604,0.0068820935703058795,0.00026441735770732716,0.006286857642046257,0.012052712519282941,0.004590673707899719,0.008998997218528126,-0.00466871022080224
2023-03-31,0.015523137594914083,0.014851325641544113,0.010180679961998625,0.005367858855131863,0.012043687612615714,0.018419340645991596,0.0015514490911103494,0.004730464972668786,0.012567752734271046,0.03363051223781667,0.008374466448128845,0.018969204370074204,0.010519768799464736,0.006377323624418182,0.019534662824850075,0.014869810376561885,-0.005225923706158398,0.0035932485667637872
2023-04-03,0.007672131147597403,-0.003718316101309317,0.011864817717628607,0.04469185364110132,-0.0011517642457116643,-0.0018053031844807318,0.05732558328199736,0.040772961692261786,-0.008556201931195911,0.00880498224575288,0.005499678516376098,0.004490862335750849,0.011238411729011334,-0.0053333459744310694,0.005317534470309274,0.004677910537979232,0.007178625563347198,-0.004673745698638687
2023-04-04,-0.003254975748974789,-0.00017409167704082601,0.010401565207422152,-0.0019039137243084786,-0.013458320544803734,-0.011923058201062764,-0.009604226972474612,-0.005368902833759897,0.014925650216675792,-0.009347281608218476,0.004804172848403291,-0.055544992692775776,-0.01218067217624371,0.006370690466475692,0.007714103566333509,0.004959538542782585,0.018469332041745546,-0.003971841295755136
2023-04-05,-0.011354443611099106,-0.00993849165857423,0.0439441267574774,0.0318836359915455,0.0014784269117374498,-0.00347729246039053,0.016982434773927302,0.004956932136799801,-0.027799888277596232,-0.02155558675424909,0.006832757353886035,-0.018191601023492973,-0.00793967942986988,0.015049483340808365,-0.015204422416332717,0.010400316608001411,-0.0007982757668264868,0.002890175422749516
2023-04-06,0.0054808005173093855,0.025212294927051255,-0.0027814747647659736,0.007005625301957229,-0.0010976949504738415,0.0027021587109525565,-0.01672164457840936,-0.01321383253287453,0.00945074960939968,-0.00020787139771286458,0.0063266324110022995,-0.020630019554230043,0.005422635625659711,0.008137362131527886,0.021610832145655845,0.0025832655755520352,-0.007159680081973839,0.0007212405651116978
2023-04-10,-0.01610123859762101,-0.007607740784582506,-0.005038405656619111,0.004610947964496615,0.00328947665033386,0.007909087199468697,-0.004442709515283467,0.003810208812835028,0.0010772169675068626,0.008830993263310539,-0.008311941778611696,0.029952792525770013,0.006385116161134268,-0.006861526285608979,-0.006266702648585545,-0.016255989385740317,-0.007427375371761233,0.005751273941656585
2023-04-11,-0.007620146528197111,-0.0229292489170458,-0.00030433062736030374,0.01117610436074754,0.0049140148019161025,0.007388931874299676,0.0070468776540707715,0.005510961771356786,-0.022268226786010044,0.008889859209904078,-0.0019892586627669666,0.023250995827729985,0.002657151119574429,-0.0011481789874709905,-0.004199726191521406,0.0020581913892928627,0.006300675142582744,-0.003590668131365928
2023-04-12,-0.004362736742249257,0.0023308387439680707,-0.002132911622011734,0.0004222000523241205,-0.00015562991241993793,0.008728633146705998,-0.001040853593806881,0.0035394090751971453,-0.02113858734798482,-0.011400133735260689,0.0027176631582802656,-0.00045341193238864413,0.005396723180388325,0.0031861366409291175,0.0007011803492602491,-0.0010285661757656378,0.004873225699061368,-0.0054102927271331945
2023-04-13,0.03353504687776943,0.02215219740973025,0.013271715571891905,0.009623720949934323,0.003805977641835891,0.005706795686452328,0.004675333192045613,0.01327854320539615,0.04565543413607004,0.005870354488294665,0.004622911416131011,0.005292094581921685,0.013723135723457937,0.003302848531401382,0.029241176265832017,-0.007889587274796678,0.0134251571961433,-0.00471271490612491
2023-04-14,-0.0021162749377505665,-0.012847845048365402,-0.0016267513749278655,-0.02782399487132798,0.0727947161159328,0.01431905490758734,0.0024156685024138147,0.002031754102306259,0.0010736421899026558,0.00013690659585745315,-0.0050863801568211565,0.009026669576562885,0.0033125269173200377,-0.010582109331405874,0.005160250451127194,-0.009188716193318982,-0.017869014060784824,0.0057971176853643756
2023-04-17,0.00012105072064643275,0.009253205480436977,-0.0010256101774257427,-0.012663126131847903,0.00789780095967969,0.008158484507895206,-0.011701108585475734,-0.008853739103152323,0.002241170243811482,0.010926094501249067,0.0003310710176409182,0.0069500413410225476,0.00664285802752086,0.006642845072234496,-0.011945185748588508,-0.011967018502179242,-0.0044636929098097605,0.00504505574672695
2023-04-18,0.007476670342984654,-0.001490029210234094,-0.028531383093667834,-0.001723062723782794,0.011165354410060226,-0.01713250236721411,0.0193409586128677,-0.0023430188790360983,-0.004291852081541032,0.01194596522950889,0.0010586912919553087,-0.00017760412093161446,-0.004711374251281409,-0.003060446153726049,-0.0044419077042394915,0.0035571830032102157,0.00387326322088258,-0.003601012174235581
2023-04-19,0.006944056636863498,0.0002773828942807868,0.009396125258560492,-0.03690813391488754,-0.0012737953745718819,0.008884971985837934,-0.003169031816554023,0.0009378664231441946,0.01936168904914595,-0.006847272750284028,0.00019837989794234588,-0.002445260749459076,0.004458638383797796,0.008140467237744486,-0.010101794890942747,-0.0009601536982735815,-0.00478997713554804,0.0021621630048803972
2023-04-20,-0.005863364889265071,-0.00814540844390984,0.006439567191717032,0.002588173907560421,-0.0029074941589066123,0.005387816467433134,-0.00801003378358614,-0.004874763713132413,-0.004709056801572645,0.005575348626535063,0.0036346192399112406,-0.01065077641938452,-0.0053730867299684095,-0.002409792528639896,-0.012267803177998315,0.008513131906601187,0.00393054752901501,0.0
2023-04-21,-0.009829126077730241,-0.0012240545706208306,-0.005455617785547487,-0.00749529907155452,-0.001919318164859501,0.008671806477885482,0.0031944771399467064,-0.004307172485206249,0.029892627588533564,0.004911387898327283,0.03401865894920715,-0.0036057189649717795,-0.0034111480778732293,0.0030429844712012728,-0.0008451498296428835,-0.005635432078113251,-0.009936896583689857,-0.0010804971318748352
2023-04-24,0.00187679788750849,-0.014061162372145358,0.0060667526818105255,0.010526845842177454,0.0013510152439816395,0.00670928102382389,0.018701710684797066,0.01385811960809394,-0.007036666460239479,0.005318454233086112,0.0017924593497278868,0.014244099295412578,0.003563614217526354,0.0006327912628369261,-0.0004698365052870948,0.009627832817640455,0.003034739228218952,-0.003248513958482818
2023-04-25,-0.009480472101712144,-0.022793930017290336,0.009122486179219493,0.006076319085066599,-0.021983643933422708,-0.013110336441156731,-0.01431517288125532,-0.014627100154824909,-0.03487277401412867,-0.017760555146091966,0.00025580354432245633,-0.021717362602642266,-0.004175796666919449,-0.015555585883341176,-0.024933489383441844,0.014597424526593124,0.00507341330020356,0.004688917520705091
2023-04-26,-6.106310855665426e-05,0.06993160243048195,-0.015619597602998445,-0.01840297301993662,-0.017882484589084643,-0.008638595819194654,-0.009225396290518688,-0.017972242404362546,0.02322436350483422,-0.02827019203014071,-0.011641125769709632,-0.011223152622551011,-0.02616082603862202,-0.04938787553078692,0.00887402393765244,-0.010715395317132934,-0.005452252433404516,-0.0032438305637663037
2023-04-27,0.027999541114949296,0.0315254364364409,0.002334010027151478,0.015450986430173591,0.013368790263524184,0.0148640226321174,0.011882350928653723,0.005827067219093205,0.045072806026572675,0.020138137593202477,0.012152536634962616,-0.00864076731738716,0.03959337207855051,0.023747113768573327,0.13037455258001693,-0.009972066111456202,5.412866384715291e-05,0.00036094568373330716
2023-04-28,0.0075128277884913735,0.007940050536699468,0.004285283570756006,0.003297511537106917,0.008645482306651334,0.005371962001859029,0.012841950519476803,0.009716048179374277,-0.0406057549259429,0.022239212846157805,-0.0005753556171926327,0.02064118719917024,0.006173943566937254,0.010230939187701751,0.007350517559143271,0.01600185637985404,0.0002705993792727808,0.0014424813178106107
2023-05-01,-0.000530550901303531,-0.005548136029275209,-0.0006110602088855737,0.0073092784339053914,0.021186020003023765,-0.008391739426210272,-0.031503399198689996,-0.007980508080781183,-0.0327740176689299,-0.009494588575966882,0.0012142516271224566,-0.007017250801067706,0.00319744477058507,0.002215995171170928,0.011830541292755969,-0.029183756574397948,-0.004501458369891907,0.005032361443715404
2023-05-02,-0.006210649011476156,-0.0004910224824484411,0.00870285138688536,-0.00467096866801249,-0.016279097183285095,-0.021367700225790282,-0.04066939432120115,-0.044006122499331,0.015363973940272146,-0.011554572957823727,-0.0008945687502652552,-0.00980536046231219,-0.011135190543354762,-0.011261085349157566,-0.01633467769224944,0.0246145645485524,0.019112805550955975,-0.0025130151424853425
2023-05-03,-0.006488311103648785,-0.0033125102032671894,-0.013174938969687649,-0.008038055955848026,-0.02139041177714697,-0.014259629554790496,-0.019906174891682987,-0.020261367842755867,0.00019297568566267205,-0.004086085772175383,-0.0012793451494238401,0.0022748912989384727,-0.0015143105211291306,-0.007268914580677881,-0.009280516773439374,0.0055663146697363915,0.008443349950533788,-0.0054063926953480425
2023-05-04,-0.009962871989080406,0.003312510203267224,-0.00455385402396704,-0.004422973874264331,-0.01377289450035753,-0.022742590579787447,-0.01766648741613192,-0.003897145964115757,0.003371060259584099,-0.025328306616912762,-0.004619242190753968,-0.024694931272631816,-0.008828511348003023,0.001590457592046418,-0.014918988856724838,-0.00992775137369156,0.007008327987136349,0.0010836193925741345
2023-05-05,0.04585904898172281,0.017011740319033443,0.0033865984774814895,0.014263251707742291,0.019346390887434325,0.01777056697668742,0.024591403136552354,0.02522018447641888,0.015788169877517827,0.013452416225649588,0.003338258219789739,0.022141125877268013,0.011149517486018917,0.0,-0.0031739250320363004,-0.0033312741986786867,-0.015771695007978176,-0.0014450869569387406
2023-05-08,-0.0004033768458225741,-0.006458927669957882,-0.0022769941219452864,-0.003364072480597964,0.00241043175742817,-0.0015607549875042287,0.003948763109161695,-0.003940090778292807,0.0016549640867425618,-0.005852323862849551,-0.004689566298133243,-0.001395738571990402,-0.007436106804463905,0.007257404685408105,0.0021027794465749232,-0.014113815004989238,0.0012261763498186576,0.0014450869569387996
2023-05-09,-0.010021226738156771,-0.005360201252699596,-0.007793211140145643,-0.004557484999346955,-0.004826687737832453,-0.0053433366291960145,0.0002749140908161579,-0.002886729334263209,0.007437078288981985,0.009161530605558549,-0.010291019918191653,-0.006070813451971614,0.0009135201611238484,-0.006330804578609954,0.0004285959260954306,-0.0035840596314628847,0.007061163898751629,0.003243830563766412
2023-05-10,0.010338179384827471,0.017148536682500916,0.0037186283942200115,-0.0006323627116456323,0.0005130272384609092,-0.006859076511327675,-0.012910544505638692,-0.012839745033786234,0.03293503710507071,-0.005348436689840416,0.0020796783999201727,-0.0015000237190019702,0.0010647198508343747,0.01718413112204656,-0.0012434346118929463,0.009657245502991962,-0.0014294414377760366,-0.001800828870116283
2023-05-11,0.0011229324110416498,-0.007069211021208225,-0.004091252916951908,-0.002676666596160028,-0.0031556185140705077,-0.005689694644204069,-0.018264920252870714,-0.005553619330076627,0.01789857558050524,-0.004646977428724145,0.0023344800172163693,-0.014839591787919396,-0.01187729012870962,-0.010327564176281853,0.011559836108048652,0.0105163493087608,-0.008619825639436965,0.006467863008635311
2023-05-12,-0.005424759378948922,-0.0036828884426654126,-0.0013052803547907899,0.005040878438269805,-0.014436674941850565,-0.003811194516687642,-9.453136075904873e-05,0.0025572191408820247,-0.017263510918653295,0.00961678921103404,0.010117695460580908,-0.002335725732478308,-0.0018575856734467722,0.024147609771650435,-0.008432758659728243,-0.008404213347395786,-0.0017115049372268484,0.00642629844666284
2023-05-15,-0.002901580494296244,0.0015846582556119475,-0.007679618175396502,-0.008935842465402868,0.008391242198020498,0.0080116394050644,0.0018889314260249093,0.0036963906720851657,0.008489168654944423,-0.006666576218118174,0.00032054364499430765,0.008316945500615947,0.0035573465705770403,-0.005401942396970338,0.021368786517046143,-0.010411739673817318,0.0021389238677067854,-0.002851035431341557
2023-05-16,0.0,0.007340663999672168,-0.0013170687717530688,-0.014774007057653284,-0.00675201971598206,-0.003919865646085226,-0.024568893204177995,-0.02375316850975576,0.019591009477169793,-0.021757124978605984,-0.001732157610474594,-0.019547087039965598,-0.013992765621148335,-0.022168074296008273,-0.0001674761349514731,-0.003008688637809187,-0.012578106055822828,0.0024951002056845294
2023-05-17,0.003596708831475029,0.009386742399901907,-0.002198976791822322,0.010554461241552066,0.03028423684696645,0.028788912723173944,0.02218669187759583,0.014229591368098118,0.0183491386681964,0.035011928025589216,-0.004246837345881635,0.023373351185125728,0.02275463859970951,-0.006614655682527879,0.015229722689067767,-0.0029202785288999404,-0.003467898354936639,0.001778410568363955
2023-05-18,0.01357356780386276,0.0142922814810439,-0.0032129047700335004,-0.011576412422760836,0.00755535164468983,-0.0018188437172202013,0.009022331966464604,-0.0012209621410277439,0.02268447367106871,0.009429054625504103,-0.016579814791066214,0.012276992212798274,0.011312165673522891,-0.003190643494453269,0.01784101191068528,-0.007436433486398118,-0.013057797465129669,0.007434978490877766
2023-05-19,0.0006281945328430192,-0.000565273387478192,0.002709601833871021,-0.0008559052764732224,-0.002296541844488638,-0.010461718340352998,0.004621995682427082,0.007890352667501658,-0.016211959165451147,-0.014606771200948849,0.004187117664713329,0.0002793946469121297,-0.004550058406043024,-0.008289925801259514,-0.004913815243668523,-0.007096422447719565,0.009850139836733374,-0.0028258584687613133
2023-05-22,-0.005495777514906305,0.008881719631584252,-0.005363296447464554,0.003752193179015529,-0.008297006581626985,-0.0037784000594723844,-0.012214325974626643,-0.018136812032311673,-0.010723963362975611,-0.0007566117910912454,-0.026528860366086014,-0.0024240175960607694,-0.0021304664643427315,0.0013417417823795971,0.010851187533483738,-0.0035671857088986954,-0.002344283477868085,0.0007072136081018849
2023-05-23,-0.015271004769887292,-0.01860401843476541,-0.000382555475088777,-0.002458180934976441,-0.010487314820036975,-0.004163524341653933,0.013530981859700053,0.028518858630825043,-0.0001739130439166797,0.0146177466246672,-0.010852453921743914,-0.007260495158817404,-0.010002635069924933,-0.005647453493487145,-0.006383086351330976,0.002874562121870507,0.0012000874231062157,0.002823863507782658
2023-05-24,0.0016307516722219282,-0.0044825304350485685,-0.0009570294542403353,0.0028950211313151382,-0.009193607211310793,-0.011688404386635997,0.011122129698461984,0.0026741388663365988,0.015189728488433328,-0.013105095071110875,-0.008302756284364032,-0.014251797767617855,-0.016079761184418825,0.0010781672210543347,0.009960763875854631,-0.00496131202277991,-0.008101199268090591,0.0035186524657667474
2023-05-25,0.006669978038098484,0.03773678771505168,-0.014466449605974029,-0.0065308568852591,0.0024353356937113334,0.012646007363483418,-0.018101314870383436,-0.017381703039073302,-0.01510276818575663,-0.015056094742009054,-0.006444558161120658,0.0013343501791806766,0.0021346947944804228,-0.0115154019217069,0.013867526475999929,-0.0024899171263484793,-0.009664578883931305,0.004555816538687703
2023-05-26,0.014006313582417954,0.02116015260034683,-0.0003886513844826095,0.007964846843571242,0.00931740719553516,0.024792012127132574,-0.006551796687778555,-0.0031104224140140733,0.04347586120314892,0.020981479845577817,6.877815628217385e-05,0.008630145080456534,0.007668034049045282,0.013500230414797325,0.036333722868368876,0.008044935875821493,0.0039875994354049565,-0.00034971149365925307
2023-05-30,0.010603110138727634,-0.005059489786811567,0.0001295672455409401,-0.003474212175851482,0.003790092000653673,-0.0035604406693778242,-0.008899154467282093,-0.006250020345141577,0.012822279326160396,-0.0014695079794131414,-0.0153859851316977,-0.009011206340880689,0.004120531196923966,-0.016779603837240847,0.001830105742006616,0.009941516004344831,0.006171498538798851,-0.0010498688610118025
2023-05-31,-0.00028204766791325205,-0.008550688847344012,0.00445982059706737,0.015283259768152367,-0.012812709600846427,-0.013481025185567007,-0.018039476677853498,-0.016461819031157163,-0.008916835831299739,-0.02374060351476792,-0.0047605802594871665,-0.0199693872694381,-0.015279333893929771,0.010537216895165642,0.008345394007895027,0.00867917096715895,0.0015369417889876387,0.0017491695889353643
2023-06-01,0.015895560519736073,0.012678506214884443,-0.0033591762857245115,0.01302943387031562,0.013685310004682242,-0.023427590283744176,0.011482076131583363,0.010172490123623356,0.01799925313148899,0.01727798997578957,0.010193483502189358,0.0160072845613821,0.011726383527681435,-0.006829694625953271,0.02936953876201892,0.0039058199621072186,0.007867173443413986,-0.01195513535460359
2023-06-02,0.004764024078021627,0.008443416729399106,0.015601741781668736,0.011981496722319514,0.020788376745228595,0.02265544909799208,0.022954336068920424,0.02658868777167673,0.01198297878398968,0.02584300032854435,0.01762645470017525,0.08064960759251198,0.025414522589420317,0.012124663211037235,0.0,-0.011018589368266399,-0.014857322169192451,0.010556044535015923
2023-06-05,-0.007599958917436919,0.0016087231998889928,0.008563597007266048,-0.0027862150579296323,-0.009872737223807226,-0.005701375714126552,-0.004453928234846233,-0.004811248335847666,0.008415196925284498,-0.009642883357730253,-0.0039663595735258935,-0.01852647065608101,-0.008433754506758134,-0.003526862038851152,-0.004485301637374949,-0.0018646651466472197,0.006002385928022245,-0.0017516206948846758
2023-06-06,-0.0020624885368247525,-0.00675012270019152,-0.0008846762027618898,-0.021547660493002004,0.0017957839825883286,0.015387053708431802,0.008134740280980853,0.0017989082911131493,0.010400633630139251,0.009845606607363054,-0.009985277331819269,0.01874707024655523,-0.004269166882273202,-0.002857728011290196,-0.0009953734393726322,0.005876608488870846,0.0010974540170842428,0.0031507115144723446
2023-06-07,-0.0077864998627634316,-0.03135434757704154,0.002147143230975018,-0.011220082644388871,0.00964189878789065,0.0270184724174558,0.022173444308017348,0.02560180385643371,-0.043421927773669725,0.019073691840836307,0.002143178946317494,0.03838387384450221,0.010386940089916466,0.010708336822420004,-0.028128724670264702,-0.014955020948377078,-0.012083238962654489,0.0003494670683570455
2023-06-08,0.015346711534704778,0.0057967601885680125,0.010916728027671773,0.016660881502665908,0.00028427261866054604,-0.0008343017677906471,-0.003137691758496593,-0.0036982522481120595,0.02460609721824614,-0.0020239227865464326,0.011262308300345726,-0.004680859610445869,-0.001210470717842471,0.009794134774556386,0.0037108604057770078,0.011629183979556514,0.013124705880590469,-0.008068803642832079
2023-06-09,0.0021574981401529243,0.004692900262310808,-0.0015611830693294157,0.006891321677193387,0.001987648841130956,0.0016381483657889474,-0.007421872829307709,-0.002389186927309962,-0.006621471220900701,-0.012499327225908737,0.000819112673940167,0.002470820035309737,-0.0013129988760565855,-0.011143298497924796,0.0013974659043500838,-0.001372683811981252,-0.0026880999262516698,0.0031651160574332725
2023-06-12,0.015517789109904194,0.015365296829352927,-0.0006876934406594194,-0.002088805375133597,-7.09194709872813e-05,0.01027380948268372,-0.009073538701879902,-0.009677800952539908,0.025121321048519565,0.01173514411730339,-0.007877562401003133,0.012137251738118795,0.003077779366708208,-0.0012158056212729265,0.022762176767643336,0.0029391615156717987,-0.0008793141916313544,0.00035106196408636186
2023-06-13,-0.002615092746438214,0.007325820135108425,0.0052395329443757615,-0.0026018919040263094,0.007208002375962151,0.008827166218249452,0.00018791694175406665,0.007472172557506168,0.000710816283927242,-0.002595934496254672,-0.002409888589662249,0.031202100869970884,0.013062921919096367,0.0049888865016416905,0.0009956303715491551,-0.009929787139554195,-0.0073947690868009655,-0.0031640033412015005
2023-06-14,0.0034852728195809844,0.009082444102986458,0.005088437910393041,-0.06615319779590119,-0.003738849546210996,-0.011983930061696214,-0.012098446248138462,-0.008998793298518817,-0.0018966340441314942,-0.0012337653075164064,0.009331754282794154,-0.008675068726610934,-0.002938029651233166,-0.012859737285179437,0.00745408926334189,0.007971306293872472,0.0005537405313430638,-0.004941767911661394
2023-06-15,0.011136454157927068,0.031398470987503785,0.01334213895667985,0.01705462678960844,0.011244759710421099,0.003892891550660004,0.006917819580985527,0.007546727005290103,0.0054431562624249665,0.007677899881581626,0.013768996991523477,0.01771976545683998,0.01588159539848779,0.012994227231977068,0.030551026938229576,0.009560115734927184,0.007005958872772895,-0.005677800913608829
2023-06-16,-0.005877136588801621,-0.0167146107028672,0.0030491546977750267,-0.01601107355108232,0.0011873582679411804,-0.004217984279069327,-0.007203139854624018,-0.006465129953780749,-0.01282677918436086,-0.005444900570099517,0.007315714362129313,-0.009737570349455616,-0.0037374029241647524,0.016405836451196244,-0.002949382945736588,-0.00389105549252654,-0.001540408512772686,0.0017777782442693773
2023-06-20,0.00048657855168474833,-0.012581370577830731,-0.0006090876054344257,0.023495498190166057,-0.0051086573198202805,-0.02269053897862807,-0.02319083964617489,-0.02302796810267614,0.0023082749931405784,0.0034231243647079488,-0.00927114467385753,-0.016940498044604572,-0.012742815658721117,-0.011041016716677853,0.011780866091885625,0.006896244124422572,-0.01040465416019603,0.0028378876802021887
2023-06-21,-0.005691534999542454,-0.013371054317959326,-0.0015243440653580488,0.015558265082479815,-0.001474460508955418,-0.017231552180454125,0.011133277298321342,0.0077781050677468815,-0.007581537452397691,-0.0023583741476284003,0.00860220358285239,0.0013675074129389788,0.006961738708770035,0.013551423003519988,-0.009505875774499769,0.002416978021845625,-0.0014475005311058904,-0.004615665924471675
2023-06-22,0.016390274182376447,0.01826955325361335,0.010561554926869379,0.004812731616382979,-0.019440129768594102,-0.017032910041952638,-0.005502741114658507,-0.014568415828468488,0.04173481977761478,0.0015950026642358888,0.003406930714236002,-0.01729294169101694,-0.00571501120681938,-0.008614459210024555,0.011438379318434128,-0.012143734991795078,-0.009966487872655187,0.0035524016009145392
2023-06-23,-0.0017126957730067944,-0.013902080936793189,-0.000845666012078357,-0.004288485208403314,-0.00524369983589297,-0.015356053850920778,-0.008750663520528022,-0.008487172232327153,-0.006320354013421379,-0.001229256454965401,-0.009986343505534751,-0.01229402062865856,-0.0027948313841760003,-0.012860190631811723,0.0134239563982745,0.009920330335326459,0.00275350683931388,0.005305052232670202
2023-06-26,-0.007581700519696215,-0.019349025932557253,-0.01124256015284165,0.004309359638242592,0.0024456924863059393,-0.007495211065659961,0.018288767528532188,0.01742249990322531,-0.015585135841808906,0.02326374012184902,0.001009863081088299,0.010649456805430554,0.012367604930272733,0.0016165974147832,-0.03618166173085522,0.0010639842371905966,0.0017381070227518024,-0.0010587613504590067
2023-06-27,0.014946840287129276,0.0180049196352569,-0.002080020326598654,0.007279414852906585,7.184166102699548e-05,0.0034834889252570635,0.0024899457416868304,-0.003121547699917344,0.014424639018982477,0.018822041102497356,0.009443193770828332,0.01566065001978279,0.0037445845882530257,-0.005128216366420299,0.03034608297664206,-0.002613621351646698,-0.004604163102477252,-0.0024748112314766308
2023-06-28,0.006307831468571837,0.003818506474583978,-0.0020229891957000666,-0.01694902695991948,-0.00439181381987168,0.0006697389864129777,0.008097210231712738,0.009012866975982366,-0.00108434678737333,-0.023314236156613054,-0.00019999333408129933,0.004890593302260408,-0.004139568300737262,-0.00637939048444107,-0.006150209832014358,0.004255737151871436,-0.0023100553980644886,0.004591214138231864
2023-06-29,0.0017949534965257254,-0.0023848572936538055,0.006971226177965802,0.004185558592967967,0.034327177225150385,0.029621325475140518,0.01225852220126726,0.008484431921561692,-0.008873725232156357,0.004264815280118921,-0.004075230278583737,0.009750956690601819,0.019415236850614345,-0.008615437906847774,-0.013267192943964081,-0.018213310869797484,-0.0010723256382113141,0.0042194155434589565
2023-06-30,0.022839662116223434,0.016252818573174614,0.008616035341175863,0.008776752123115924,0.01391651912336227,-0.0017037626291281306,0.00514139950044494,0.0070793369422064096,0.019051145384563806,0.009119488871566404,0.015675134981134698,0.007383418885509849,0.004976216273839385,0.018910841766946723,0.01917351308254995,0.011725754830857006,0.006641177043062548,-0.0042194155434588845
2023-07-03,-0.00781516800192454,-0.007516283745800657,-0.013196895390031303,-0.005758894186726766,0.008012369520693369,0.01253963900899826,0.001956127492521898,-0.0008901323073615158,-0.0010745261606448441,-0.001997873896105957,0.004996066137780058,0.005188710007500098,0.0038480085960030334,0.0024229383243528978,-0.0033507884754131554,-0.005672596585747169,0.001121264904153845,0.0010565241364117587
2023-07-05,-0.00588865403151339,0.000473274774165488,-0.0033112613039491,-0.014034578690784639,-0.006638176642305787,-0.020289564973179523,-0.005131326275293403,-0.005741276295343713,0.001227935687677213,0.002512806966201309,-0.0017063730595437356,-0.010159385170069125,-0.009017976384068998,0.0076341360516651,0.02877574104383505,-0.009547786493454606,-0.0035362502119827763,0.00456541618138139
2023-07-06,0.002505612837000755,0.00918436881941143,-0.007459730656097135,-0.003955011640713892,-0.009935812153211255,-0.022274043047772855,-0.03803537161239558,-0.022187914975440544,-0.015614447254737042,-0.028656378145764775,-0.0016434937800125938,-0.017511417583593418,-0.011792359632131948,-0.02608784832217552,-0.00811792438198222,-0.014243978063861091,-0.002984656587044023,-0.0024557107611992857
2023-07-07,-0.005908668397141292,-0.011938416490548278,-0.014648851634864384,-0.01671467791869946,0.00785954315328548,0.006908985248709661,0.002329193599265501,0.008726854472222415,0.01100189295136613,0.0026123057693743417,-0.021211606808946515,0.018939960100925614,-0.0036830645407849396,-0.013373053780859975,-0.005012713922845676,-0.006037450418826756,0.007472994463005274,-0.008465659022003136
2023-07-10,-0.010915239273181849,-0.01611274676734703,0.0016313217315731187,0.0031796529173594426,0.005596062826134808,0.0041162745729637846,0.01472242131837953,0.006656566409295019,-0.020630524230991387,0.024369569505779093,0.0004031445324891225,0.014696918316606149,0.021801350090060633,-0.004730114551699848,0.012213004376332414,0.0013112110413437603,0.0007833921278040774,-0.00248271097803828
2023-07-11,-0.0028139868315741547,0.0019268408790617509,-0.005532169763625083,-0.00034559475038177507,0.015517965291125592,0.013838771099936331,0.012152432855814736,0.018317517614933523,0.012895337148006333,0.010834481083449627,-0.005253598666436078,0.01610687454262068,0.004754252958086991,0.00667132425617937,0.014146322100124776,0.005127442993303489,0.0037406179339097047,-0.002488890172090501
2023-07-12,0.008945408333904097,0.014126595666258132,-0.003473212421089125,-0.024471202205247188,0.004939618258203732,0.01705640162798864,0.004895048840874318,0.009567041752059895,0.015563916913060876,0.012231211768758531,0.0051864191962638865,0.002961795037316359,-0.0010065908582562017,0.01757562748153426,0.03637482794990996,0.011069671750358466,0.013450511363193543,-0.011817505477594288
2023-07-13,0.0040493337132107695,0.016062475777292865,0.004607285122925347,-0.008783201719667205,0.004848167869541185,0.006961009973081328,-0.018481310742707653,-0.013432331867022723,0.026406664506093643,-0.009238817850644968,0.0006715916979935417,0.00887219732552434,0.0009107687038625844,0.003261315569548212,0.013071241907401667,0.010457869580206464,0.0007145016655062433,-0.00686791060204056
2023-07-14,0.0007869265678680347,0.007501125446460197,0.006652465854885393,0.06990516692556284,0.006027342115168064,-0.007604599385045569,-0.03504349237294777,-0.025267344411420544,0.0028254907636818217,0.006021250960015047,0.007357892726687408,-0.0009384531850365531,-0.012390178994912349,-0.006943054234149914,-0.014591761117862565,-0.005906110287210288,-0.0031917262402442596,0.0018119229436800637
2023-07-17,0.017157538496265952,0.001418296256344307,-0.005016628067000814,0.008109974447502218,0.02381771833207713,0.003091571050826909,0.004349552132544709,-0.0009119927669140887,-0.008350779217419963,-0.0014228126659853661,-0.007089382286680003,0.007172401527919248,0.009799503970853423,-0.00740439417356644,0.005649823742367897,0.0004935103494029868,0.0007162732061931064,-0.001086759750062342
2023-07-18,-0.0013411742444161742,0.039028236754677335,-6.286738126028478e-05,0.032357916108182984,0.001823867102986444,0.030312191788330115,-0.004547709271231145,0.0020182955511309406,-0.005480699931041724,0.0022439604236940427,0.001877557045537399,0.02436477883894262,-0.014126305246784196,-0.008430704347845448,0.0045931312381234,0.004528904068077062,0.01139114179275627,0.0007246377129967612
2023-07-19,0.007046810530533604,-0.012343244162303556,-0.002013845866312004,0.007372754329403018,0.0038322933460313282,0.009678161170277375,0.00691224239227202,0.006095207562175453,0.018867780713501207,0.00855028470722487,0.006810014301072814,0.0009093320822379181,-0.0003898445548444355,0.0006937218454233432,0.012610427275670005,0.011233329357577126,0.00016334975942239704,0.003976148378267761
2023-07-20,-0.010148710344747366,-0.023393046217864536,0.05895568624690861,0.0010714924532471703,0.01224242094377837,0.0298253258135353,0.017461303031721064,0.01099371386238184,-0.040711185057013585,-0.0012214793946529752,0.00802348445463594,-0.006337834287314026,0.013506849737770082,0.027361488010199705,-0.043626467667962465,-0.012216130419071845,-0.005076291569968975,0.005755411571644243
2023-07-21,-0.006180714094971395,-0.008977240875705667,0.010692130096924587,0.004531206739781958,-0.007714599495340058,0.0031302492764540843,0.004630977884887834,0.014535785463790956,0.00030773965468286355,0.004315473581004388,0.015618624523257097,-0.013263100695278054,0.0030727890512362876,0.024001152099884255,-0.02768366071787356,0.0002949417511286775,-0.0030691682538107317,0.0028653314737936758
2023-07-24,0.004211189254091859,0.0038903776855491383,0.005215823352396544,0.004235583207980694,0.019492548793150304,0.01960985062638351,0.015567861327256202,0.0195319928045519,-0.009273636785329102,0.014374918367295073,0.0031989581707001853,0.006653538916279165,0.003445638937289506,-0.005284028146998917,-0.009046437170577381,-0.0036437087933372794,-0.004290671635627603,0.003570157309335612
2023-07-25,0.00450346284839762,0.016866034993194525,0.0076280685483162535,0.004413459366262755,-0.007496382224234984,-0.011855021624037192,0.0015151518047916161,0.004562558010330999,0.002558835188306981,6.151574825864407e-05,0.002343751072947056,0.010317871485615493,0.0017183775111210607,-0.0007950179295487963,0.009759837231192283,-0.0018762657946276846,0.0055523630177869,-0.0010697094998575905
2023-07-26,0.004534687766797571,-0.038364051302065424,0.0019124342996939398,-0.005751146940361982,0.005976240051321765,0.008030818439875931,-0.005598534336537465,-0.00753322488083468,-0.007618196048479997,0.013624355418028576,0.0010399065022412216,-0.01437435872643619,-0.0067952599136113226,-0.01428500360902285,0.01382728087244903,0.0009879471259791443,0.004867254146836145,-0.0028581655760995853
2023-07-27,-0.006602726969270597,-0.02109309454968022,0.005600314858867987,-0.005467676442415239,-0.011090686693937693,-0.00856662590042172,0.0031352455493638596,-0.010467385291300523,0.000780031240798674,0.0003640224520002055,-0.011958972782721363,-7.742634822735028e-05,-0.05858298798062178,-0.014901386544439784,0.04306885718591924,-0.01964464629251381,-0.015836688617166746,0.009259325414446051
2023-07-28,0.013417499839117566,0.022867875386285777,0.004538020827900926,-0.004602543486903816,0.00568818841100414,-0.0036171514839749607,-0.012024192966637873,-0.004960296485704702,0.03041008347112654,0.00502209562836518,0.027876821362625794,0.008212410970268414,-0.006230867962573248,-0.005748715530493356,0.04322774743965465,0.005122807647126214,0.007949694069274127,-0.0014189431258754442
2023-07-31,0.0031610100756918904,-0.007266934944066061,-0.04064768218788358,0.006856399719818128,0.00666944384739548,0.007446092787245569,0.029141134907447002,0.02970484736728699,0.011057316765132965,0.007426260433690019,-0.0007035272583210568,0.018037018669261724,-0.005445405421485797,0.006158076251849098,-0.0213646183524977,0.002401682331134228,0.0026907569569222783,0.001773364534664273
2023-08-01,-0.004310626358194335,0.0012495167188426432,0.008085175724434417,-0.003224182160233975,-0.00495019098045981,0.005185061855639692,-0.005798201972818711,-0.008344630578593063,-0.014998208565009628,-0.005316046217587762,-0.00031994881142125876,0.0848437517657833,-0.0033538897821361437,-0.015536161808680738,0.01281768963588085,-0.016473964152050134,-0.010418770688334572,0.004596083751943052
2023-08-02,-0.015585667833907852,-0.02663449801925128,0.006021269667871026,0.00011886601837270288,-0.011389207504873437,-0.018679474303572287,-0.012552663526466007,-0.015961584718947527,-0.026781131157519397,-0.01080895214114926,0.0021736359409742236,-0.003748572644797403,-0.003002228042994809,-0.003609109969745972,-0.026374327078976443,-0.01075664727935754,-0.004776990698255528,0.0035211303951575533
2023-08-03,-0.007348567271211522,-0.0025681804503642288,0.004287189065358162,0.00011885189071230338,0.006094645970398645,0.005850128858889858,0.017231253514605145,-0.00037570445020945157,0.005444941890404069,0.004101167744394832,0.0026148807908370365,-0.02151149695210785,-0.012467233284830109,-0.025492543073917656,-0.0035697249062554702,-0.023341687000815414,-0.00033413153955679886,-0.0007032349055137519
2023-08-04,-0.049211344028556155,0.0034227770107557345,-0.009420700855536217,-0.004227916459653131,-0.0021128797434651087,0.00016988023482837123,0.0027966830945036205,-0.00225719576653153,0.07945178106553956,-0.010422475037783728,-0.011015866487466872,-0.01796101268698805,-0.006847177283520428,-0.01335555142810872,-0.007885667225384049,0.01755714447962772,0.003613825410180467,-0.004936540350303128
2023-08-07,-0.01740427480732538,0.007083280614761486,0.02373408887453748,0.015807407797550774,0.004731769171372118,0.006602919105276737,-0.002050135840826992,0.003634089212317606,0.018808886934818966,0.008358804006934851,0.010506182480799087,0.01867136611769585,0.002059080477620886,-0.007691787432412274,0.018588429175949724,-0.00989024771113269,-0.0022779685934696445,0.000706713810457303
2023-08-08,0.0052976563322656945,-0.01237518841121293,0.0004620538373467042,-0.009600703293134073,-0.0056294928607930495,-0.020744684122149415,0.004931848268943614,-0.0015021596363549593,-0.01616139513762117,-0.00414016238736578,0.0010827681705627094,0.004392964162594424,-0.010338064239953681,0.001019293862721531,-0.012460428223040719,0.011546391346132145,-0.006361273613350827,0.004581505810018139
2023-08-09,-0.008994725298150718,-0.01178516756131132,-0.0006353790825482917,-0.007440731968836331,-0.013498445018882472,-0.01612307883736034,0.016844247489127714,0.0013145130372733337,-0.015047621847945003,0.0012194751673295673,-0.0012739666669423354,0.005780566658385796,0.008437525182004744,0.0030516626166566495,-0.0240523045809959,0.005157841019699669,-0.0047695290034220714,0.0007029877267911344
2023-08-10,-0.0012353999774900445,0.0021700051917415896,-0.00521377614877885,0.002724770229481523,-0.0014966653191852174,-0.006704851714840151,0.005098335879792569,0.00604947430952903,0.0051373073443194105,0.003619170325485204,-0.004984035876192319,-0.0024984617554577116,0.0027967618027712484,-0.009183068686466211,0.0017350032995061266,-0.016599613440387462,-0.0010692479704105609,0.0017553102611694575
2023-08-11,0.0003370786552041435,-0.005963306176875163,0.009710497665583346,0.008957143000836332,0.005779049232190731,0.0009689780977050206,0.015409180765197731,0.02043273744008971,-0.0010831499055144569,0.00517782870933048,0.005812298800968907,0.004920577902371405,0.010173778483104374,0.009183068686466208,-0.013500814238421852,-0.002304148484798889,0.0,0.0021023133184778975
2023-08-14,0.009349263341477872,0.009394689669525905,-0.002361140202473924,0.005731462094766865,0.0020697245595299595,-0.008814006092986406,0.0008044693172581446,-0.0007313060231180904,0.015485290435063885,-0.003509518623330307,-0.00786423924541277,-0.002386971085668781,-0.006102391497906462,-0.005237137370279789,0.014971570962639166,-0.002204378156228517,-0.0030451723751665867,0.0034940636532214105
2023-08-15,-0.011263462777602321,-0.006750296572097743,-0.0028870047193458744,-0.00833321777544001,-0.02578676914395153,-0.016509069629771105,-0.025794452417084435,-0.029636839792252418,-0.020846068268822782,0.0066154389491856775,-0.006439586938338776,-0.02552148627063219,-0.009064226804166995,-0.017806371432560388,-0.013944383543231319,-0.006113648218247319,-0.002657996757870123,0.0003487358382080296
2023-08-16,-0.004971480778020049,-0.0024263551270436476,-0.0031853616250274146,-0.006196505845417057,-0.0042522155629593555,-0.00937525768556214,-0.016970104217865586,-0.0038380517118734095,-0.01906635450217899,0.0026760092340752757,-0.01025983025854801,-0.010364664793778006,-0.0069999484312272915,0.003113189083135611,-0.02569576502476952,-0.007854832870978604,-0.005792837643915795,0.002785517121916909
2023-08-17,-0.014662099100156511,-0.011047061880455844,0.0093534169201757,-0.01924832864829538,-0.010441163056772194,-0.004842919475681323,0.019186580929398067,0.016443522836032648,-0.00810262749255129,-0.017416502391600187,-0.007205586004124779,0.002401398330622107,-0.0027384772929543444,-0.0007403568858751192,-0.03176075583755706,-0.004271685264881188,-0.0015390318539283355,-0.00034776561154739247
2023-08-18,0.0028121341958469346,-0.0012631048793624703,-0.008773505050707307,0.009028678825006643,0.002284947230808374,-0.007939347397242849,0.015015847051006571,0.007172960740908522,-0.005688638095088029,0.00027495608508214557,0.0028229134129432116,-0.004991175634877288,0.0032209604827409632,0.0047288399039195385,-0.0064750199832522325,0.0035254563515364564,0.00017112055484813594,0.0006954103202208546
2023-08-21,0.00770705724534984,0.01691875684359652,-0.03025183611930579,-0.0015259208679300898,0.0034176612259466162,-0.00887191092573885,-0.012160149841030688,-0.003361766223950707,0.010899697307840328,-0.010162345873534475,-0.005060639764778211,-0.0038422881412794626,0.0019810998901840828,-0.01111863800219618,0.02320613601939285,-0.013420138068317284,0.0027339539726612314,-0.001043296910762899
2023-08-22,0.007873833411324872,0.0018002922577625704,-0.007979164630551492,-0.010787765473689651,-0.02095662444440957,-0.010205284794315778,-0.005627061570404674,-0.008265544866076648,-0.0031978609038997253,0.001295217129987671,0.00039525692262063036,-0.009393199186970356,-0.005040765714207996,0.006537913331888912,-0.007965410080586122,0.007644720945299691,0.0016481490474621072,0.003473431762492927
2023-08-23,0.02171147094779474,0.013981073361661942,-0.009015338628133675,-0.005907654330479902,0.006740451052118317,0.011043286674637977,-0.008827002725553078,0.0013195515437442564,0.00941549751477037,0.004949515922184164,0.009309100921850014,0.010419253731193966,0.00573589714877598,0.005464898025621172,0.022825135008865956,0.02447544965266564,0.010113366235017948,-0.0034734317624929966
2023-08-24,-0.02651903655432584,-0.021732929498285314,0.003397855341470147,-0.0027415775094045704,-0.0009504413476028837,-0.0073798774896469185,-0.007494180273804815,-0.008260080382719708,-0.027530164742582797,-0.010791249814262003,-0.004643718079692347,-0.013755679439835532,-0.010316016694785417,-0.009917926016695906,-0.025785004846251316,-0.006615933818733138,-0.00022488334271413213,0.007970931129793123
2023-08-25,0.012563899456180968,0.00936316040182278,0.014134298397455483,0.002087555249369333,-0.001223324877712412,0.0005936479841941145,0.017707825236314173,0.007443420476260792,0.01071304097322951,0.0008366256586761645,0.00653426266344469,0.01203277353550386,0.006137961444611758,0.010948474507906165,-0.004368726913687452,0.0032609296243242573,-0.0012940615641061247,0.0013797863522972088
2023-08-28,0.008807191821991883,0.0022267591314891395,-0.011859520617540496,0.00440637187860853,0.0034622077286382983,0.018015716627586123,0.008371328958245177,0.006826820112898862,-0.0009009009618335852,0.009402476902401619,0.0015618902040922475,0.008148396231309066,0.008445183551451622,0.0008824827750641054,0.01653504394628762,0.0010496484631855839,0.0028671839740354852,-0.0017250306180866715
2023-08-29,0.021575869210327867,0.014445666852289443,0.0001217285457933481,0.0031500569686088004,0.008099396328405546,0.019984872138214118,0.005936903769414969,-0.0015616706796587462,0.013206683278168149,0.010590829814446376,0.000585080465613935,0.018889570702635937,0.008691098691752913,-0.0006250115102125378,0.026282855853124384,0.010332503343163652,0.009720746935485896,-0.005540180376607828
2023-08-30,0.018990806632148603,0.0011564213097168645,-0.0035361578124922864,-0.002641311625427476,-0.004041498159364585,-0.0036753671548534136,0.009696935831768241,0.0013743989168083412,0.0011852731219471207,0.010089195988360802,0.0011042188774886704,0.00817985925203538,-0.005078301222736707,-0.00624073347810362,-0.009745646946463026,-0.00103885319978679,0.00249868255158667,-0.0017376198968537112
2023-08-31,0.0011717086983645292,-0.0031376158558306245,-0.012599656555886896,-0.030887375491251312,-0.012428425793501214,-0.0026512685234532395,0.0027919142731862145,0.0057271072875623085,0.02153298372727593,-0.00099859297457015,0.001945652082339177,-0.004259403735086624,-0.003293495673072568,-0.004331921033003997,0.0026734816852026196,0.004459431813439841,-0.0016650944625269059,0.004857747235646916
2023-09-01,0.008427686168255255,0.0027421485147888654,-0.0074497488819952615,-0.0007136710278689153,0.003343001578505195,-0.0009464060177137713,0.020738583137007795,0.019668734859897865,0.0007967262218431489,0.008381368970704994,0.0011008581329373,0.018048359064760013,0.0023915192221990603,0.0010473555244826496,0.0016546511279740043,-0.015658179178104015,0.0004998195200269474,0.006211200093737184
2023-09-05,0.0012659564934905214,0.014768997402345323,0.0012454852771636633,0.009550252828381843,-0.01109524429191961,-0.011211051923376951,8.808632424066326e-05,0.013061015275086772,-0.006173083258223314,-0.01604004973193883,-0.01348774315667742,-0.016271402168107754,-0.014381813818454593,-0.010069973124242015,0.012639934935890825,-0.014121379216822699,-0.008195167817063786,0.005146691750704903
2023-09-06,-0.03644964835341478,-0.002010714480961604,-0.016756487327628838,-0.008081484860460402,-0.0016542600963222734,-0.008125587443971405,0.008595036249457866,0.0010207452324099554,-0.014011893405655045,-0.005445270269023332,-0.0019699264367902115,0.004499325607207697,-0.006428805805057062,-0.007733756037374231,-0.0032703760042264007,0.0024563476865501225,-0.004544569776333081,0.0003421727986949871
2023-09-07,-0.029685648621731016,-0.008962174683661535,0.012702975494557863,0.01636636479195439,-0.008590880049292446,0.0025812886558788687,-0.004902399733379899,6.001140233148602e-05,0.01822824161189256,0.007395895697113042,0.009485564858596172,-0.005209729501702084,-0.0021159436047663324,0.008488757961837588,-0.0016726887348110498,0.0027694947394534576,0.0010678657752161262,0.0023919369022568364
2023-09-08,0.0034856953267014138,0.013129159653487054,0.0033064068302476866,-0.004465308310440716,0.0007650843706476579,0.01099658946779657,0.014462701994888898,0.0034147105215569865,0.002752827006460032,0.0008826260216501507,-0.004306414067154815,0.003015737326747009,0.0021701397409686993,0.008716616656647936,-0.002614994114464854,0.003822066442386287,0.00033698399644917557,0.0010233669645585749
2023-09-11,0.006600684031169008,0.010919315287873679,0.012994428250494969,-0.0028953829528334477,0.004370606006854313,-0.0026762247389692188,-0.012621484518066852,-0.02084856612149503,0.03462472208613938,-0.0010348816896828714,0.01183061120421635,-0.0008151259466677661,0.009117210404116853,0.01041986206283756,0.031945899319504804,-0.007231766069790756,0.0018513848593772974,-0.004784698124191784
2023-09-12,-0.017207869919662333,-0.018426407177119818,0.0056400345681956975,0.0010841465493510456,0.012930028833421656,0.019068535973157476,0.028752250410152908,0.01845349881301264,-0.013153919481432784,-0.006385112963352767,-0.01773304177165906,-0.0008512751906511063,0.015982440249884565,0.002957269641161739,-0.019369634823957853,0.005747142255564539,-0.0051700030863567215,0.0017114500178268986
2023-09-13,-0.011925621351922336,0.012847757694621136,0.0025032830487603137,-0.00012503386346650525,0.00047822374974380535,0.012254613622655564,-0.008977104701743384,-0.003663557744900467,0.02530895713438698,-0.001226692989784636,0.006948113950808948,-0.021122116366633643,0.012500162764007358,0.010282111736670374,0.011207923231914363,-0.000212269157869485,-0.0023126614363148867,0.0006837607105213375
2023-09-14,0.008744162015445145,0.007825044373867548,-0.0015256464068578175,0.0078054037398404726,0.01921184706727031,0.028226434296049915,0.017705603828110567,0.006178227972129656,-0.0008978831283196353,0.011441597868319492,0.01091416018073983,0.02377994878694682,0.010229869817426527,0.01234493929045389,0.021596870403622424,-0.007244092613758129,0.0005081157484055637,0.006132898265872871
2023-09-15,-0.004162514919770384,-0.025355660819975465,-0.014084306744184696,0.006389798098829235,-0.0029524278313993384,-0.005908823642133482,-0.015475183413234776,-0.004374800972575785,-0.030376577103179956,-0.02528436000758475,-0.008435035737042344,-0.012141645659203962,-0.002690120608360991,-0.009280809074799055,-0.03729007450723615,-0.00611294734371665,0.006582117094387449,-0.0006795786875061981
2023-09-18,0.016771881613794556,-0.003518994045379387,0.006297872137556731,-0.0013158437688818808,0.0020810264958432616,0.0022745176459499144,0.008022574393665249,0.004315001301309589,-0.0029247087224662026,-0.012964826323060974,0.0037721168556180554,0.0063918516462069174,0.007329065064434083,-0.005844551996884826,0.007431278600160607,0.00568518559973192,0.00587036600426578,-0.0017009699611114986
2023-09-19,0.006161794087189203,-0.0012467502487961916,-0.0016632276604529926,-0.01117191361536266,-0.0012749540395243263,-0.0041739089508013635,-0.0026386362508313142,-0.00011961007160366607,-0.016930630269952396,-0.008387850465717646,-0.002925404329528889,-0.004530786723324571,0.004566335120043925,-0.009570860070759179,0.008294705402639142,-0.007407838910599542,-0.0009481052549256774,0.0006807352204184548
2023-09-20,-0.020194729623150474,-0.024268999299478025,0.0043677593968978815,0.02358274977752444,-0.0042391477538415235,-0.015296721732168233,-0.007957942138049897,-0.0030549006950868355,-0.017148302376172316,-0.011991126459654897,-0.0008467125260891221,-0.0037973822232807886,-0.0046691893238581875,-0.0035571402556163353,-0.01785938925896894,0.0031201273366175428,0.0007251025222180266,0.0016998134281990163
2023-09-21,-0.008929141805400343,-0.003873189286870191,-0.007702536772726349,0.018142593933493698,-0.007852734639850343,-0.019372663313987366,-0.014189544184350943,-0.009039473387952324,-0.04505334518811581,-0.013276967158236645,-0.008703958618505122,-0.023900600124261918,-0.015601425629137298,-0.006554470062482931,-0.013234993323264783,-0.026009410008343115,-0.007274794254504713,0.0006791171739307259
2023-09-22,0.004932333926874215,-0.007917847002246672,-0.007201421735272271,0.009848775053889666,-0.009628919958507785,-0.007141476570291028,0.0015672619666476202,0.006576787817377587,-0.0016250729055143228,-0.003363323388002767,-0.0036876111852928253,0.00377919692463782,-0.008656700002544981,0.011737747123875023,0.011264220243038943,0.008016295055535682,0.0031962345319531725,0.0023732847237196058
2023-09-25,0.007353183871123657,0.0016704755283323508,-0.0014964462204660725,0.008225316449944632,0.004928478728289077,0.002893124001280171,0.011160733576301205,0.01450815023309845,0.016514066293677417,0.0024827689081047917,-0.006087895985711832,0.004421471402138996,0.010900432844267253,-0.003403125279366232,0.005834225013105682,-0.024916852977199713,-0.005163909095134503,0.003718104670772631
2023-09-26,-0.023676545590197082,-0.017151989534969523,-0.007767515876787383,-0.009510473070009302,-0.010433206039476698,-0.01538350442558144,0.001547455604745786,-0.005408470584795951,-0.04113310662153318,-0.012971628282628794,-0.008933988351797177,-0.017470423560441425,-0.02090925418470435,-0.032078648466198095,-0.006235535967711543,-0.0034821714491080928,-0.00802309518681928,0.003031836584594234
2023-09-27,-0.008937236390747007,0.002080233736417541,-0.012083783513549051,-0.0034087113605496856,0.005847768719193664,-0.005791551874393128,0.03203857984035424,0.019124653243829146,0.0,-0.002382686943702053,-0.013348812791352376,0.011766360414562443,-5.32240464080298e-05,-0.08592673293782384,-0.00408916272846417,-0.00518954233234334,-0.012443793199642889,0.004697995214987577
2023-09-28,0.001524390538692169,0.0027137925119172708,-0.0014650150715856518,0.012566374689447147,0.012339523239621532,0.010044123689703791,-0.006091728271500768,-0.002634430584243552,0.0,0.005517847837303548,-0.0068101597985596165,0.012861093568828237,-0.004106781952913217,-0.04922388062565303,0.02067549135284972,0.0030492993310239636,-0.00500965548329381,-0.005370942750596095
2023-09-29,0.003041827440861936,0.006704929867797125,-0.007229024220380755,-0.011653603771215973,-0.017566495249591103,-0.005024903832621629,-0.01594634085538035,-0.011615354198131011,0.009008358034677604,-0.004391982623559542,-0.0032854239001266967,-0.011798257896740341,-0.012747248041679942,0.00367229581227351,-0.012413884031215919,0.00011275864013405292,-0.010328512381920224,0.0006729475356085869
2023-10-02,0.014726611228013924,0.018979473327851677,-0.0038597667729587445,0.02037841928361782,-0.008656863509232731,-0.015792998828893255,-0.016723514833050828,-0.012412141686706917,0.01824043088890372,-0.007741031030859966,-0.004604028060082902,-0.004699670861612399,-0.011596699990656024,-0.09400190697519127,0.02177902664612991,-0.0168279796176825,-0.010554187678690145,0.007706521638444339
2023-10-03,-0.0078001262154893435,-0.026481813250294493,0.0012238720966509346,-0.009960630768177095,-0.007400201322472857,-0.03964529307051743,0.00172816080372639,0.0023390420593449378,-0.03730072836784316,-0.02666734567080344,0.002064126231266313,-0.01017227510401953,-0.008082518226869671,0.012008149629785546,-0.019350347085680966,-0.02174630726572659,-0.002892478625951411,0.001000834110158473
2023-10-04,0.007282006403269357,0.017601605695225023,0.0011580777207021674,0.002254703971551749,0.0044745932173835355,0.008068757987177906,-0.03809900804409438,-0.023578993392619697,0.018115861709070123,0.0015402258618174957,0.0032937654155202763,-0.01475682209312015,0.007479960075610056,-0.0417855759591539,0.015300700793513878,0.014009101394668481,-0.00011823825021168353,-0.003005512362890745
2023-10-05,0.0071721912864006416,0.001268966119975925,0.010362787035525121,0.010926728960015288,0.004176824728442338,0.006137961444746597,-0.022768455999561316,0.0052609162753188615,-0.008222690225767415,-0.0023626506904705705,-0.014977675855895404,-0.016089197073469147,-0.013682217193471286,-0.02338469704726538,-0.0025885952489864807,-0.004997395489774565,-0.0018344828649738052,-0.0033500868858757087
2023-10-06,0.014642713381110527,0.02443596887748324,0.0031768245794077127,0.016483889721624328,0.015278074954389709,0.006356565754531743,-0.016839776175720536,-0.010241404327306322,0.015753318848493274,0.003832208891543293,0.0020146590582376675,0.019892843363506312,0.025448340515448097,0.01584946408955805,0.034313772441504485,-0.012190984413658155,0.0051398807510781635,-0.0020154524797078173
2023-10-09,0.008415669058410097,0.007792089099925374,0.005692975081891536,0.00323403241964811,-0.0022768837241274238,0.0004159401108755441,0.034392862022731494,0.027300677142564945,0.0023417386393995415,0.008636865549062983,-0.00507915511831484,0.019578546248843032,0.010022175595989608,-0.018481843862022396,0.009246030620639679,0.023198569053026467,0.018218418173072674,-0.00033630402012874773
2023-10-10,-0.0033577735955613677,-0.004345124655861912,-0.0011360051711532685,-0.004320730014595515,0.006060207239808189,0.006885806160533701,-0.004246290882144817,-0.0010802377573028998,0.009466975337326752,0.012984137471848565,0.009856399637979013,0.007015510582771388,-0.0009655099178941749,0.04480432215661656,0.010871709703970354,-0.001383764058231389,-0.0016794560194807035,-0.002357300302573889
2023-10-11,0.007872957274213051,0.012197303198195467,-0.013861734003228866,-0.00020984957695529765,0.003427008151759795,-0.0055751271372269035,-0.036511845838849664,-0.03321023062454874,0.017986784711835034,-0.003917831120416278,-0.012370718604758319,-0.0013918396504145646,0.005672407781624034,0.0372950376385325,0.01841014961962533,0.02067109518450367,0.007276539382869904,0.0
2023-10-12,0.005048414372898475,-0.0037975873724127177,0.0009599693549956107,0.002686560248756311,-0.0023290872290839567,-0.01017877685438618,-0.00018782869989403074,0.0008066267926236774,0.003785589015079473,-0.01702039159256848,0.0022352621770700383,-0.011872420259031218,-0.01863575232925767,-0.010137124539812097,-0.011227456200990424,-0.027502592834810803,-0.003054317314648236,0.008393535931638909
2023-10-13,-0.010346070705159366,-0.010411543609128703,0.0033207770473613367,0.026031105302561676,0.014907869435898835,-0.00177662971704583,0.03143459338544988,0.01740029759914287,-0.019381043085290647,-0.0037610739451396603,0.009513630312034936,-0.006213395489344374,-0.0020680279481679153,0.027725285042182933,-0.02964919378957465,0.017734228017387516,0.03164227743795077,0.0006684492228703902
2023-10-16,-0.0007271303839432466,0.01487072544827475,0.004325981680859531,-0.002543090016825302,-0.0010140274654706005,0.01632257374234578,0.0007278682885212678,0.00813456801464075,0.02104217303536712,0.018362840958445047,0.009492436113491922,0.010580537885496004,0.014440879416470608,-0.0020207593904457495,0.020320276433275292,-0.016224969009030397,-0.0048768279621039055,-0.0043529283520989705
2023-10-17,-0.008823504009781845,-0.0017451486301601224,-0.009183152347460689,-0.0025682077612725223,-0.002166701368863387,-0.016128606134420447,0.013011839856148531,0.013153737807321368,-0.00818124402652177,-0.004685902012064433,0.0012999009800801484,0.006845308637468438,0.00048315663299809333,-0.003869189534966536,0.008835212088577848,-0.011082061505304322,0.00185263210883777,0.0003355141767521488
2023-10-18,-0.0074223406557893355,-0.005889743228835318,-0.0217611073877388,-0.0011000178231955272,-0.011041551653693275,-0.02421108902742163,0.013907686056563352,0.007904709669137441,-0.025733315187028146,-0.019448564147808222,0.02544941425611527,-0.05051179937673873,-0.015414459185195347,-0.017317256142328066,-0.021936383617617808,-0.008836581801442001,0.014367103122745077,0.0036832454188774383
2023-10-19,-0.0021633939552082823,0.0036587434793877226,-0.0026880855395504237,-0.008298336449027333,-0.004258248192938715,-0.009215735189499221,0.000619551287663348,0.0010650258387659072,0.002105017734376021,-0.012027666182911557,-0.005609920711763596,-0.024722510421668946,-0.006562062154351933,-0.016094260105626198,-0.013211154705186308,-0.020685857465669838,0.012199294055089419,-0.003012554582080046
2023-10-20,-0.014813384501430939,-0.014134188703983743,0.004454350349744899,-0.008690285738091415,-0.016236826314742034,0.0028703043535662693,-0.017314131762347574,-0.013514926036919403,-0.02547757791592873,-0.001256150065757534,-0.0013499833297889057,-0.009495691048400768,-0.005225678163901096,-0.0082415416176912,-0.01338802862957956,0.0056623246282718346,0.002727175247601043,0.00033517681088962033
2023-10-23,0.0006938822990993333,0.008079435404222426,-0.010578632769171191,-0.01041397929635334,-0.013735028390243579,-0.0027700386494140796,-0.014782838470332411,-0.037560520376727746,0.01104369067941166,-0.004689586532565977,0.0006752194717511535,-0.00757274222300416,-0.004421851114023501,-0.008504110007379143,0.01721688369472318,0.01194186630111724,-0.00338280549563958,-0.005039486558850795
2023-10-24,0.0025401237533227636,0.003667504300242695,-0.0010574318608901317,0.006554768970655954,0.001204947517951973,-0.0001336898398255205,-0.009731990141444161,-0.025400792092657574,0.01567921740991341,-0.006193059661635175,0.01174313108901207,0.008976251225073563,0.005193668782626278,0.06754254491016086,-0.004660376156804942,0.013090581413716933,-0.00010931351125892657,0.005709503334453817
2023-10-25,-0.013583537353055187,0.030216840053017172,0.0022457076807448316,0.009874891892802468,-0.0054693463044959804,-0.008121667624917785,0.0018434884015161798,-0.004991690897357818,-0.05738721851954491,-0.008436176503534195,0.004658910257113747,-0.0186460133222519,-0.018746203253324635,0.024019796119213215,-0.04254987689408921,-0.022512799132473768,0.004199967992377026,0.0026755868809114048
2023-10-26,-0.024913268142720817,-0.038236080500979375,-0.017101258497853506,-0.003495284928712039,0.0025608208618756374,0.0007747368807256225,-0.009158674501379206,-0.007211414936719243,-0.015106528978223718,-0.010484414289568467,-0.005326244282326413,-0.010300273679712884,-0.01146419445518956,0.0194691758629994,-0.03803955942256492,0.015222080102853143,0.0015772445006903425,0.0023352804592896353
2023-10-27,0.007937733778871274,0.005838544789984923,-0.02308317018256557,-0.007027435807397717,-0.03668344029561259,-0.024127938216245166,-0.01923587343282208,-0.0695700054556847,0.06609497420195448,-0.0055549686545926695,-0.017780640846523896,-0.016092157897233512,0.00532488654101087,-0.02337335118547316,0.028647614358407146,-0.004257842033503323,0.01156269636044308,-0.001333778123941722
2023-10-30,0.012230219504105631,0.02248565775384796,0.009773511826706766,0.010107704695291314,0.012669057444695,0.03697479115910694,0.003121603064313103,0.011981964035703887,0.038169348315714856,0.01799525206207464,0.014169321466279411,0.014977813697246926,0.015417264027583725,0.016925650882046013,0.019787428839219114,-0.004514144039974316,-0.0056565807392741085,-0.004012041490677847
2023-10-31,0.0028147558604360197,0.0023688974982746867,0.008870288718767771,0.010454789985673944,0.011863565068285804,0.009198661910380164,-0.0002833797777223044,-0.0024672755987582254,0.002859294649306839,0.01133947187641395,0.0051455223961764645,-0.06884245097317636,0.01933891293543713,0.019048194972186936,-0.0046031906162491395,-0.004893487117354473,-0.0054714511209810355,0.006012042157701304
2023-11-01,0.01856524865776169,0.02326978040950925,0.00235666540071024,-0.007421601590225777,-0.0008633094064583906,0.011624801407033458,-0.0019859101518719282,-0.012081193504843967,0.028955334729660023,0.006791316447443087,-0.0028033658729865905,0.02524813070632613,0.003975498768918308,0.00222736320980353,0.034515430329512535,0.021381303957469486,-0.0031556065358876125,0.00033294490266806167
2023-11-02,0.020482026813988495,0.006480530751860514,0.01037041375108625,0.008485342137865571,0.017692000911670367,0.021259577985475654,0.032319460238225795,0.03265986801586817,0.007779877099936075,0.027188680053535967,0.01215759867506379,0.030961173528871608,0.013174425201560326,0.02501397952967461,-0.0031474846130426404,0.022540747528003866,0.0033185570264574857,-0.00500585060289441
2023-11-03,-0.0051945235652218185,0.012779726646483422,0.007294945806492887,-0.009802989387233266,0.011110444083617622,0.0432260377286991,-0.012264435162225728,-0.0077606085074434054,0.0038312838277419024,0.0036601525255986027,-0.009087654993753833,0.006793532702693148,0.013638270099403276,-0.008885966760812705,0.011927172264991768,0.006755621960461196,0.003632326240293475,-0.009411834180155024
2023-11-06,0.01449952343817818,0.010517063653901775,0.0023759250875526787,0.004810411771412048,0.007524070607653194,-0.011388700749327114,-0.017880186149573585,-0.004141073770488986,0.008191466368501902,-0.0035243521517752375,0.005780554949099253,-0.01031259791769328,-0.007915258196357383,-0.005742289043713821,0.0038071111972181253,-0.009747224698664472,-0.00782315067199918,0.0010126583126253794
2023-11-07,0.014347289449894598,0.01115678322911456,-0.005287520580152935,0.008158433736710007,-0.000485959258284751,0.0001234834688579016,-0.015803832351279253,-0.01777611064026076,0.021031045987995243,0.0006787253795755661,-0.0023214947582825243,-0.014201422106251745,-0.0047579678649824955,-0.009872420609124672,0.00951757838419663,0.014642219957987092,-0.004153692368693404,0.003368140604723013
2023-11-08,0.0058676925230517415,0.0073784757114633715,-0.003651456339658584,-0.0020473503279731316,0.004918099478055302,0.0018812360020926129,-0.01235894846557919,-0.014016477160781075,-0.0044243198684398065,0.003893756295236226,-0.003858953557642889,-0.00042576745249129277,-0.010721218983127981,-0.016557811880389243,0.0030065791517211865,0.01689039140281823,-0.01001769716187854,-0.00033630402012874773
2023-11-09,-0.0026279785174751704,-0.0069347830721816165,-0.01968025367329502,0.004220396139206773,-0.0029756777779475067,-0.01171488898896759,0.0002914177490905712,-0.0032355658811358103,-0.010471299867295478,-0.02758015818400697,0.00226395089383837,-0.0028573275721306556,0.00075802700017172,-0.04955567448826392,0.002405011076103926,-0.023269998367347746,0.003975050781546265,0.004363155099878745
2023-11-10,0.022924727013965286,0.024591852119361407,-0.001153833229358354,0.004091802674317946,0.014722335258272684,0.014637653233825682,0.007643595822817037,0.00709048567166284,0.020834086902842053,0.01283971665327267,0.007025479585390582,0.02334276469906033,0.016361497846325384,0.007646132282235968,0.025320147710068124,0.005584378294330356,-0.01096963908533058,-0.0006700167756029804
2023-11-13,-0.008620743043599804,-0.008121182680767319,0.0025773210140602426,0.0025097357654589644,-0.004448862613610203,0.004291720513782965,0.010451219344328393,0.007318380807763463,-0.006779686985378804,-0.01214519983531481,0.006910877540007986,0.008268458866153287,-0.0010717540279855514,-0.011674703926858003,0.0012766735273273878,-0.0022755727191667106,0.005555261217391249,-0.0013413818244392428
2023-11-14,0.014184634991856336,0.009742936151117038,0.0002031900855223924,-0.0038964805584990768,0.018082200238720043,0.03548890372984863,0.003808077716604746,0.007265210991494656,0.022262440280529972,0.05260634871069346,-0.0022325835001672217,0.02529091144184509,0.01980157599313891,0.05445343349873266,0.02139826198856262,0.022414634415956324,0.00887963256621128,-0.015897510522883115
2023-11-15,0.0030363587050287015,0.00040502775015926074,0.007690788767979415,-0.003800277080908098,0.008719620609728883,-0.0033120446648477065,-0.006059167370925394,0.0035098621767170046,-0.01799356504801264,0.014906621027233028,-0.004612250384772906,0.012947369962771554,-0.003633590980457698,-0.009602867334091932,-0.010762113978131234,-0.014133718170772332,-0.0026391042368310337,0.003743410870029549
2023-11-16,0.009001437460073753,0.017430453096428888,0.008698616240180932,0.0026153989477544315,0.011355080670903359,-0.0027585406134663587,-0.011643834250626373,-0.015787614991635418,-0.002587142652007931,-0.005694498247423561,0.009268759864521178,-0.011536278552230455,0.006101107654053157,-0.0070422826261406744,0.004438453830120565,0.012349994174141616,0.011222847928222566,0.0006791171739307259
2023-11-17,-0.00010542962605179426,-0.01694365083669197,-0.002067425458841584,-0.006560691122109943,0.009005220746344774,0.007457200242715659,0.024106846685059836,0.018796626492861533,0.016319239982157407,0.002704862251003136,-0.011582886983634182,0.019390968253220467,0.002618350888678972,0.013512533404954794,0.0025402341708083394,0.0046755066808939465,-0.00010888501752923478,-0.005445895008518771
2023-11-20,0.00923551718460804,0.020314097625351055,0.008707556097989655,-0.002221414217723048,0.0030707939583009716,0.0007662383967164088,-0.004392253790941105,-0.0005539399117791152,0.006522284629866396,0.0029896359964206335,-0.005309629518354851,-0.010406830497060697,0.0030808619441689365,-0.0005230581578114836,0.014607450740945813,0.006089815642781538,-0.0016346995793703675,-0.003076399625884363
2023-11-21,-0.00423984513278159,-0.011645546062478309,0.008039109168852676,0.00835594659840794,-0.002089728442700461,-0.013285685171502182,-0.00038284839716464696,-0.002357673929973663,-0.015378022593238741,-0.009290566067405194,-0.004401767811312965,-0.004161171130415716,-0.002923978691120199,0.011099663038675843,-0.00883379701301023,-0.0004416473519822737,0.010739960035668045,0.0010265184840780727
2023-11-22,0.0035083162047610792,0.01273122186995102,-0.00198715041831695,0.007698381122740396,0.002350637713309105,0.010896620636401469,-0.0043171746435464635,0.0020113055987538812,0.019339235258230576,0.012562406884712355,0.009380370149072108,-0.013725943160568908,0.005579469564779776,-0.0007332801670108432,0.013294814595065273,0.0035277293782777354,-0.004271315731242951,0.0034141378338611275
2023-11-24,-0.007028984038247256,-0.0011121704357042112,0.01107752327278696,0.006123628031328054,0.0013686579511036753,0.0015048911793294052,0.005369655245583991,0.003941504947446674,0.00020446413429564512,0.004839499685727815,0.0023809535055168145,0.00547257988673512,0.005703634667823944,0.0013910626466665042,-0.009592258566303117,-0.011844938399483598,0.00518807908177812,-0.004440656317939203
2023-11-27,-0.000947967208062354,0.0031215304961297063,-0.008032171697236063,-0.006436314841391686,-0.002282138375251798,-0.004254948357119841,-0.005850493836346583,-0.0037336695526774574,0.006723970047668364,0.0007078279628428112,-0.0009252528581240486,0.00012127337039671099,-0.0022775515825812966,0.0005211500162446849,-0.010491529221639987,0.01656581229264474,0.006715220378239483,-0.0020562036035168055
2023-11-28,0.003208924608239003,0.01074474090435108,0.00231091846225638,-0.005645146526690876,0.0022821383752518257,-0.00017768301420049008,-0.0005773116687889456,0.007934632997796688,-0.0047496357439508335,0.007753218603457012,0.006918618841026552,0.0004445432391901215,0.00671420764246172,0.010022548041432544,0.012736000203129167,0.001969581553981658,0.013243817754570796,-0.0034364294952409693
2023-11-29,-0.005424349082274495,-0.010111044054159954,0.0031606005109551796,-0.010320776682120336,0.005067249197893055,0.015749745239240113,-0.01512829472829546,-0.01105670858968136,-0.004840643506955602,-0.0007342964653061742,-0.007646204281699255,0.007847912298325335,-5.147607650951786e-05,0.003432890430019905,-0.020233411241078365,0.012492694110941024,0.0014783529619621205,0.001032169365603102
2023-11-30,0.0030581063585454924,0.00015836148664328175,0.016625215857421452,0.0330743874832566,0.011340327717294919,0.003754771205092114,0.003900921662568602,-0.0021564475679375613,-0.0015731339381875487,0.007910242844367235,0.015690458117589803,0.005078284300407067,0.008508944669931413,0.0025669561460808753,-0.015318415863545164,-0.011618568180743258,-0.004176695912914687,0.0071955081736363525
2023-12-01,0.0067683041244086225,-0.01168020499367836,0.023768049601483526,-0.0071324519025278066,0.0048574811092837785,0.019972546734180762,0.002430371098832337,0.008390881725889155,0.00641377744514319,0.019365328519336696,-0.005617625329202563,0.02380501783615458,0.00944888919822439,0.011216976887107405,-0.007147598569279041,0.018599649405418472,0.017124065875691007,-0.003077451563987799
2023-12-04,-0.009509620617425224,-0.014442528991181425,0.0031519915143532647,0.0020448411420373232,0.0073055624603847675,0.0027514276046749775,-0.005452257689393253,0.00041425021311881726,-0.015006962692125331,0.013672452125435946,-0.0039380465701243225,-0.007859124340897992,0.002928259778792354,-0.008486133750752039,-0.014887688905781425,-0.004040844914954574,-0.021850449438455703,0.00444217371394894
2023-12-05,0.020844427148297654,0.00911475177426135,-0.0020791993125213195,0.0036047884356422127,-0.0001265983032418621,-0.022109301193970657,-0.019619104159327126,-0.013971658826404696,0.01398624197473987,-0.0016061283416199253,-0.03547658031355995,0.0017256936472273062,-0.0071336722041036365,-0.007527837088446188,-0.005420576948556564,0.02131206314184663,-0.003786570215931386,0.003743410870029549
2023-12-06,-0.005703338941803886,-0.01003623597096589,-0.012247511661613223,-0.0013275263590050643,-0.010563926674086713,0.0006435383127413047,-0.013330189870810244,-0.0023126258598893685,-0.016198020592740725,0.008035633824319271,-0.0007498040635907892,0.0030518843623505913,0.004255972376789257,0.033271666465312405,-0.0026425912756086155,0.013229928371632902,0.003680102289293708,0.00237489509654687
2023-12-07,0.010088292703569222,0.005812790952987645,-0.007820051389218902,-0.002295501099014883,0.0030661154654460783,0.007719346798278788,-0.006986308980832261,-0.0007720653134777376,0.01619802059274079,0.00018397007487947197,-0.0010233669663619457,0.005609894333983437,0.0,-0.0058309203102014625,0.028385235957521054,-0.005753454858011411,0.0016489803997147088,-0.00543664268170911
2023-12-08,0.007385027666185773,0.008803299022525843,-0.006326275052776954,0.0027321426050141645,0.010973437949550172,0.017859414940585606,0.011415995072214772,0.013183324894307758,0.0036697288889624017,0.0009193430407957821,-0.00925773798597054,0.00808655815963615,-0.016208305900580557,-0.002509411605937125,0.01868589570113675,-0.008216626865156312,-0.01343020266647134,0.0037408647590929
2023-12-11,-0.013011574965704945,-0.007860220475012095,0.004135975909880622,-0.011139170462327399,0.0036521670214263134,0.0026473492170348617,0.0007029171352195495,0.000277142661004228,-0.010432742677338593,0.014776796694791126,0.004605293907653522,0.00545714432182845,0.0292679118728247,0.0001674901603787348,-0.02270510739496915,-0.002117747509587806,-0.01110430390086077,0.0013568523115332779
2023-12-12,0.007888875376603807,0.008260963190164654,6.448908539152631e-05,0.0037451852111458133,0.008885610054870742,0.002413505437548877,-0.01588539500241039,-0.012898906400490965,0.010839660282139616,0.005628052716999446,0.0008225939586277517,0.0019527143183057517,0.005573540180784361,-0.003187120032920538,0.027113108895162507,0.0029635923479772405,-0.0005448403752520138,-0.0027155481729701277
2023-12-13,0.016553717955872706,-2.6711185326386384e-05,0.004632318648500615,0.006010632585211086,0.0033584209689485616,0.028296125544074142,0.008833890010868282,0.014698463917788212,0.009179330112478143,0.030153038170869728,0.01792795538617457,0.02470847270024153,0.007760982132467135,0.049014153418331735,0.0015546523100149238,0.02319126186584377,0.02231176840242097,-0.008533931293231482
2023-12-14,0.0007574419029215366,-0.02280255490888439,0.006908490343798819,-0.027271480084467437,0.018028483987792325,0.05560263503517601,0.026535222719956265,0.036128054880220424,-0.009586247717279091,0.0241953086775797,-0.02673737230208651,0.06221045972003463,0.0016236565353497164,0.004310007469259299,-0.004701240860711483,0.025594211851474043,0.0058454837507646,-0.009299188760929817
2023-12-15,-0.0027294800612392817,0.013031976577215637,-0.010960594296649043,-0.005857191784432599,0.007532992307997005,-0.00774893272417622,-0.006716738013996357,-0.0038759738446102624,0.01714961833244602,0.006205655992675801,-0.004850678210171273,0.0019968127706838225,-4.916299994067228e-05,-0.020599376600373837,0.00523882711146002,0.0011100460286997053,-0.00920880539546127,0.006552877387916843
2023-12-18,-0.008539674730087468,0.00516560647147582,0.0018029624973899213,-0.008641690584412406,0.0060339288843773336,-0.010860050454187593,0.007405612714472327,0.0022071373037191077,0.026971770500094902,-0.009052146770605068,0.015234844689943922,-0.00010499606298385531,0.00832318146408545,-0.008163310639075466,0.02855066337895913,-0.007999637616970421,0.0045351551653911425,-0.00015367285705361334
2023-12-19,0.005345836624398941,0.00163558642743766,0.006540581188233026,-0.004778276541034028,0.013266598304769374,0.01594551805673243,0.013096356064038361,0.013009608682298775,-0.0018190091418514135,0.0035852531006949177,0.0,0.02505877055220385,-0.0024408115610301717,0.009300874749953076,0.01651883657967683,0.005373903933791204,0.006790837280385112,-0.004398834071780542
2023-12-20,-0.010771730361816754,-0.007097948819251031,-0.020599314246030336,-0.015596919921160645,-0.011343405212579264,-0.01297437834965781,-0.01684167879436568,-0.009208717232543417,-0.010918352391773183,-0.009732784148722416,-0.015582223718944906,-0.011155658279298326,-0.008343606685969526,-0.028500405257410245,-0.003087304493020612,0.006752356217242167,-0.00546087299337828,0.004398834071780577
2023-12-21,-0.0007701984924015405,0.007847814949630914,0.010191253698219483,0.007626918349089163,0.005687786625599832,0.008046581426125573,0.004532027461495797,0.0030568870160507817,0.01124341822046545,0.000888723307271164,0.002429122893745158,0.0012418505166115965,0.010540605006710863,-0.004018759595737489,0.013677225307342765,-0.006347948164207938,0.007045826833202875,-0.006605528604251488
2023-12-22,-0.005563010122904337,0.002780304416273156,0.003996138092759368,0.0008267720790297181,-0.0005971932098632507,0.00021018890782958073,0.001767826034911707,0.002253447401475353,-0.00273384274937409,-0.0010895121212132813,0.007045687777033601,0.000999259253098942,0.0028732153489545555,0.0025136167408290853,-0.001978855171733795,-0.0046098204785577565,0.004424552912121952,-0.00036825631181882935
2023-12-26,-0.0028449521318848763,0.0002135497310608792,0.00436457688970821,-0.0005382855733624429,0.005896559566679068,0.002518826929349804,0.0022543503789118433,0.008963350065131654,-6.518267446820173e-05,0.0020633335877066924,0.004532663484305459,0.017987140005778945,0.011603301717546727,0.007669260664519319,0.00406653860222268,0.0028899556198538918,0.00759185823912122,-0.00221239028258802
2023-12-27,0.0005178664016013457,-0.0015760023561613473,0.0013440432120261244,0.005293351574380915,0.0059800645957227795,0.007492627306762777,-0.004710509199944221,-0.0032860176787401925,-0.00045639772593363725,-0.0022354703793476564,0.0008219178546540443,0.00838741759107877,0.004699572261379964,0.006126354123981326,0.008419211744018692,0.017564560559657494,0.004527602644690178,-0.005181358743842138
2023-12-28,0.0022237746090466503,0.0032294683436237077,0.0014699775758456877,0.004027914464813088,0.005298805450486227,0.005007209932435157,-0.014565528748193704,-0.014187456214733975,0.00026082420596480104,-0.003362603579601535,-0.002261901646265675,-0.004168073261399317,0.000717377299536156,0.007236873689143723,0.0013684286153754512,-0.007289462603770985,-0.005832438551007118,0.0033339538232291027
2023-12-29,-0.005438877979749194,0.002023106690000187,0.001021320145226513,0.002986581635355283,-0.0011750882664369037,-0.0016576449703428506,-0.002098217285527094,-0.004081228694002242,-0.009432796261637646,-0.002334597765877433,0.00554283418605131,-0.004084049217282716,0.0025783054774335254,-0.004599219671857356,-0.012242529499764135,-0.009060768722964234,-0.0015680538441868977,0.0018474049206127945
2024-01-02,-0.036442671368150416,-0.013843923821331917,0.02039791602860248,0.024151819919657574,0.011572985557338548,0.006536899787198019,0.023525845306183367,0.0021430493070237356,-0.013317187568263713,-0.004250834155629552,0.014901386543443858,-0.010061609746768233,-0.0033913719785251574,0.013572279306531598,-0.021907338104283153,-0.0057812423302338965,-0.0023567006639419108,0.008454378606879387
2024-01-03,-0.007515783303755568,-0.0007282830377310468,0.006231714564818867,0.0049751806480903,-0.0043679636145290196,-0.016907517512361515,0.008366621429412883,0.018886615531215963,-0.009785600874907497,-0.019961443662341826,-0.0060692073819214685,-0.029152339131023303,-0.02161958797454973,0.006798342790361373,-0.005269570361790634,0.00416180877760836,-0.00837177457662192,0.003288875611576864
2024-01-04,-0.012781471795522407,-0.00720343245351066,-0.0021144286486190424,0.006234789611365919,0.0065738041795430965,0.003033713130569776,-0.008757475450875005,-0.011023577751096839,-0.026619098311553353,0.0009751053442165997,0.0054639415512875815,0.006311381399017946,0.0018073912549431987,-0.003069717250808353,0.007663537556965181,-0.015311108539592643,0.001004095737684271,0.0
2024-01-05,-0.004021047032544079,-0.000516521916122025,0.003107909015563587,-0.01485066081017916,0.0050046659390322636,0.009072184293528417,0.0030251303879719705,-0.0017272308821000154,0.0046237272257840115,0.012765568860390222,-0.008308893683010425,0.009843044184754311,-0.006708641080130011,0.0045205114122384826,0.01381857856419066,-0.009611980365256489,0.00015844930975662165,0.0
2024-01-08,0.023887267641996873,0.018695657944797973,0.0024793913405278326,-0.0016016392286912165,-0.001452264334607952,0.006242765018402422,-0.016802163884965294,-0.00600201868453864,0.026229675224557696,0.014445805365392476,0.008577945948089109,0.011425156111287261,-0.00428371614445673,0.013440202314428653,0.01888574446596376,0.009817678196334587,-0.007846920068596214,-0.001825817562685191
2024-01-09,-0.002265984244499604,0.0029314593001249245,0.0006188884961351008,0.0034422160904453514,-0.007937476015162223,-0.01325414173769463,-0.0124633947936673,-0.02574667963018362,0.015109949003781181,-0.005013552828628655,0.0040941028355856906,0.00013685975325829666,-0.00509536337065004,-0.014568415827834823,-0.0034353257541308137,-0.006396390322510472,0.00031931878930188044,0.0032840752046091387
2024-01-10,0.005655362068950369,0.018403809875307164,0.0014837715242222162,-0.0013568649214801202,0.0021072356197666155,-0.004649348847849668,-0.009881104795134467,-0.008270205648547687,0.015470646150034186,0.0301876434185571,0.004277509529917279,0.003619975266417185,0.0038116027636726506,0.00434468460317675,0.035832931031679324,-0.004668300401017587,-0.0022907076580439777,-0.001823154563850192
2024-01-11,-0.003227718117701165,0.004847546630932009,-0.004457935684633854,0.00378718011043277,-0.004218921059344344,-0.005802749606223581,-0.00020267531507962256,0.005383407300642688,0.00938791654129537,-0.000757012919452349,0.0037943130895833938,-0.004407174759361167,-0.00361323926188821,-0.025367213878389167,-0.002161754023602619,0.005599351004596223,0.0019713888687421404,0.0007296607387140562
2024-01-12,0.0017765340736606654,0.009934113516011976,0.00766524121580288,-0.03424792160093384,-0.007367058514895781,-0.005280540322933596,0.012889112077323916,0.013604721884744271,-0.0036152395734745067,-0.0023025956484906767,0.0005977882011134401,-0.005665542993010074,-0.002830401372848827,0.0052562538898972885,0.012954384556930409,-0.0019665689730725858,0.009746356085246488,0.0010934938251361557
2024-01-16,-0.01239361013288793,0.0046228605328636615,-0.01158230407880364,-0.004535590963006491,-0.006290075331709616,0.007122161469617377,-0.02287086128122952,-0.024609435496558137,-0.00948736728323494,0.0076175908169155305,-0.005393002185008159,-0.011010429076200425,-0.016697557444512835,-0.011368439433212224,-0.018950631139388635,-0.017769883282814182,-0.009533465563392846,0.008705169225931725
2024-01-17,-0.005186875214261256,-0.0020519667598761404,-0.0005608350356750618,0.011091111596871272,-0.005371864415827481,-0.008632235538406715,-0.007294427987932654,-0.003974762040936925,-0.009512322849092281,-0.007645704000519986,0.001000900894311414,-0.030398551731234683,0.0009097342177264003,-0.03507356638849087,0.00247339864883341,-0.0015831973332709154,-0.011077036338907494,0.0007220216906008003
2024-01-18,0.03205143604113899,0.011234065092454757,0.00485015252531969,-0.016518507125036663,0.001973035825601771,-0.0007160949262616568,-0.0018577773946386357,-0.009124791324604859,0.011729763267250537,0.006165938817480117,-0.0057474440097590885,0.011667661308186982,0.010952681837829867,-0.010697134440250444,0.02084696047435891,-0.009338919618895599,0.008199183148267435,0.0010820560116268404
2024-01-19,0.01541365111654151,0.01211310139743278,0.002911210207458313,-0.02506259232321404,0.017114680618944188,0.0139375996482571,0.001548387406284734,0.0029571238902417665,0.011915695964249537,0.012522549835309036,-0.0038551331090982406,0.016465331168149692,0.003242625873586156,-0.00678794704462153,0.019274405895936698,0.003193530496853628,0.0029842814580883794,-0.0014430016905627831
2024-01-22,0.012089912468843595,-0.005432745573870805,0.004874296246167582,0.018553480905428164,-0.0011750192294741832,0.009789705345935758,-0.0013417971770240552,0.0017560500420112644,-0.0036115091491882765,-0.015909110398407148,0.0019632406529958906,0.011813013057118831,0.0012941119720735854,-0.007186079473011213,-0.004364707737983926,0.0059341066372578894,-0.003785157124910932,0.0003609456789357671
2024-01-23,0.006631221770018477,0.006009497473539571,-0.01650775974504221,0.004919748185094666,-0.006605745046764144,-0.013538218850948672,0.011195104853782233,-0.002811162158186915,0.007979450317854082,-0.016707810878894648,0.04055684372107555,0.0005541125681444981,0.009406475615353524,0.009279590356686553,0.008918153451107887,-0.00795549144160658,0.0038915740665882723,0.002522978452207752
2024-01-24,-0.003490046654625057,0.009133395160776518,-0.005333011352843751,-0.00445201221359758,0.008895755148659189,-0.003604460800107051,0.01711347522454818,0.019721206377525197,0.005433232707981731,-0.010056670961649375,-0.012153040789379727,0.0063847260083174364,-0.015243213644214416,-0.006469119511045773,0.014177322137157677,-0.005874516225673327,-0.008281067758696078,-0.002883924131143648
2024-01-25,-0.0016980990519315372,0.005721873852518269,0.0037674287934874816,-0.03940388367957153,0.014209416808942627,0.00866033493051044,0.025084346999626715,0.024874361621692608,0.005594064553173494,0.010598174359344802,0.022747455128354337,0.03412284731101003,0.013368983749467248,0.01687143245159397,0.0063275202183461655,0.006513289802441901,0.003962097596276036,0.0028839241311436536
2024-01-26,-0.009053581073327674,-0.0023244323026314568,-0.0003761048124920059,0.019667501290835457,-0.0038236533464857687,-0.012912906745555354,0.008482476639639774,0.0038292344666627696,0.008647133124394319,0.012261753299405993,0.00333590250311073,-0.004465185692737541,-0.0037590310366440306,0.008586691947919566,0.00243865385293345,-0.001917546128921426,-0.0006949084871382771,0.0
2024-01-29,-0.00359235060300243,0.014232403946419957,-0.0008781283885973087,0.0026594176866833992,0.002608621519773601,0.007305366438071506,0.0012613400982594194,-0.0004023875046589469,0.013359334711159172,0.0011251759274114727,0.0001280819730167905,0.012676880457587596,0.006175146212810343,0.01846727619919675,0.017305125242115426,0.011450506788231266,0.007033651846027236,0.0
2024-01-30,-0.019433426174326137,-0.0027617912974764354,-0.0037091797465678878,-0.0018449640703508405,0.020287228726271745,0.01644486716007014,0.01654042901974991,0.00695189965619593,-0.014113767036644445,0.003928175645935573,0.008480841521315816,0.004967033780504684,0.013938359901615386,-0.004880110653756266,-0.002396765515409235,0.009025142590367798,0.0013796033176180077,-0.0007202016861812559
2024-01-31,-0.019547395033622787,-0.027316036564526067,0.0008184594530925795,0.016014524556638817,-0.01089478306132344,-0.0074201253687112695,-0.019648132792573905,-0.01808148740554287,-0.024189594471113258,-0.011661118535242952,-0.002224836438711404,-0.014709307136461642,-0.017836615559702982,-0.011025470012143365,-0.025108886792220515,0.009772403377136842,-0.0007426268111294039,0.002518439896201792
2024-02-01,0.013252362242288408,0.015474003475790735,-0.003404151305071022,-0.009029583963694821,-0.003619757464460628,-0.00041674264150926325,-0.004093572968523549,0.0031152673167285884,0.025949052006822602,0.019943720927668857,0.012898509630287974,0.024277508144291377,-0.024777902492676498,0.01892267983574582,0.011822998648061016,0.019365605130783267,0.010346922273343943,-0.005043238352829293
2024-02-02,-0.0054197766211349,0.018258175908282253,-0.011112283759751918,0.0060745048540012635,0.0057395554450129895,0.010392598494066707,-0.004110399210159365,0.028989468809333726,0.07572555531793476,-0.007918624955087727,-0.006871146269382829,0.02376552969019832,-0.006100369688609579,-0.02714331184704345,0.1849651034665581,-0.022336371977458993,-0.009498250923408958,0.008988016645802776
2024-02-05,0.009798488161840436,-0.013637632249295416,-0.005185505041172192,-0.01435096037462239,-0.0013171837087130897,-0.012557242629471967,-0.00412736435036823,0.000590997161177018,-0.008768909223131092,-0.005867754106971306,0.0007587733524605604,0.019828141000711605,-0.01593372525893629,-0.038210046061713236,-0.03335069364053967,-0.02040028686217809,-0.005529281990829607,0.005354287286482571
2024-02-06,0.008594673310039125,-0.0003945065021299145,0.014401574340240114,0.015212944951342825,0.0034324976493702005,0.005130152786016685,0.006869506897208744,0.00013128528313026232,-0.006834410624027053,0.003120653652199764,0.004729333782655307,0.004098620902448206,0.0032587640376732867,0.004634589401786734,-0.01026121263226631,0.009726263375479239,0.005211114632116429,-0.0028520518423945894
2024-02-07,0.0005809194533022433,0.020890527140578836,-0.0005062650410313524,0.01693145703294714,0.0018828636496412885,0.00432839397977464,-0.0002934415825958482,-0.001445086956923731,0.008125339098105458,0.01791574333062603,0.001006036302487082,0.002692208152436153,0.0023727251036861513,0.00266406338239704,0.03217812865960841,-0.004851306709443696,-0.0002652168163007091,-0.001071620034509613
2024-02-08,-0.0057713341566616875,0.00014489953666137537,-0.01005161462480566,0.0013468274633633437,-0.0035976397197348994,-0.004198528909573127,0.01697504264935376,0.012606718450103907,-0.004054416929822275,0.002835865944285766,-0.0030211503345096177,-0.0049257368138198475,-0.0033027174208631526,-0.0015975862103555858,0.0008727211357115271,-0.00583153855348971,-0.0009022636814095288,0.0010716200345095384
2024-02-09,0.004080448681200178,0.01543173939210378,0.0022991452199883967,-0.003602011002256185,0.0012006519262567619,-0.002027818191110336,-0.02138703078608985,-0.01979743452807175,0.026781350237782442,-0.0015683688057299278,-0.007720091497451668,-0.015145167140163642,0.007107936184013576,0.005138666396638469,-0.004029383669486661,-0.0020224606388537583,-0.0038837066345315894,-0.0007142857471144332
2024-02-12,-0.00904261480803341,-0.012658548326624068,0.0069292416727027295,-0.0011198425667082522,0.004446985663972131,0.02157375471897569,0.013662747908762448,0.006861995783410884,-0.012168897821162254,0.0063134988742759805,-0.001971195754611828,0.0139954381318966,0.0128000931705415,0.0169985692941948,0.0016862150609056336,0.0011713967577833323,-0.0026153573659832077,0.0010712373813291764
2024-02-13,-0.011338416427296714,-0.021763803588692784,-0.008780916690284649,-0.0015273229390633308,-0.008741664008503364,-0.03601680469910006,-0.008566196644019804,-0.009779382814568926,-0.021703004458623384,-0.021742392223984747,-0.00536091653404812,-0.027709938802992412,-0.017069097982087195,-0.04078579476886157,-0.018902201067678013,-0.017283453145177388,-0.013884627317754424,0.007820871716224137
2024-02-14,-0.004821375032109306,0.009601327799256078,-0.004676348164807318,0.0001741166006203007,0.010105998254841065,-0.001876346696556293,-0.004946097727645014,0.002718744421996647,0.013780325245090166,0.0017881595111353212,-0.004103885208293596,0.012294650936396177,0.00442296544926096,0.013661905822818534,0.02819985449466451,0.005076427166970035,-0.00059628677739147,-0.00177210749746151
2024-02-15,-0.0015760444552376997,-0.007180963398830324,0.013900625536594097,0.007592875313432517,0.021579932681923496,0.01933363864281578,0.028256267123885178,0.03308670418245039,-0.006925316720840549,0.007924302216360798,0.008828102370391326,0.019882489339337478,0.015681803975822868,0.02224668018478447,0.02245970874430178,0.005157974040923786,0.006701278860791314,-0.003909725970350973
2024-02-16,-0.008466063620320038,-0.006168137786476447,-0.0011404677158888322,0.0012854581933990604,-0.0046809781769930475,-0.0025459188146294332,0.0,0.001100003345871385,-0.0017093517468521606,0.0035110551253579574,0.003179450726257958,-0.0035970146384434417,-0.003948172773759188,-0.004199481238174274,-0.022375195750424598,-0.005804595465966443,0.003655918050492511,0.00035606195976821425
2024-02-20,-0.0041223572272579435,-0.0031480474655452327,0.008333116508024074,-0.0009399488516205119,0.00390233520091063,0.00020807324258260992,-0.009492516067578961,-0.004082564073200952,-0.014439182501420249,0.0006069635457808244,0.006328734496244485,-0.02570738594250061,0.008936970946340484,-0.007391797119506575,-0.003322508267709401,0.0008620690188176922,0.006045870586821034,-0.0014250091485045907
2024-02-21,0.0041772073493816005,-0.0015155847218211184,0.005181031366241057,0.0017449166964898992,0.006488667637362083,0.009705170704530214,0.02023190397139733,0.00930720265570099,0.00899699219873509,0.0042933876325562175,0.011853012622722642,0.010778699333505507,0.0029613292398818535,0.008618468613274017,-0.0068490504686637334,-0.007134394113741589,5.334044540533379e-05,-0.0010700910596752476
2024-02-22,0.011181223144505363,0.023273724146391686,0.011092771909614737,0.008641216607257246,0.011924200961608835,0.005650167842448353,-0.0008587377082057457,-6.433557448126638e-05,0.03491335747949397,0.019607138245698718,0.000997009055341285,0.015487692834624854,0.00639458640995427,-0.0075591464800987915,0.0379436814161373,0.004869875973375833,0.0004266211668802674,0.0
2024-02-23,-0.01008485202302465,-0.0031873894062971744,0.008625825303434096,0.0014045212701794796,0.005012814942878121,0.0014842873028648024,-0.008820766683716728,-0.0049663103141567395,0.002345740126452326,0.0016682366307891104,0.0029229785419674363,0.005542067221824489,-0.0008967716823403551,0.0019391808636916568,-0.0043291895765970164,0.013297783082791517,0.005635614894353176,0.0007135212599852746
2024-02-26,-0.007479137371082875,-0.006846996965220152,-0.006509027103054978,-0.0036482521272857885,-0.0034299747797017716,-0.002124746405780643,0.0039406077229573,-0.0013587398163644343,-0.001486904082709054,-0.0009683146702987956,-0.00504281224279353,0.0046206532629636116,-0.007203272605025999,-0.019832567865346193,-0.004742338842201365,-0.002987306179432247,-0.0022291819644595424,-0.001784758641314564
2024-02-27,0.008081629516030165,-0.00014723565096115923,0.0011809679093031295,-0.022913377058982238,0.0004907172750086235,0.0015108257358616567,-0.0021125415958133512,-0.014937820567317739,-0.006833804985603367,0.010600238450507298,-0.005758653870888412,0.0068911927968183335,-0.005083434456331743,0.007406772186613823,0.010962237792381277,-0.007077018599785268,-0.0010632643213300003,0.0007142857471143604
2024-02-28,-0.0066474630171265035,0.0005888125784915667,0.003534558605025844,-0.02993205564001659,0.005056694569537294,0.013015919574851327,0.0027837790959908703,0.0011822661473120477,-0.002192097791563814,0.0054436715813069685,0.004697049499275323,0.005873508569680689,-0.003082756705157359,-0.009403324259812615,-0.006240559040143046,0.006328795594802251,0.0018068772519680071,0.0007137759032796224
2024-02-29,-0.0036999241480802766,0.014415366016408738,-0.0010528598501091438,-0.009436695426701258,0.00907035696996824,-0.010559652216528177,0.0019153424737086337,-0.002168556788614122,0.02057685768875929,0.007913311848976836,-0.006959493903328762,0.013262793878482915,0.01127396308663033,0.0027215838250019505,0.012544433862801936,0.007032527651462803,0.005137042939901488,0.002138275939114817
2024-03-01,-0.006048685238078505,0.004486583978855392,0.004574969339815292,-0.00827972547110715,-0.004147037046303468,-0.002444831688184801,0.012550079154572773,0.0052490114610831366,0.00822586192203458,0.010038512657701995,-0.0005664117968604978,0.008171100840956506,-0.0003019627601074792,0.000362318846413178,0.024526888716410327,0.006194767226168268,0.01873419521433021,-0.001781578948194442
2024-03-04,-0.025708936508892513,-0.0013968837319754644,-0.014163486860291303,-0.015771378991237747,0.0074737557875674205,0.010636353238280305,-0.014082059538988554,-0.02605470728309099,-0.003597530580392952,-0.010669278270343047,0.004459666321664176,0.005774799493944227,0.0028649714248686576,-0.004356514424728392,-0.008216020389669077,-0.004030552763145528,0.016045600101034938,0.0
2024-03-05,-0.02885316890669719,-0.03001803232215128,0.000812982753076301,-0.018261905174759462,0.009967302622387052,-0.0034220371510977374,0.012190627160563699,0.004757606052708127,-0.019676494920083998,-0.005060499452715464,-0.0015052687235986091,-0.015234309328424742,-0.009531326096275532,0.0077920118806006095,-0.016127260431098765,0.014141223410969978,0.006002052606410772,-0.001070472894200188
2024-03-06,-0.005895548263124493,-0.0013917540828775187,-0.003946013700949704,-0.0011630982013945289,0.00518409963370792,-0.00343378771172252,0.010639900761448884,-0.008458697051257078,-0.00350948207051649,0.003271166554206465,0.001567939108913988,0.006276546398771474,0.015835444637665046,0.0023438215009221526,0.01190309194210873,0.005851024946208767,0.0081818638246506,-0.003576541724501071
2024-03-07,-0.0007098071991424298,0.01738145160200762,-0.002954026220025622,0.012991836964231698,-0.008797089058988768,-0.0029305933570786214,0.005603825255780513,0.006986927986913447,0.018897031364077933,-0.0023607751120901053,0.006558629337677876,0.01358310445011512,0.010468702191623566,0.012882625831199713,0.031938288073848034,-0.0009380374862038872,0.005667726770789521,-0.005028746231310406
2024-03-08,0.010184646360295797,-0.007162510997300493,0.004083048481332958,-0.000689489491727195,0.0018612571517841315,-0.0037141204906293492,0.009362756691705342,0.003408524602930238,-0.008348289391471274,-0.008534523065450023,-0.001682400620887171,-0.0030320448302813396,-0.009222596111017112,0.027355730009937355,-0.012257799775482177,-0.0017742529307824403,0.00841701311094945,0.0003600360087294183
2024-03-11,0.011762101364616459,-0.0041937057294027785,0.010662610761782702,0.026054574086540366,0.0003718360777653305,-0.002147061550301323,0.005887781498243697,0.014045546920955736,-0.019522084958106242,-0.004913618972292694,0.007455766131185872,-0.012519446774745984,-0.002294036513972056,0.0010373444912249751,-0.04520040989546311,-0.0005224387557702645,0.001833362751220699,0.0010793309195037111
2024-03-12,0.0027747286430306792,0.026251812485039897,0.009321918293112045,0.0004087889684554314,0.008198284619046028,0.005217358220233172,-0.006441542471452128,-0.0007239461960763073,0.019750174141965615,0.008095907822923845,0.002349450815321172,0.006753867478065176,-0.005808438542593368,-0.012519725345109268,0.03287053310015411,-0.008396354953618781,-0.011000882489347224,0.0007189072905167583
2024-03-13,-0.012196689701462243,-0.00043353645984280174,-0.010128545085648406,-0.0027625740187981937,0.008079368223476007,0.010583194013947925,0.011108675171124894,0.013081486825446981,0.0066203767923971105,0.011811213177564799,0.0022823314347820817,0.012611399395472966,0.0030085767064771327,0.04096896534593916,-0.008399358145325034,-0.004860020131545233,0.0069829202892874405,-0.0010785548410375907
2024-03-14,0.01086809290848354,0.024087226991124828,-0.011801204674674355,0.0020470836218351753,-0.017978604722675207,-0.009476073572258124,0.017557012066161656,0.011693017364657003,0.012355739011673686,-0.009864052615323585,-0.004941331857512661,0.0011705491209730349,-0.017067673452799633,0.0,-0.007575486906769413,-0.015476054650018011,-0.004183898118991305,0.005381178907535368
2024-03-15,-0.002198947706674387,-0.02091231572326353,-0.006490460417119886,0.003714972327833422,0.012319398673697626,-0.0036090884988932313,-0.0017958162315852564,-0.000963855496453096,-0.024521997775277506,-0.005450915300256494,-0.000743310242595778,0.01466152930732166,0.0068013661835203045,0.009028651868828346,-0.0158416313827009,-0.00032273681059432263,-0.003199522801431549,0.001072769636054237
2024-03-18,0.006352160875457336,0.0021589472727658113,-0.00901765175976055,-0.007710674585838295,0.012325203027498398,-0.007361551169166571,0.009214181574633174,-0.0009004374161689104,0.00034393809453396704,-0.0035429620763813194,-0.0010539695323112327,0.014108723449332316,-0.004715435280338954,0.0014968817770631684,0.026258286892475804,-0.0030172436682913977,0.0016010410184396176,0.0021420929287098134
2024-03-19,0.013493629551680899,0.009752917911264952,-0.003514717488548919,0.012791263480824213,0.005848121208693263,0.011099295090397381,0.007010100138895464,0.007755703395147014,0.008105529850138925,0.019965525041974602,0.00383853864052327,0.005667343023989504,0.011521097623263653,0.018116437504645776,-0.0014901031732389449,0.0028020279135021952,-0.0011504890847084041,0.0024933227490879107
2024-03-20,0.014602091726873776,0.009023967500967444,-0.0028848947786311247,0.001842945182626396,0.013021818372258244,0.01989545073290541,-0.0008846426623874442,-0.013304820744307172,0.012710240308332522,0.013092276765930477,0.0009882034035784864,0.007179590212338243,0.010694220155786116,0.015064673008147268,0.01852792180033585,-0.000322910502438751,0.011841523511458465,-0.00463541567779778
2024-03-21,-0.04171556727244356,0.009688819064153259,-6.420339641945471e-05,-0.00515255927355606,0.013809369907204327,0.042564869111334,0.004415408091536331,0.0020038143801459993,0.0,0.027682274547733064,-0.0008028408642676827,0.02249716939196672,0.0009936407809034609,-0.013596842686040996,0.004421292533014455,0.0021507697282704013,-0.0010392182056145815,0.00676761265113928
2024-03-22,0.005296098513296519,-0.0014683434832244528,-0.003344269629131657,-0.003300198562315989,-0.012333354878806229,-0.016794418106366543,0.0,-0.0012923237776499932,0.004033392953309443,-0.01252753563385017,-0.001236399762265102,-0.01785094518079946,-0.0032329490242452427,0.006821530430531741,0.0035779620216838588,0.009515226545989235,-0.008053334438143456,0.0053106869363843765
2024-03-25,-0.008335081625005611,-0.013809519596096487,-6.442261239708713e-05,-0.008586558212316924,-0.009196876596088394,-0.004631919190925874,0.01016928199158084,0.011635139132839324,0.004685155538776358,-0.01749873415312383,-0.009134753592539912,-0.006049930225166888,-0.011272382079212216,0.01334532226757056,-0.012956926279286551,-0.005013611227087189,0.0031893184955069484,-0.002474811233947099
2024-03-26,-0.0066948805381817494,-0.0028655689761777304,0.003537094912556246,0.013146919543008987,0.004660103171424391,0.003057503121569282,-0.007529364935735565,-0.007698761320661136,-0.007876915674836076,-0.00937867086146429,0.0022448098222152433,0.0012353652919174984,0.01261656867522335,-0.019026694582280144,-0.014275802804826833,0.002776592983978237,0.0032287736367695536,0.0007077141116619003
2024-03-27,0.02099080043840334,-0.0005218959172232391,0.013961276080033098,0.0016033938549881795,0.01917832341718698,0.02208433738836075,0.010316580397505189,0.006931546910707385,0.008544435308010738,0.015565329533514912,0.012749275302080221,0.022912352588475234,0.020339016435232334,0.037698123078129246,-0.004102051723200104,0.00986902476054573,0.0072145393719088785,0.0007072136104121789
2024-03-28,-0.010615256731282389,-0.0016861608222805706,0.0014550057915537645,0.00323952500346075,0.0039017607402553624,0.005858782095869914,0.010985794496024296,0.008851024066322445,0.003053776560456537,-0.0059520117494150215,-0.002216340252866167,0.004869517747352552,0.0005848238382724126,0.0018794054080786577,-0.016908023476992592,-0.0008451299885254015,0.012817552320376496,0.002823863505561831
2024-04-01,-0.008491749660926641,0.009109362758001106,-0.0025951845430575837,-0.010158559525301683,-0.006812970947207865,-0.010057832621111111,0.00643144179742091,0.008459112369462786,0.0032655349345476667,-0.041435886424109794,-0.010346094827645723,-0.007368180478541512,-0.015911547206170502,-0.008327489399149565,0.011812652072859668,-0.018749773370858803,0.010156299517785114,0.003869837724931914
2024-04-02,-0.007023371154923837,-0.007399473484234135,-0.0003169471677473821,-0.06661814444780216,-0.00040221217241586435,-0.008158751519249097,0.019385209396908774,0.004390648714617295,-0.00154841594837037,-0.013761622320400853,-6.227619512911917e-05,0.002992164962152184,-0.008850495321789609,-0.007920206140774363,0.012177511110919694,-0.005525773852280738,0.014664350099172274,-0.0014054816097756623
2024-04-03,0.004785970315948374,-0.0023518522759863134,-0.0222452199937012,0.0034862980357114313,-0.0028200240261785927,0.00934302737642824,0.00016765864744551633,0.004122171847765737,0.009474044975083773,-0.00857661917979171,-0.027912900832734313,0.029598985065260666,-0.011351201741302884,-0.005261911208175451,0.018663835621455887,-0.00021732044016515724,0.008734092299845874,-0.004581505811771561
2024-04-04,-0.0049044326748202685,-0.006131256309537693,-0.011474894458224316,-0.009528877066162898,-0.007593050907962793,-0.01889724018134539,0.003514353880951508,0.0015570021515940626,-0.01330004980861284,-0.006187483159257328,-0.004492947224117176,-0.016095199783212725,-0.00974577532481013,0.01868917241248352,0.008214970633797225,0.007146754836846082,-0.005751206160197344,0.0
2024-04-05,0.004491733320518268,0.018117640464649195,-0.0007215717454257808,0.0007902362338368325,0.009158039076677933,0.004469994671432929,0.013688048133637554,0.005647103033606013,0.027777280999446596,0.0005310600360996538,0.0041726910168160885,0.025392171751620847,0.00559513158544478,0.00703622635540684,0.03163247962990884,-0.014016636279564289,0.016969422340537697,0.0010591351385577724
2024-04-08,-0.006685822023275173,-0.0021879530201475757,-0.005263516330147546,0.0005703380505168363,0.0052029516504144505,0.006034637973590654,-0.0067791264916742654,-0.002044167094476091,0.0006481931842571633,0.011612531873034978,-0.00038444288339462387,-0.01548976863291632,0.0030893139453700372,0.010539465197709893,-0.015460039048374683,-0.00010942714914712323,0.006209185418618624,-0.0014124296143908574
2024-04-09,0.00721640420233333,0.003972409938804259,0.0046070898915915185,0.008124798986089289,-0.006723479059421383,0.00041400305023426,0.005212438890144994,0.004516356239792002,0.0025885793454655816,-0.001741606864783429,0.003965467300934287,-0.004212679130722529,0.003281422537217136,0.007985300417460336,-0.00453603055419134,0.00925882111200717,0.005481990004267702,-0.0003534193331132645
2024-04-10,-0.011201776636915583,-0.007109759920289483,-0.013818858533280166,-0.021258920797500944,-0.008557945358725966,-0.02452462494807236,0.00838200322092134,0.004127273545889519,0.0015069159516991589,-0.03050884112305767,0.0036954486141089495,0.0004570076828915901,-0.014008248150314387,-0.021177080141791555,0.00565240284559332,-0.022034325267853448,-0.009508934278284626,0.010548621019060867
2024-04-11,0.042360921815896714,0.010972983371593675,-0.009431823490299937,-0.018682490524195492,-0.00020465592326332802,-0.008218126028020162,-0.003360796639203351,-0.004806516525276845,0.016533709965863008,-0.009141381554784814,-0.008943460659022262,-0.00024191922713021288,0.006216263776059364,-0.0010941775228987607,0.006385509573339729,-0.004554804296894071,0.01924682182105995,0.0006993007302058925
2024-04-12,0.008589603140584427,-0.01419131167368119,-0.0085721560313525,-0.005721306983566959,-0.06686430611314337,-0.020306427322760133,-0.011727917707030352,-0.018264494009280617,-0.015566176026700183,-0.013039127714769897,-0.00327795389464412,-0.017218196280531305,-0.0036129596841995367,-0.013541381536730221,-0.021758051157339184,0.00533038463718298,-0.013327729395005304,0.008007005352194963
2024-04-15,-0.022106042777645076,-0.019772288813535127,0.00047439938496127116,0.014534121106705785,0.0005469262879662217,0.028823939611134514,-0.005748818165242763,-0.00865587460970334,-0.013576949594687727,-0.014512593134506046,0.0007722505052015812,-0.004715308788901161,-0.010866329371288166,-0.0052451840830906125,-0.02306130080902205,-0.015627062065892178,0.01854611900223312,0.0017322020636151476
2024-04-16,-0.01935336810366363,0.002269929254660273,-0.021504732281017527,0.05087918805736649,-0.011493431258638352,-0.010078556994418529,-0.008306462158392529,-0.00834745344731494,-0.0016351450746307115,-0.009215833107200838,0.003211306549093969,-0.011135941768533518,-0.017257939499881036,-0.016874647100871137,-0.0009400094692231853,-0.0066595426437161195,0.0012212498973593075,0.0013836045071866912
2024-04-17,-0.008180732089629876,-0.00663103516351835,0.002212849253542519,0.021311521006840164,-0.003990251359444399,0.017608507209411917,-0.0005056463946760683,0.0007675579241788338,-0.01119046236122706,-0.005991091220595044,0.006455552762846178,-0.00434420064980342,-0.0018893676239466455,0.03331250734234222,-0.011248395641843737,0.011037391022295671,-0.007395510216208087,-0.00311580657080179
2024-04-18,-0.005730674709506214,-0.018551952839392812,0.006677936075732832,0.02919449860128536,0.006476097136127906,-0.001982603310973959,-0.0009276829675179762,0.007452975862906559,-0.011428695823622744,0.00018025596374263205,0.008478860908108446,-0.00108900534335216,0.003775172268594637,0.0034428829012484482,0.015322046388700473,-0.005053067851555653,0.0034096366540187478,0.0020782827013086543
2024-04-19,-0.012287830793215798,-0.012820848015812375,0.014779768441175326,0.015991329495973938,0.024793532644714216,0.002205400405592024,0.01140951974256834,0.015304011259732199,-0.02594465150431966,0.007392476613542046,0.005389481389902932,-0.005519071567235471,0.016505279452546363,0.004520310088238078,-0.0421888442695041,0.0035959135279826646,0.0031266309994319222,0.0
2024-04-22,0.005077994226566593,0.004599548155040983,0.008147370254511913,-0.01995309857690525,0.019243151288950402,0.03251032033571153,0.005656311869960799,0.01192857086546514,0.014778874115294518,0.0022339056456844217,0.015062416060473807,0.008283423050064034,0.006772034910239776,0.01558553267138666,0.0013710014612974223,-0.0016839745770638036,-0.025012756126008538,0.0003459609110596338
2024-04-23,0.0063713625403274,0.01635102536186052,0.0029462991712350065,-0.01033352418584678,0.014310295312914752,0.01580825693515465,0.003890894432294026,0.00572714562293982,0.012949700261494035,0.008561620042350265,0.005962009959211586,0.015648295336038544,0.002961149863734876,0.01353529902901953,0.029393728183014146,0.00033702185394009757,-0.002461625450557532,-0.004159451403505351
2024-04-24,0.01262222044866895,0.0036491474803758443,-0.006910692067268914,0.0023010241487066967,0.004880337810977302,-0.002266718008784391,0.00016523463361227804,0.004411501548595985,-0.01656736290350943,-0.01782758782082233,0.006788054451537364,0.0007430136422954961,-0.007008597559823522,0.005423333569272774,-0.00525466043341546,-0.0071014219427009105,-0.0018618512174160449,0.001041485947124867
2024-04-25,0.00513411767734039,-0.024800182058182768,-0.011579611359157773,0.013372126363136363,0.001500841269977932,-0.007092985412399105,0.002310422679632851,0.01039997210101584,-0.016673714666010097,-0.0030977934215281637,-0.00030755036396639226,-0.07278842060945882,-0.009128244709227499,0.0050951706221411645,-0.11161667645356443,-0.007038285382828994,0.005945762592380577,-0.002084057718196251
2024-04-26,-0.003478879654908347,0.018079364001237486,-0.004642280319399857,0.0030125072065919326,0.0006203794857623624,0.017744265851720994,-0.028168522117095553,0.0036839127328440902,0.03368656148378084,0.009324426321436931,-0.007781659821135636,0.015791810165845865,0.0022252706675553466,-0.013695751739425948,0.004318000989382617,0.005226690684254862,0.0032366976978418813,0.004509981625823502
2024-04-29,0.024505310248361167,-0.010067240620594524,0.004642280319399981,-0.012840746132854096,-0.0010859168015923465,0.007549139977877789,0.014141649815078369,0.0026488486979188005,0.007432504125006777,0.005090129908671494,0.002291377376971483,0.018523856935619157,0.001652807565920057,0.021438494410132587,-0.02436443887409737,0.008351250432757319,-0.002033272419534145,-0.0031201273394937225
2024-04-30,-0.018439867514530348,-0.032646472832759364,-0.015305195642144474,-0.010958957457280285,-0.00799962709784715,-0.009562532051837932,-0.011517087498670295,-0.030893787809703126,-0.03349003844429629,-0.007689823592914422,0.009481078223901844,-0.04451543734631736,-0.005381643001227328,-0.006696951883859929,-0.0056792651403417185,-0.0085779307003127,-0.020138514951857683,0.0062305497533865365
2024-05-01,-0.006065442733830756,0.014306541589619418,0.044569028823681904,0.0008472737924592272,0.0006256517413800337,0.0005622847650845619,-0.01912136790381422,-0.01022134171614067,0.022599831917240992,-0.0067548553875787926,0.0012247398959351237,-0.010516291857380497,0.013246592171544338,0.024193538780771382,0.02075164187088718,0.007315536104242747,0.00902134577611731,-0.0010357328733658292
2024-05-02,0.021792700729533012,0.0073160597773302815,-0.008369361373913206,0.01813616664266609,-0.0010429704741748767,0.013077252632931828,0.0018082409027404436,0.006867301304798155,0.031455359205484874,0.010666767804268385,0.0026891594255817513,0.013113269481529398,-0.008536072811348045,0.0034919284729423607,0.005653516709972921,0.004281696682070265,-0.0030919166391693495,-0.007628331027830809
2024-05-03,0.0580955127531685,0.02192754107556662,-0.004345071844684714,-0.001055387648402465,-0.0060182822887599,0.012885621873534942,-0.002066828155458508,-0.0029908427803168923,0.008033904047431246,0.021581662538173715,0.0037770376915350103,0.0038977124280063042,0.011144036243819681,0.018563019537185983,0.023008042365198024,0.010068325347280041,-0.0007979535263457446,-0.002788429832516368
2024-05-06,-0.00914849296059205,0.016776789490358435,-0.0046332129213648935,0.003911519635178349,0.007790685400690236,0.012451257986650232,0.006444705442578866,0.012711378719222288,0.013283383280833293,-0.001634702760626493,-0.00012161751288482064,0.015762276693091135,-0.004145242751347799,0.015701574436887356,0.029905022622487013,0.0038882457482278,0.010463473640827854,0.0010465725705052014
2024-05-07,0.003790067979557923,-0.010208138421124068,0.0009418096893689729,0.013221805327289539,-0.001302931780403233,0.0002929676516546101,-0.004980261023513102,0.002277134258118714,0.00031791448368225726,-0.004685358068969177,0.007995197041187023,0.00844132504776487,0.009442458825561006,0.009776614183323191,0.005482282019484822,0.006079718057051687,-0.0046109860229045195,0.002785517123491476
2024-05-08,0.001862299929802645,0.0029272597377084197,0.001545335746299167,0.004481320424644847,0.0201349084088606,0.007072721035527641,-0.0001721763090250069,-0.0007994834532461403,-0.0040344040282374646,-0.0054744662270978075,-0.004171332711579804,-0.0014503265775274471,0.006077506678699311,0.01243109930911664,0.009268379769787838,-0.006079718057051795,-0.0029453725213256002,0.0013898542863298247
2024-05-09,0.009964417749065563,0.0043263806148554065,0.006024114603374476,0.007562595435443243,0.009411235685193428,0.019080699872164226,0.019524044016902865,0.017744909042470516,0.00794706169253194,0.025093481552977442,0.0058590968252273164,0.02091188975046767,0.01294289162376441,0.023469842108505664,0.005949259124382095,0.004866727888392395,0.01565544250096055,-0.0034782643732650677
2024-05-10,-0.00690464047392341,0.005852070965610173,0.00040032026107896467,0.011335232758058665,0.006409793061161915,-0.00182359518389044,-0.004060919286819266,0.0022338283207472176,-0.010716851467975767,-0.0029112102074453027,0.004866482012605521,0.008520084940964187,0.011349397006779156,-0.010649153679703479,0.001639310175466625,-0.005643168503088229,0.008079739130101427,0.0013927578825725807
2024-05-13,0.017491578547925258,-0.0024624013599636,0.008700616106090091,-0.002088722637305589,-0.00020125786262754957,-0.0025762711185344455,-0.0004239623581872614,-0.007809938289512233,-0.004865669270597801,-0.01591560966881639,-0.0058908561791781834,0.005312956121327196,0.004327308090141725,0.01064915367970355,-0.01734827084188337,0.002548901474958832,-0.011265263857069994,-0.00034800765711776434
2024-05-14,0.006154524256796735,0.006841092345015968,0.0010575017508187463,0.004173091604385631,0.013891888407179188,0.01076729369967535,0.0060034848218211345,-0.005607377403939166,0.0026763745769055737,-0.0013500427605809854,-0.0006633899470749418,0.004196632072143955,-0.00289919369704318,0.011200117079469796,0.008171475256609084,0.005628843292261495,0.008426434111743668,-0.0020905930955837974
2024-05-15,0.012143858638656682,0.017301922581831948,0.008485497387939696,0.0071163636663631015,0.002973095693765445,0.016483889721719772,0.007703741803141829,-0.003428644759823525,-0.00578996953377764,0.023710790550825183,0.004514408605893325,0.005179483050174188,0.009062692150213705,0.021382069936557183,0.0203281630483258,0.013555082929951508,0.012757018419600285,-0.006298131388239058
2024-05-16,0.0006323111179690386,-0.004952206028784797,0.010490404071129453,0.007162002851652974,0.0017796237824195186,-0.003374134147591518,-0.0060055160406834816,-0.002025969934985445,-0.012770045295947339,-0.017182950968825748,0.00807493097775623,-0.026226952069142766,0.012792111640142479,-0.008340984106924394,-0.017407773280825288,-0.0009776764667211002,-0.003900939356685454,0.002453988962440606
2024-05-17,0.0001580153277759459,-0.0018544941120050284,0.002330701560046575,0.006425110543980856,0.011393336425093962,0.006865211894694178,0.014904911523945266,0.009760393768345822,0.005810023674106101,0.004308971059939341,-0.0013114755976652366,0.015700686038172745,-0.0031508303049368664,-0.004196727470487414,-0.002793238796823518,-0.006761203510131857,0.016363140907992516,0.0
2024-05-20,0.0061432027489650475,0.012134262775910476,-0.013869667231856456,-0.014205602369621342,-0.04601556096436862,-0.010272370216158342,-0.008140702085203951,-0.009450056429089988,-0.006300259814327131,-0.01873872697945435,-0.0019704439873921677,0.018025021406442444,-0.006575926665559595,-0.0028955008394580795,-0.006526730583186608,-0.002958744144364446,0.004015890453584895,0.0013995803554605354
2024-05-21,0.006833798994459694,0.008661305579637114,-0.0001983405513709711,0.01214488687771831,0.019944979047719306,0.01600719880577987,-0.00693390229443084,-0.00728725469541228,-0.002127138166043601,-0.004955720337003831,0.006196766537334199,-0.01019653621093506,-0.005439456726585961,0.014134510935805606,-0.009020168928597253,0.005144776275600024,-0.0014706212681877937,0.0
2024-05-22,-0.007566898466811657,0.0034436257215016185,0.01483258800461135,-0.00421093549793601,-0.006083019034138325,-0.01721759103414333,-0.02031527458753596,-0.015116493679376269,-0.00010920607196614332,-0.01667855201948984,-0.0032127585940532515,-0.008755178231443844,-0.0034948720072473347,-0.008220833145841747,0.006756709996499965,0.0012002838470594513,-0.018544889391426653,0.003141912166964829
2024-05-23,-0.021283031091849553,-0.00820976716760446,-0.02506727560197407,-0.008707600916385835,-0.007033908007458345,-0.00919042241633635,-0.01720641602800094,-0.0040062372749759545,-0.01142304694120695,-0.011255214027906461,-0.013921616982159808,-0.014831020175859065,-0.016957565898519933,-0.0131893233507355,-0.004284680277211588,-0.006454811536317974,-0.020146150924986346,0.0020891372497531865
2024-05-24,0.016452103822334883,0.007373219272822548,-0.0184048071065326,-0.0168979630528129,0.019063525281005845,0.0065917809089284796,-0.0007931961806730198,0.00514793472195476,-0.0016583751727762275,-0.0054908955578477185,-0.0009672934673759082,-0.0051458089533922315,0.001503458236546562,0.016981912739625876,0.026357458008864892,0.0029590684097282683,0.0009266982407228952,-0.0031353448428337862
2024-05-28,5.263573439904548e-05,0.00037188546355981463,-0.017779771607614448,-0.008874891477272853,-0.006046843841111795,-0.002975061641407035,0.012616252850394142,0.00814424148700336,0.007715662415698707,0.011012653360136373,-0.013518656737552504,-0.0069891133975029255,-0.0025572255514016607,0.011937341701937545,0.003548545690460739,-0.014439490339326,0.01045827412480986,-0.0013966482727565941
2024-05-29,0.0015777851170723372,-0.002676007135013701,0.0004154836982315052,-0.03836974115240568,-0.00699180434392912,-0.005758047708943054,-0.01076643950641769,-0.01354708316936424,-0.0007139523053631646,-0.00852421103829779,-0.008991315654202118,-0.024424948470562504,-0.010649942931253792,-0.011024040052653627,-0.01165289624829514,-0.01217552041856041,-0.009347368622670335,0.005574927331286936
2024-05-30,0.005241376850920343,-0.03437008764609795,0.005798718443581556,-0.006353695433134699,0.0061393107487982814,-0.009207338571847773,0.0031631693188012375,0.008630590442236994,-0.014944651861970954,0.01679535630878401,0.005736684146553377,0.0033660123903220813,0.019298051017387068,0.01950084395845023,-0.015530208777695424,0.009618685052330123,0.0018949466072905226,-0.00313207146544962
2024-05-31,0.005006007220990011,0.0011087010055197417,0.00952225040520612,0.028087248892585185,0.016419913142400086,0.013873947382784278,0.028282966287134562,0.025207224339282002,-0.01619104405049978,0.01713768319291044,0.011983513422484703,-0.002154123913180985,0.006350802789442078,0.02313484129295485,-0.0004711526194641968,0.006766901411784571,-0.005881416448861953,-0.0006973500966270849
2024-06-03,0.00921617789773068,-0.0038858433015848295,0.007268806841988451,0.004169988214319961,-0.004005444841022178,-0.0033790487446692234,-0.02425564513777212,-0.03027501676395054,0.010710965469994352,-0.020698301084647187,0.0006683070818327468,-0.02137777715455614,0.0013344867912807698,-0.02268731387415233,0.02257805159366425,0.01599407460003205,0.008878260481572624,-0.005245684352127059
2024-06-04,0.0016478710146390387,0.006147634448582899,0.00040603641349988063,0.016053309560677017,-0.013267689262480488,0.0007030803998427904,-0.015674854222406706,-0.00848246420301957,0.005591604817168073,0.0007618815795857675,0.014231682040722383,-0.011503624953060627,0.023286951378926928,-0.00723237041177542,-0.001047690985087304,0.011613523918644146,-0.009017610645534559,0.00035056968052089214
2024-06-05,0.007790516568538097,0.018903524523205133,-0.012458887371308371,-0.004699545635953864,-0.009585866248041771,0.01391546806205779,0.003986009972464312,-0.007392917217453949,0.010759351755794705,0.006074245731010549,-0.0057647430407037886,0.005722824665785885,0.00979599670321509,-0.001297017043397992,0.037183441036216396,0.00731107438906048,0.011775979441184805,0.0014010510183113717
2024-06-06,-0.007121843858551308,0.0012020790340778493,0.003078083075933972,-0.0023879657928423553,-0.0017758839687514053,-0.007784509509935319,0.007486053719276394,0.006111112261179864,0.020313027798628695,0.0025402215184164283,0.014468744575630122,-0.0035272332615393824,-0.003926079925842599,-0.004552853392100092,-0.0026293981694853227,-0.0015008579148561283,0.007364241400237909,-0.0014010510183112557
2024-06-07,0.012315867145880647,-0.001579499839157159,0.0044974522144638355,-0.022628180604401492,0.015320563735913659,-0.006987903705138093,-0.010762277484915447,0.000961507717618298,-0.003790960402547182,-0.012368534744823172,-0.008404663070526158,0.0019779992147178843,0.0015818616530340415,-0.01722706814999299,-0.001621534326438192,-0.01851603979193359,-0.036335575063633885,0.008377012336720543
2024-06-10,-0.01933343980485199,0.00943979207173845,0.0003398932770145271,0.008745198730830926,-0.0017018724703328923,-0.0029940801266701783,0.0029225544422412115,0.004219685310263159,0.014864556330627226,0.016768385135992915,0.0017343983294118444,0.002034774067690214,0.009344080191704554,0.020741095323004458,0.019366590261284213,-0.006688988150630007,0.009126468766012003,0.0024301348541581995
2024-06-11,0.0701314111742872,0.011179013635879085,-0.002517950223189829,0.002461614204793767,-0.026653353284829175,-0.020673031343364328,-0.008079955168003224,-0.001596271450050499,0.0009083866076563295,0.009457184270415525,0.0007765134936631824,-0.007002403330889036,-0.0059968767600988284,-0.05652429598827931,0.009642970758510585,0.010289057495210347,0.0028525353112237024,0.0013860016089049041
2024-06-12,0.028177581694011303,0.019182495851892082,-0.009241260961460693,-0.006368224980587027,-0.014667655223095492,0.009922027264306193,-0.01111620590689348,-0.014611955769873832,-0.001817599131850149,0.02477107211039862,-0.013828152767867006,0.004329011089467862,-0.004689228172668909,-0.006620713838538337,0.0026960294200060824,0.007485795737081319,0.0026581497219368565,-0.004511546781797153
2024-06-13,0.005476131725632054,0.001178283468245206,0.00027504641629172823,0.008542313927687666,0.011059589868813986,-0.005251115356652412,-0.008055435693665939,-0.00898853182632876,-0.01650879098743072,0.010809041396518067,0.007418834352631607,-0.007235678578847576,0.0006233069029314125,0.01265143387038201,-0.00935896419949855,0.014592533620604895,-0.00818354306391281,0.003818786104255413
2024-06-14,-0.008201953509057515,0.0022394399450766005,0.0006185779777142655,-0.00036202007601295223,0.000619450773359189,0.000246413011899375,-0.008487388389373154,-0.001768115453338173,-0.0009251953094042941,-0.00299401421271591,0.0022809133534617385,-0.015096839833860136,-0.0004794323611197117,-0.0016411382226449599,0.0011102741137159922,0.00837978915772481,0.012876315063108093,0.004494389584631849
2024-06-17,0.019480530284795013,0.013020140382904142,0.0028131343806323274,-0.011715445846941097,0.0061734942442070884,0.008297692148591421,-0.006897530450592154,0.004055473899129738,0.002175569225334804,0.0076399831649297464,0.004247815176392983,0.002888783905825604,0.016267482017783694,-0.010318589180910127,0.004887276123632967,-0.009978851382849697,-0.005205198349121928,-0.0024175456401265933
2024-06-18,-0.011045220883667413,-0.004537790978895212,-0.002057613894629646,-0.016861511737212783,0.010306739536657202,0.015976364758728927,0.009369040701994376,0.0009134804239292212,-0.006814429291716989,0.012426052375521978,0.0063084182304524224,0.008462848173455023,0.004331252946372174,-0.026201148559061953,-0.01419337626428221,0.009133453466531825,0.0039992612827512855,-0.0003458412634998144
2024-06-20,-0.02174767881962606,-0.0014349134787764934,0.014518197955415804,0.007187495341305977,0.008441428042323614,0.0013544809166353758,0.021346686112387023,0.02135771733384887,0.017836801529211254,-0.001215874377557708,-0.005294007546168146,0.012196950691440698,0.005948355985423242,0.028273401838970324,0.0044147536219643155,-0.006682602434067998,0.012407049821191306,0.0041422220076243795
2024-06-21,-0.010499413277062455,0.00911249437793833,0.0065423630648393846,-0.003991278266237642,-0.01200105549786273,-0.017330845675364345,-0.008809045727961881,-0.008720239921623284,0.015886042276830638,0.006655035559869237,0.003512640173155912,-0.003927125006790935,0.004426538458290313,0.004818622940275354,-0.013889112160604107,0.0,-0.015614490107262628,0.002408396141764355
2024-06-24,0.0031277844715408803,-0.004702220486688836,0.002484306511951375,0.015197142062896737,0.013057526479966294,0.026112174518749434,0.029271250427646254,0.02562205072449213,-0.018738036568788197,-0.013924490562094473,0.0011285677300231038,0.006566969969858716,0.003712473519818597,0.01418270056975324,0.008312499433557632,0.0040361180650954195,0.003949727492503932,-0.0034423441916645045
2024-06-25,0.004458193908674282,0.007300114768061297,-0.013027081732935595,-0.011247142614338691,-0.004081124192873256,-0.010245122076306248,0.0028018580622415,-0.005349794047729944,0.004140792666031387,-0.03645209150544128,-0.009543764655481147,-0.007909989523403708,-0.006692407745411426,-0.011850577968447344,0.023160786044180964,0.0016945566436331718,-0.004974556389205966,0.0010339480499000563
2024-06-26,0.019796062253073433,0.002679630884326886,-0.0025169225222753332,-0.0009498834010083432,-0.0032364124333202414,-0.0033288103971588407,0.00034968092024597236,-0.01596675248328587,0.03827286437879511,0.010292089556207543,0.003589594042944602,-0.0020485231812428445,-0.00476770090768723,0.00532970171775759,0.004923231137575354,-0.014388737451452714,-0.009271031427932681,0.004811005844799297
2024-06-27,0.003978009224268158,0.0015248453248035338,-0.006971527107907006,0.004946016183066772,0.008774640263270702,-0.02195648293176783,0.004273697141721269,0.0023697452405806777,0.021663341430359296,-0.0009658867151572255,-0.004969028693325737,0.0022317684554395223,0.004441231207971295,0.004759000074870643,0.01247256359426674,0.003964220115393939,0.01127312731262078,-0.001372212909303132
2024-06-28,-0.016387633643354632,-0.013114213287097252,0.0024660924951329993,0.045845127521848036,0.01539526707500568,0.014160632045965831,0.0019128777244733152,0.000639508878467996,-0.02352448036390198,0.00802069252497763,-0.010255262708072204,0.017076834988413725,-0.003925972513049671,-0.04027389913711931,-0.029969618773265448,-0.018780908196675435,9.30232558810317e-05,0.0
2024-07-01,0.028689053708097014,0.02164567513555741,0.0019138761827163567,-0.029108249865537554,0.015648696855036077,0.024761631061411778,-0.0013908208085622051,0.0006391001689118376,0.02023375470100362,-0.0236626121979286,-0.01342957553887645,-0.012141862899010354,-0.012203030180022932,-0.012934584424298746,0.0009118842935832495,-0.017352742505532964,0.0026011441114048707,0.0003432297968971902
2024-07-02,0.01610945093553514,0.005567639189977824,-0.002803708199825673,0.007231446876417584,0.016317828519209668,0.004196848843256052,-0.00680809123457292,0.0014683821711978149,0.014098924379501675,-0.003635500756152755,0.00722555344995611,-0.0040192490620838735,0.010750256768077428,0.008121438098832347,0.009505287603378682,0.007755412237475339,-4.638972004634951e-05,-0.001373626590629007
2024-07-03,0.00579423104935104,0.0032389572362514097,-0.0023310033861769102,-0.016901012538514212,-0.0006706265817391826,0.0049489672847573725,0.0050668405771546144,-0.00025521597797130343,-0.012123189802310612,-0.003978408202821454,-0.0004271809175935359,0.008657799724729328,-0.003617659986422175,0.019115128747670497,0.0009024386069890234,0.013047715392436005,0.011209897112027878,-0.004132237284249295
2024-07-05,0.021389995892345474,0.014628679644035377,0.005407823699976191,-0.003844978660631292,-0.01326503303800357,-0.006797714533118732,-0.012186185084068575,-0.015433397451831452,0.012123189802310669,0.0028134465298104306,0.008388087110148424,-0.006859320326504538,-0.0010360255223513914,0.003613122329885446,0.05707016773137955,0.008244785258775337,0.01339671908561301,-0.00345662286860293
2024-07-08,0.006517549934114326,-0.002827159732801684,-0.006850280247056323,0.002721646945322984,0.0018538399296631548,0.00015060727029995644,-0.010552081948983263,0.00012960082896068008,-0.003556316202777237,0.014892440534021834,0.007898030384116385,0.0021599923217755315,-0.0028782429571041082,0.0002773925134235324,-0.01980929509643524,0.0021584295029585224,-0.012479666428377806,0.0017298049618969444
2024-07-09,0.0037678029239443093,-0.014474533857261376,0.010734044880709458,0.005644724346531595,0.01191874574384925,0.017085681983732812,-0.01111520945343052,-0.008785973018481502,0.00025085919405079597,-0.007418497425064811,-0.005177927156254005,-0.009158691447183127,-0.004878867172645292,0.00013866740634016419,0.0012838426414481159,-0.004429805742368849,0.0016943335478661569,0.0013816927942405114
2024-07-10,0.018628966575566,0.01449598180836479,0.016055390753376003,0.01776410202586329,0.0008184291432488693,0.012735010089011619,0.00879481573081016,0.013956281182619913,0.002254905372547251,0.02081481932466036,0.006857994754053961,0.0073945397590606,0.018302517535088828,0.010757240678361564,0.008810133157637852,0.003135307179327323,0.003653639431579032,-0.0010360905777561699
2024-07-11,-0.023494729600316934,-0.02508411012693177,0.0018052356722363873,0.006823928040835732,-0.001685731886198642,0.0007097232375561872,0.011813434005540724,0.000837655900815439,-0.02401087895919197,0.02753874043339119,-0.0075826324670715105,0.008035094245536452,0.001676992986155866,0.024391453125097984,-0.04199626091428947,0.009668138473118407,0.017578003942604215,-0.005196616578423118
2024-07-12,0.012966499801575944,-0.002532343770174683,0.0012016824998745163,0.014115935893120747,-0.012173093407595816,0.0013554234646225907,0.0001765848497408157,0.0021232113491918576,-0.0028751880976515573,0.016761421614621193,0.006442894483899654,0.013379129255384604,0.0012094149767116025,0.017253248146672062,-0.027345338021768143,0.0042671283008816965,-0.0006272963732898786,-0.003479474631508471
2024-07-15,0.016604674530172905,0.0009035713721131444,-0.004279225572189066,0.0074788546082323925,0.024628344243872776,0.025410014285719054,0.016982200837459334,0.015623823216915104,-0.009142389548398144,-0.003647860581288928,-0.012258977763512783,0.02988363736450825,0.002831745271302253,-0.06847608774905153,-0.005447085415706182,-0.011563298007152155,0.003221911768214195,0.001741250656074322
2024-07-16,0.0017902054991898063,-0.009828741628981489,0.011790311434448723,0.06297652999171974,0.016853138046234,0.021683843808115433,0.0071784092028807835,-0.0017098892742692317,0.0015554521723741726,0.029304716621863226,0.014297592212200427,0.04194003197804493,0.012667434868840019,0.01301901219026625,-0.012921727539030679,0.014008676930545645,0.019729915409988173,0.0
2024-07-17,-0.025621414460322147,-0.013437450242513577,0.03622100169209054,0.043512634258583774,0.01509936001872036,-0.001671309581094861,0.013694154432932414,0.021693640706479816,-0.026724257410480495,0.007476317195645631,0.014804515463062023,-0.00773967503932574,0.007932931180084658,-0.014005831188306506,-0.05843348198720481,0.00021235931262806047,-0.004654030177814534,-0.004533573585623805
2024-07-18,-0.02074854814860707,-0.007127613924342039,-0.00743593169871378,-0.015717346812265543,-0.03228580759314469,-0.03231799182142553,0.009812293242054364,0.004579215922504615,-0.02249341497556341,-0.015746222869493853,-0.005919278559558309,-0.004959174110052799,-0.011601482091135928,0.010801816466700295,0.029559432692448883,-0.0076734896402846165,-0.0064016465503054345,0.004533573585623928
2024-07-19,0.000579723086839379,-0.007430402969588466,-0.0047080155321796635,0.001752724695463721,-0.00095292555366139,-0.002636078714145002,-0.02324794954727511,-0.01756397917003747,-0.0033798549400887957,-0.007457810394341192,0.0031208671282340326,-0.023876301198557052,-0.01415772699314897,0.004593869011038202,0.0019734638584357356,-0.005901621292838673,-0.01810064836849581,0.0027797099225589316
2024-07-22,-0.0015615591993002305,0.01324944102410536,-0.002913283386265328,-0.012101299064454575,0.0023806134178580053,0.004341704609220593,-0.00691625476778168,-0.013665044675993169,-0.003172175051211241,-0.0003027759067705754,0.0017251127090201154,0.004735197035701148,0.010936667701736966,0.012422519997583183,0.02200899881440274,-0.0029099551708607683,0.00031564945136165924,-0.000694203431866432
2024-07-23,0.004677381180723083,0.0043028259991077,-0.012329325430897806,-0.006880905314207621,0.00023774993594285538,0.01043729284213021,-0.016267631785692478,-0.01864526175842607,0.020924440779508273,-0.010043384046955123,-0.0097351979780135,-0.01069312541397913,0.001887878999541123,-0.01089590808470173,0.0026432004240906745,-0.0014041153678815547,0.0035105126290124935,0.0017346058144327274
2024-07-24,-0.029175781518606177,-0.036513355167909226,0.02546876475520571,0.009062828417626572,-0.008307123108248179,-0.011135631235807145,0.014009510276674726,0.006339780582537165,-0.030391185484265785,-0.026229441647547824,0.008248208856326763,-0.023905520853312736,-0.017307812044588835,0.0447471612852132,-0.057744786766977176,-0.010867309731172612,-0.0035105126290124154,-0.0003466805385540754
2024-07-25,-0.004816191682511171,-0.024785878772102636,0.021272009993802948,-0.00012506364859964973,0.0003834539662883602,0.010241194975739071,0.02082333027327301,0.015802766399058536,-0.005434193255255465,0.00847077265162592,-0.00656914873545241,0.02428316984768111,-0.05384621961202288,-0.026471145902888765,-0.017186761438135995,0.00816153395824983,-0.015768395241241465,0.0
2024-07-26,0.0021586872545511756,0.01628634857735185,0.006244556322458301,0.017779820236127952,0.016963653084265524,0.014777102369599292,-0.0008519339418174214,0.0019024674389887418,0.01462700288091325,0.017452743778431538,0.013154560094094131,0.01779027316133762,0.0014314274762613692,0.01110370243659414,0.0267448565780719,0.007772898899696614,0.01047941064525488,-0.0006937218440122185
2024-07-29,0.0012838149403403814,0.0034272334016302785,-0.013032765921144693,-0.005226722678683794,-0.00657072963677056,-0.01272515280594165,-0.010538588731872125,-0.007887078157636297,0.0038282792174837046,0.005990200667813408,0.004837196783939478,-0.01712247411483008,-0.00663138966988281,0.0010767161207484843,2.147282081191439e-05,0.005362518213412508,-0.001406055339935554,0.0027720045453209813
2024-07-30,0.00256269589254891,-0.008968458865386855,0.017318886096380423,0.0167621239207691,0.020374378613940754,0.02594322123760095,0.017672376947037886,0.0187879138657091,-0.008166442579064327,0.0055696625727870396,-0.049643820962795,-0.008189481107595398,0.00613802540866932,-0.0008074283839713723,-0.00542578572973724,0.003843284329319591,0.009935950226747908,0.0006918021745594722
2024-07-31,0.014879606770549846,-0.010864633122729526,-0.021806741674167362,-0.000295013407806111,-0.011168601338952979,0.006622671293495241,0.003547900325667888,0.005624311789036483,0.02858964960220393,0.012215769860559965,-0.005830197001763545,0.01302495445886212,0.010358717040004472,0.028010061067866153,0.02481950815887364,0.010177125897039462,0.01794868590605466,-0.005547864438076678
2024-08-01,-0.01689260040477686,-0.002968426760257366,0.01826735457654946,-0.005901159927527575,-0.023007003952100497,-0.017658884283123955,-0.013925672946463628,-0.050155837349629175,-0.015685539218538942,-0.026365839119697483,0.030206003000085996,-0.04332850311124355,-0.0008306257043651207,0.025844570647605845,0.047121007097434796,0.00855789733401325,-0.003448889163265922,0.0034710204935715534
2024-08-02,0.006845903237287718,-0.02088254178509054,0.020807152620916567,0.029350119814473708,-0.04333765855536804,-0.060754599070709604,-0.0005987255877251081,-0.027029569953403578,-0.09194755596113545,-0.008823463078978508,0.026150342012649822,-0.03265208295311174,-0.0043598668030946745,0.010279930619744656,-0.01947560238027071,0.030685810702657055,-0.0019064092138614658,-0.010099337103930538
2024-08-05,-0.049365695897995374,-0.03320199454529286,-0.017763766525674376,-0.03426817685995788,-0.021521488446574463,-0.02499968846007379,-0.018217641749419918,-0.02653544048697628,-0.04183998321166037,-0.015366598584483396,-0.011947856093844966,-0.012765396737605617,-0.019732915945017353,-0.0323353806433791,-0.025751783548697622,0.005277057100981867,-0.012773162810310502,-0.005616020376951232
2024-08-06,-0.009795996703634598,0.01122363183536598,-0.014240450503407843,-0.002828756794985153,0.02752931667021795,0.024106888196777067,-0.005329152524489003,-0.009934431629677673,0.005635562213544675,0.011080918017878425,0.0001784917449716027,0.029975504660696706,-0.004567020058282856,0.0037748173699461533,0.03786722042228819,-0.022622388562658607,-0.008032896663018702,0.003162891408003554
2024-08-07,0.012420732754219904,-0.002957247406186481,-0.0004404316298785776,-0.0040020151611370415,0.0002994460267272068,0.005915859624704972,0.013226785242115124,-0.005741508560409832,0.0051740183180275364,-0.03306299925407397,0.011416526944349307,-0.001962468432944385,-0.004436385578158467,0.007636094827714165,-0.010518809919822389,-0.007064964450840551,-0.0006798867117418544,0.002103050196444086
2024-08-08,0.01649648640054472,0.010635211087565748,0.00827279724409667,0.00028260562559254484,0.018098699036499712,0.02661873093551714,0.018924227893501278,0.014500079774169075,0.018444081297787844,0.017199370036031916,0.004986956270844329,0.031303540928579336,0.009554052660299316,-0.0002578981314668935,0.04148609531772201,-0.006170599509173594,0.015566267164771223,0.0013995803554605354
2024-08-09,0.013642395264335387,0.008235384304460606,0.002493455973721165,-0.013297973737820925,0.008490755153094443,0.009200601771576047,0.00811020750254903,0.003454473519729334,0.006852223721395857,0.0008608568924550154,-0.0019331601465169357,0.0062275934491936025,-0.00798898860243134,-0.001032258156729131,0.015846155984660767,0.009813211643983993,0.0024522383379071678,-0.0010495015829571962
2024-08-12,0.007096476949803874,0.0019438265043773436,-0.004617792917297393,0.011618830943147132,0.0018932504013861671,-0.009756574893316715,0.0012612993054134521,0.0002068894183977707,-0.000838976497944178,-0.008150379915110579,-0.022114433147679528,-0.006614388853915563,-0.007290802383047172,0.001547987925365045,-0.003521266649812174,0.003629391654163749,0.016999327606915426,0.0
2024-08-13,0.017046903230962668,0.017543882146492096,-0.009363187768782115,0.015708553596793823,0.008451502748443163,0.013177470104708941,-0.009626013701708864,-0.006017239859096623,0.020354973901832534,0.012243643204966879,0.002873393177409625,0.008209521086002133,-0.00030494003117074184,0.006936443996654082,0.024108626787988387,0.0069111626890865415,-0.0015335074313301477,-0.005264093572881806
2024-08-14,0.0020316492688432887,0.006860305890498049,0.0005680563159524319,0.009411548701769617,0.011000158746438091,0.0136479547160971,0.009205757338522639,0.0036008625572700927,-0.0007639644246629496,0.015842083829570523,0.008985748818405666,-0.003577821347840847,0.004412555025584786,-0.0014090824085054691,-0.003373451507732167,0.00625098105526142,-0.008189188547192307,0.001055037903215623
2024-08-15,0.013439858244305861,0.01173341707006419,0.0038416774265373366,-0.00010351252521372433,0.0062116418696546195,0.0006414625565794023,0.006118277477388291,0.014615829538985695,0.043091023264687764,0.012323238677130467,-0.005226906649712777,0.02356562954318471,0.004342783172447123,-0.007721052382994528,0.019867394063262392,-0.008103023976227022,0.0031338994111584037,0.0035087755265921553
2024-08-16,0.0059010309445384785,-0.0060988872787193045,0.0018839493137673344,-0.003335381432908078,0.011374441112603712,0.010445832961881875,-0.004727742026498643,0.0031965205570133252,-0.002988864483600721,0.005511486955142253,-0.0001786724638112681,-0.006268885168944231,0.005627589970198973,0.014873975970302966,-0.018615235824116467,0.0034954286640588228,0.022140804195875302,-0.004915740233877307
2024-08-19,-0.0007080586213194747,0.007285746514104746,0.0015046081460483567,0.0019023577672416126,0.006893045783301636,0.0008325569889680261,0.0030418274401154753,0.00804792495194987,0.006530084001670705,0.0027857091917318465,0.0031518565534970487,0.0034005235273066336,0.002716709423459618,0.009878499784982366,0.003520397314217155,0.004607595312168117,-0.0016393446294331684,-0.005293818608867139
2024-08-20,0.002740938939819153,0.007727520641503362,0.003314678290001964,0.0032257257817164034,-0.004325889947169215,-0.014650668228142056,-0.033892824111238604,-0.014681932225863403,0.0036964477821605666,0.01150161924699561,0.01174643851737964,-0.003924708868070656,0.005161495761250792,-0.00467379111425851,-0.00482950910765387,0.00793654959594033,0.003663244555941247,-0.0035448459672485985
2024-08-21,-0.00048574772982804476,-0.001554880516923446,0.007898296602769072,-0.00445319708590477,0.0003728560819035857,-0.0017709805392550168,-0.006391476470061671,0.0043446846036527395,0.006852585382231844,0.008648204308003433,-0.0014681272274268446,-0.0009617206796520298,0.006724974907676122,0.008321823337639376,0.01587768431767912,0.0006079027540472778,-0.0013344527496311667,-0.003201140915537834
2024-08-22,-0.008294017785012178,-0.020460645411811855,0.005682886379492678,0.0011237995979059869,0.009414998934697567,0.0025950266520904505,0.007699749300982038,0.0028173871926167387,-0.022345416604761997,-0.013862307817763564,-5.87699447780365e-05,-0.0017801647703528543,-0.006375158557633847,-0.009081798041135795,-0.006053865868361574,-0.009975652758395662,-0.01204729425980647,0.004620587570814759
2024-08-23,0.010235594601729042,0.002979553829882338,0.010904298195147285,0.009955121201728633,0.0077252418955728345,0.023174880707110834,0.013763471973857638,0.012885809795970532,0.00515333699858996,0.027614954034593967,-0.005776274459496937,0.017517132193457387,0.011623994574814165,0.009332896598442884,-0.007415618030693729,0.006525974012958419,0.011487154641136374,-0.008547060580942244
2024-08-26,0.0014977316575457813,-0.007949167454508034,0.002920242995076342,0.0044723709794209365,0.003931613366484753,-0.0030473143341414634,0.021180564685552433,0.005943553900841736,-0.008736652836873637,-0.003948251094099373,0.006951017619277134,0.007862012851074547,0.006743313028409776,0.012227226570527657,-0.013115942178349615,-0.0025441422160239996,0.0031843049412083406,0.0021436235429119254
2024-08-27,0.00373454444258443,0.0008460953207857651,-0.0025547459149934215,0.00037463388487680684,0.004597709248705361,-0.001201816660635322,-0.009556502177486756,-0.010492565377205644,-0.013654047247803721,-0.0024889948482789775,-0.006478232314574996,-0.00011391467805701037,0.011025577590128505,-0.012855091223049819,-0.0038837986946873453,-0.0017337213056305692,0.002702994244660659,-0.0032171609512659
2024-08-28,-0.006776405407702037,-0.007859921110367953,0.0059350986469211085,0.002023999534475296,0.005028664865512192,-0.007777674054201336,-0.009906144201947568,-0.006485771157027677,-0.013491714303647215,-0.0013139020753676356,-0.0011232302916111402,-0.008351018045858848,-0.005424418258494181,-0.0025154081927284805,-0.0044792908041310356,-0.0012256155139908846,-0.007051669587165338,0.005712261159445701
2024-08-29,0.014465054528601596,0.0061186030733716154,0.001889380418757322,0.005135125807291625,0.00414882218563363,0.013360766326573471,0.01372278086917833,0.009679034053222018,0.00769862661592943,-0.009110575145613347,0.005721210568687506,0.009830897648924372,0.012193942683401661,0.007777259471048559,0.002782610491231774,-0.003275670857991523,0.005164633816841171,0.0035536640105827007
2024-08-30,-0.0034438448127784146,0.009683789210310798,0.00987617467335644,-0.002318557102738641,0.011588237326060893,0.006156270970046439,-0.0016096923880242807,0.003588723085020756,0.03639669324929494,0.00391538919903795,0.008841583493232968,0.012603665300618567,0.0019257624750065997,0.01235618464882163,0.00594501188193288,-0.010720646951905645,-0.0071515038553980415,0.0028338665777513294
2024-09-03,-0.027582154477423796,-0.018631524457128682,0.00780737855678194,0.014265769152032886,-0.020220864210886865,-0.04569256590036411,-0.02116526460797874,-0.022488217424929766,-0.012685159527315687,-0.010255940640712195,0.017222872693159048,-0.04556033933819086,-0.014778474747185494,-0.007230148674069007,-0.018489109260390088,0.016168530174190485,-0.004332950147482962,0.001767097122285401
2024-09-04,-0.008656111034251845,-0.0013197450409548873,0.0011957432971025702,0.009144935121888385,-0.004412808835259701,0.006502425528107686,-0.012286130235251611,-0.018066267537645956,-0.01670614973915904,-0.00019193594870356757,0.007876303487940906,-0.010310435654976496,0.00331384318854318,0.01428506994650525,0.0019131289388862722,0.012807656268171257,0.0006077444187754474,-0.004955762356745401
2024-09-05,0.0069038922325643124,-0.0012480271779813903,-0.014262314873625358,-0.014487570739637808,-0.00778107184739304,-0.005641187342655041,-0.007833512751289592,-0.008056580680658834,0.025968089783959206,-0.007763073727732442,-0.002447563620267612,-0.009518056071851314,-0.012533210176146364,-0.009293171398772187,0.008003150719875495,0.005640059265708639,0.008297726852287052,-0.0014204547815053834
2024-09-06,-0.007039740264144524,-0.01651705882727579,-0.0037040452830098716,0.0023314921201195125,-0.024042637773814716,-0.017096200330149025,-0.004694220567392666,-0.016959868389432076,-0.03722372033269757,-0.00498685061744149,0.0006836438477946312,-0.012671381757111227,-0.024184071114610625,-0.004366546766506078,-0.032624092126079786,-0.00010043690029668627,-0.007430160754406002,0.0014204547815053143
2024-09-09,0.00040748874320951684,0.009957725142660606,0.013474931220549793,-0.0046684328016721455,0.02026765861113117,0.018509483375557106,0.020822188694536108,0.01247954229479613,0.023127418533601885,0.015078086560275195,0.002673114061385173,0.014109368823396223,0.015177230397866288,0.015015483455076592,0.008994548530453776,0.004309703488165095,0.004197050922258936,0.004249298177985595
2024-09-10,-0.0036279573599683266,0.02068568245347469,0.004610924663969236,0.00826402497217068,-0.053283431839020436,-0.044875165498932564,-0.037111817665280766,-0.014864022632459613,0.023384640734009244,0.014530599633784518,0.00977823249582389,0.0003591739039776435,-0.0010444904087233392,0.013579020808411793,0.0,0.006976308939935713,0.00439447521205273,0.0003532944758332022
2024-09-11,0.011518522906390433,0.0211177882619435,-0.015412707269689869,-0.015612962045941448,0.008091325425077482,0.0086113715564563,-0.009975597369861222,-0.0025352228276509566,0.027304138017527915,-0.0010251430703366966,-0.02200765515555648,0.002510611636141656,0.015259932159828148,0.013636849231144466,0.01385003744992933,-0.0007948336232793689,-0.0015918432169448528,0.0010591351385577724
2024-09-12,0.0004939047762003869,0.009317276005315138,-0.001092697249418165,-0.0022577396555397786,-0.00304473086366502,0.006114932884742029,0.013668463533989716,0.00959984275230523,0.01335075816496674,0.010578415779996218,-0.002590749599411697,0.01357902806274344,0.00308287293659606,0.0003595182494502396,0.026547928515526047,-0.004682449402884631,0.017414755698246832,-0.004243287837190665
2024-09-13,-0.0012127474703539551,0.008372348022702059,0.005330761351439629,0.00997691621131042,-0.01109716440144676,0.01034582440348788,-0.0007194891930139369,0.010006516201679555,-0.0027309985112316283,0.014740066986123842,0.003510289894348349,0.016733004413252088,-0.002543908226185991,0.014157633415970922,-0.0018662761792448206,0.0026925969899177058,0.009894609261686225,-0.0014184399551857296
2024-09-16,-0.028168308751750987,0.001740280972401967,0.008841896947244342,-0.005195868499778359,0.017177383876298382,0.012799013074423644,0.013937507843031263,0.010470559047657792,-0.008616564701093562,0.005301849689766915,0.017989782663436073,0.0076449663381610335,0.0025927661717270005,-0.00011814046875235393,0.017309578061069402,0.009120713568800476,-8.379771237156335e-05,-0.0031988653538740047
2024-09-17,0.0021703501857755912,0.00879415701188627,0.0004789558854496263,-0.01915918428387535,0.00666493320916204,0.00047395807388407834,0.012958002282873424,0.009247001091122788,0.01070564599760079,0.0032146385083040453,-0.007702802018487534,0.01633329262521725,-0.0021520110040117338,0.0038912849057499053,0.005675060458397196,-0.004847415140625884,-0.005546232704516617,0.003198865353874089
2024-09-18,0.017829858819724098,-0.01002364159515601,-0.005521891469026581,0.004643503566496146,-0.00825380183593423,-0.001670155135208752,0.0034971184435876,0.0038278224698886872,-0.002410866132492018,0.0020071691324914215,-0.011206520939885382,0.0040349372614855265,-0.012811843718720892,-0.008153664080069142,0.0030439440221663385,-0.0124733443757112,-0.007740336837031154,0.0010640185432021223
2024-09-19,0.03639515491018092,0.018125855651461572,-0.008037025465688708,-0.006184589384321493,0.014114729198180362,0.038956373205824145,0.012316922125964705,0.0071292913141766945,0.01828379394795348,0.016349560287767375,-0.013778947810279527,0.04995341314202356,0.010164394018359403,-0.02389499531848267,0.03856272899268824,-0.00331908778495028,0.015421220750811466,-0.004262883897076193
2024-09-20,-0.0029317193423080935,-0.007826485096316314,-0.004012407352750991,-0.003593535510214324,0.0028939460863596344,-0.01077575130697264,-0.006312988492829588,0.004747660893859381,0.009070238081436522,-0.0012304538848708442,0.015502392828013065,-0.01210045352101616,-0.001719690879267461,0.005695259260567148,0.004016248872162795,-0.003835676449081081,0.012630522307461735,0.0017784105723687286
2024-09-23,-0.007609951608412023,-0.0040516641902468885,-0.005742577940957673,-0.002769047667546165,0.0016566874780037037,-0.002048522567244374,0.01796893122128394,0.012686890037216144,0.011829545440414976,0.005372093449503374,-0.002586282656413212,0.006351458533677817,0.0020632744594083954,0.02458651116884821,0.005436340847341968,-0.002126044840356428,0.0019385846158618259,0.0014204547815053143
2024-09-24,0.003966160672558661,-0.010061753175500943,-0.0026993881421453077,0.003099427868605536,0.0007091695917917333,0.0012256011499338889,-0.0026449398976357984,-0.0006101901948206056,0.00041254125997637956,0.02195339358594232,-0.0030546693876962543,0.03899582718864563,0.007334278916361447,-0.006268130037934611,-0.0019153356805062815,-0.00020271640092109846,0.013872345226311669,-0.005693965562053768
2024-09-25,-0.004407817776986903,0.006827074631166448,-0.01348279438624696,0.0019452893673226929,-0.006638556316106897,-0.013911017325862522,-0.019671068243768415,-0.023884190723250886,-0.007399966495907438,-0.009353244631241613,-0.005672952985185512,-0.02010065320075858,0.007329240429584645,0.003907411282823909,0.008801442416630813,-0.008346953999023134,-0.001382676104788478,0.006757984105256047
2024-09-26,0.0050673178999884605,-0.001853096358470399,0.004906994534997301,-0.002606158956592823,-0.001952521038526581,0.01169982781053763,-0.01731378662913469,-0.01384831195235359,-0.007141212031286758,-0.0005796152019755679,0.005499767821199895,0.033049900293435894,0.001208284141740039,-0.013803170128721414,-0.0008273555900606887,0.0023482577531825145,0.005073989494055976,-0.004618945856844291
2024-09-27,0.0011860052782452226,-0.007657165640557785,6.195978796907079e-05,0.012173131144989684,0.003426290589254436,0.003194602035780289,0.026420922733551677,0.024350723141505593,-0.0168283980814534,0.007108528733927751,0.0019610111255571852,0.00030688967564518696,0.0028939392212032505,0.012857319976197086,-0.0008456660123635924,0.005187419454854538,-0.007967521823651787,-0.0003561887811962244
2024-09-30,0.022614301672557537,0.005312716382641691,0.004080881196646995,0.004852006467088455,0.0017087530262589864,-0.0068436892779852624,0.012015249251287354,0.01216028101098548,-0.008763080389182627,0.014091916120378342,-0.002018746179727582,0.00010227563294427084,-0.004440804710400525,-0.00011829419864050636,0.008913903556769232,-0.00477958910567833,-0.008031513423370305,0.003911116094838467
2024-10-01,-0.02957468219597065,-0.022586419438053573,-0.000432032100142831,-0.002363055261555147,-0.01828239483637641,-0.010027690392369134,0.02285572819449545,0.016365654686883595,-0.006461014238236166,0.009456625584976463,-0.0009242144831903985,0.003241824896293347,-0.0031009279172167703,0.008716191812955864,0.007015373751189233,0.007168485473849371,0.010436585613812287,0.004249298177985595
2024-10-02,0.002516613173721385,-0.008498296592444717,-0.0050748963975490126,0.015328512716965939,0.0012067676989188528,0.0037061213716762047,0.013170619044470267,0.00831536472752897,-0.0020005954386805615,0.005388219933752335,-0.006493529310561976,0.004221561632953034,-0.010684331422188524,0.001874634410525303,-0.006369226599204775,-0.008462961548870761,0.00020355405448172127,0.004231318022899249
2024-10-03,-0.004906629359828502,-0.0014154284031569545,-0.004165765964972259,0.0007425784688960128,-0.00998747757032843,-0.012044027031109864,0.008685019769589604,0.0019854407579398565,-0.015270802860601217,0.0007777940209130292,-0.010525181949346726,-0.007540092273284227,-0.00491691422323953,-0.004458008322397513,0.017238523766604796,-0.00946509123844665,-0.0006922529035481703,0.0031617802551177185
2024-10-04,0.004994816669606901,-0.0011530147808048428,-0.0013092679317507458,-0.002618355311485233,0.03466950048659068,0.018466578612190764,0.018188933605299593,-0.0033775984953493556,0.024697974247552355,-0.007854273613572771,-0.007315666844969237,0.015225242719873848,0.004426309297458059,-0.014209830572479263,0.022347393495589576,-0.012377296708578523,-0.0019980026626731087,0.0055963769710589235
2024-10-07,-0.022788562247586196,-0.015794902009803057,-0.004752682325260143,-0.013007095430302186,-0.0013739194394541666,-0.001091151677317246,0.004316553465292589,0.0025177247779586825,-0.03109340899127963,-0.0007349158851967677,-0.01047628629160078,0.0029169935438873415,-0.0022107056237095175,-0.04338440807246993,-0.01890428273246334,-0.007563855790215877,-0.003393506537667222,0.0006973500966270835
2024-10-08,0.018236772344306523,0.012544902158450515,0.0010024435400867303,-0.003398736471140805,-0.0008537279969828963,0.00393466946959136,-0.026920505279173376,-0.015807178767637195,0.010563478509569246,0.014886439527922927,0.006203789880211062,-0.026177707264891683,0.017888518342818748,0.002612104228119629,0.01377317619612082,0.0016858080066085943,-0.007399219847332737,0.0
2024-10-09,0.016560524302417785,0.006609250538809634,0.0059936497090860765,0.01643966082847888,0.012589458306518432,0.01719034095483752,0.0004096178321016669,0.006032189873187191,0.013319395582079016,0.0045528533928669065,0.006579166072055705,0.020991652642801253,0.03185436905970061,0.0009932953378928259,-0.004022314025346386,-0.005701028955092877,-0.005461103308095624,0.00452096057863317
2024-10-10,-0.0021806454626497867,-0.0038881604245518653,-0.0008718396366046682,0.010900757269186179,-0.0027213454603712255,-0.0028942432731934916,0.008563441802546715,0.0064608743744389695,0.007960883310868423,-0.014793921372875548,-0.0018922600406237132,0.00113517411886426,-0.0004680552391382397,0.004457659684852868,-0.011376725733976719,-0.003925109797562018,0.007316047264197916,-0.0003470414761339347
2024-10-11,-0.006526666327010668,0.0011536244311319138,0.0059011880412381985,0.0005854066653016332,0.043442125974469614,0.024667433748056,0.003809528416063329,0.0052973240017540595,0.01155897494377768,0.004721007478622183,0.01258692067612591,0.013472770338292408,0.011127003230399479,0.01130233161652785,0.010427942984869452,-0.004047294905173548,0.010854312059099489,0.0006939625562627772
2024-10-14,0.016345574774643403,0.006750797667570331,0.0008667121206365941,0.012215034092040914,-0.00365054374775782,0.012415346423137779,0.003795070968799946,0.002374671300411078,-0.006802024312891354,0.008509455205895747,0.00826547196960129,-0.020277840933565817,0.007426404665819193,0.012745211063558507,0.0007963605051840927,0.0006934628075720416,-0.0016308561530410748,0.003116885639751561
2024-10-15,0.010964314934350142,-0.0009547907346626849,0.015351852008848125,-0.08459965558007541,0.004100305381761434,-0.0007080459186982803,-0.030522354639086854,-0.027045820642168178,0.0007995096766793339,0.0003850782237136754,0.0061257704270535444,-0.015244431596452893,-0.0015176952348839076,-0.0014484009775218793,-0.007053713733976298,0.01213742209048935,0.003462395768398059,0.0006913239114178857
2024-10-16,-0.008891238265389652,-0.0062765220543440315,0.001096290992232253,0.026694738025570278,0.0056050188215978425,0.014217528318677735,0.002572508783368131,0.00674629827091592,-0.004271457185947329,0.007264564009092592,-0.006879634013966539,0.01440641080010434,0.007748244985026174,0.01914163002017573,-0.01630218552871604,0.004205662806395895,0.004989159962682577,0.002760526251023366
2024-10-17,0.0015950685593812265,0.0014408532342129014,0.0011558936645940704,-0.00933739870098974,0.0034816800785576786,-0.0016243888503885845,-0.002572508783368098,0.016470882141468312,0.003418624129619526,-0.007216439655605512,-0.0005802820329030816,0.002207814526912774,0.002690932275739559,-0.007254595651111603,0.0002426932024437757,-0.015969880936557837,0.005970407827298252,0.0030965103047154107
2024-10-18,0.012201799678414713,0.0034496009677582656,0.003944299540083693,0.006304835791355769,0.004224199793954438,-0.0009456265481110813,-0.002829091585971676,-0.0029806281385994617,0.00775527099511555,-0.0014447389943429486,3.772856567102506e-05,-0.0015982752182663608,0.011187470896605168,0.007136091176594497,-0.0007976417971290076,0.0007459903367892901,0.010562210614998452,-0.002751979723032024
2024-10-21,0.006278123615759771,0.0014815879595228322,-0.013965770516752738,0.0032600722952724104,-0.010571724570727066,-0.020453737992862837,0.0005831146819319418,0.0008619832782535543,0.0004232132528913029,-0.020940623966481824,-0.010210757100816741,-0.005014328037377986,-0.0023448784191973885,-0.0041565287555496,-0.002275037234325469,-0.017625389101733155,-0.00019900893615801886,0.004468129104446274
2024-10-22,-0.0026252290981336438,0.02063195755170662,0.003800421393954152,-0.002821271793159688,0.0050098512368863864,0.0009651578783298737,0.005149940778819103,0.00026507621070452414,0.003326560081130928,-0.011259011605560091,0.0009432850600076752,-0.005186547174921479,0.003830127471150295,-0.003934900444991407,0.011839366754937478,0.0009753455122510608,0.010729589226194049,0.0010282777254021426
2024-10-23,-0.02186019927326519,-0.006830130646947886,0.014636925852681965,-0.009202356698544871,-0.0031729743060445784,-0.0021245782979533744,-0.003568912781546114,-0.002919710103330631,-0.02665684934974001,-0.005514742793998751,-0.0007073803642360884,-0.007052561556079125,-0.009080909044778245,0.014941579998079923,-0.03198317471686988,-0.0027116454602830247,-0.012123761811554322,0.0034199759743051973
2024-10-24,-0.0008237054200922315,0.00030612365298187674,-0.0132918535051367,-0.0068061926964763765,0.00700286097362148,0.014015780938491682,-0.005669989341413378,-0.0001993819167041783,0.009000572766280971,0.0075780599965526866,0.00023584905726136118,0.0034420769242809904,-0.052359201477164045,-0.025631730447864622,0.007229564750692591,0.006387722689331062,0.007663785598955681,-0.003762617746868983
2024-10-25,0.0036365250691413596,0.008019928550135634,-0.01719346005342294,0.006664499462071859,-0.011938705150380492,-0.022949613906366708,-0.0008365401195389455,0.002389963296342921,0.0077496980678194395,-0.009406374324711518,-0.008287994399259875,-0.0028200735350168067,-0.005274526733075595,-0.016805071566554374,0.009587901989803955,-0.0056277204812451844,0.0020548493755270947,0.0034211459991620266
2024-10-28,0.00856269081466914,-0.0036502368724505747,0.0044654006229183215,0.0012037530219510776,0.01424735472877336,0.021194022279222343,-0.0049498821650630275,-0.0017919367660604122,0.00297698375195403,0.009927744298101102,0.006399642605232213,0.011949973516127416,-0.009176591804805434,0.017529359381950837,0.00852872523670409,-0.002716949995226216,3.9474982734851804e-05,0.0
2024-10-29,0.0011561437478147633,0.012486476205202405,-0.009387988997239975,-0.005517279844433739,-0.01159691855123576,0.0013360565422169256,-0.013718565557621085,-0.013509200297585958,0.012868697181539787,-0.019600607444432542,-0.012661030424672683,-0.007967964841332895,-0.0005824111988520545,-0.040761660875227604,0.025815815962735227,0.0015224013381114675,0.01083595856498245,0.00034147174770702773
2024-10-30,-0.015395866558779803,0.0013418473232348787,0.0032429089848544294,0.001475437788182929,0.006751495543954835,0.00022885913813868513,-0.005043392320461482,-0.003169574761258463,0.00990726635213746,-0.006475473052070738,-0.0060600791468118555,-0.021572404862196744,-0.008679170967431284,-0.0059250094540096694,-0.0024977229713728484,0.002929530658308986,0.005490774907844028,-0.002392754517938505
2024-10-31,-0.01837730717245318,-0.062436830928904966,-0.004680633876806305,0.0027318059315191647,-0.011157779369245294,-0.012684997234305617,0.0007709770368311926,0.005187467421328576,-0.03339534345946928,0.003128698801588805,-0.00591539118528271,-0.008048333182888584,0.007221657227173209,0.002020968225774955,-0.04178703138284388,0.0016238163244755312,-0.015616450118838925,-0.0006846970469746166
2024-11-01,-0.013368587316213393,0.009844334570103159,0.0016875531363882894,0.005406087049307044,0.004585720395255849,0.003008275018719978,-0.015794571645647085,0.028157811134548218,0.06001853058115288,-0.0029503798392873297,-0.00048443745622013,0.009076177304644118,0.01692136694350225,-0.024266835738348976,-0.0007402577138403275,-0.014155521455194891,-0.004110840209416198,0.004101167743558276
2024-11-04,-0.004045676649718709,-0.004665201480259336,-0.011873117459766469,-0.017399779609812028,-0.01427563094275473,-0.015289097028743434,0.031343548831790385,0.005862445138425376,-0.01092185299935951,0.007561952396569076,-0.00012114604179057619,-0.008225927492519738,-0.00791883772413147,0.013100624045337546,-0.011491118074511067,0.015402565683569288,0.001424896342410133,-0.003758760620666482
2024-11-05,0.00646524947652266,0.007317819756927131,0.000694905109902586,0.016465521351684026,0.007750395720403653,0.029835711687225257,0.002946502111095247,-0.0036437023850770544,0.018822656496633807,0.011361759102126738,0.0041107541866452,0.018029413609803258,0.005956973803460616,0.0035664284393382385,0.020740124415389312,0.005297596042386413,0.0022519417690929065,-0.004116643891887994
2024-11-06,-0.0032722982335128374,0.020971380849515317,-0.002972522190151698,0.050985503166417125,0.10925378036930923,0.12308246512298053,0.017003243444527496,0.027707233152750532,0.037339245053575845,-0.029731028324124203,-0.02882608329366297,0.08379783031207282,0.03584748099180881,-0.05394008376993008,-0.0006640570632841967,-0.02777045189381588,-0.030857988359905338,0.01602762357280773
2024-11-07,0.021146945292581324,0.012417231245874766,-0.0073106711284292554,0.014574267652971117,-0.044190542524376424,-0.023444608155840724,0.0012389016660774783,-0.00604154592871483,0.01419211623189712,0.028105072717234624,0.014547504286381938,-0.021016662730049703,0.005070303556730353,0.001341022059256872,0.033773349535660815,0.012449893634960624,0.01594865741948495,-0.008152219060253325
2024-11-08,-0.0011876224755558828,-0.006816305269235173,-0.008071792704404331,0.016966491196754342,0.0025350698045366296,0.012105011098164552,-0.0003302237301146936,0.0010200829698789177,-0.00894250752806874,0.016043257652618496,0.025973917279647745,-0.037031103085161846,0.009107822862098875,0.031007167753684544,-0.00399648300006863,0.012621209861951728,-0.006792494112899646,0.006798122715179493
2024-11-11,-0.012101479715137833,-0.010778761188494546,-0.0027696388192893395,0.015213095360597298,0.009700456102665024,0.021954557533756868,-0.005298464254136211,-0.002743836070650142,-0.006457542559301615,0.005870882385425594,-0.010067802423835467,0.008026273924810574,0.025859826995317137,-0.013867307518126789,-0.01052452764049796,-0.004877265398332547,-0.02375137155412453,0.0057422890412609446
2024-11-12,0.0,0.011937742833487629,-0.01560094044246906,-0.017066031330576298,0.0011277019049460509,-0.01631930972345836,-0.00099659504955932,-0.007761673398928861,0.009957989682937261,-0.012842652818080195,-0.00114502679239285,-0.008941861872400739,0.03776992560313347,-0.02197597927999741,0.002825368535035815,-0.015107019655336515,-0.008668836302644815,0.004369020561439155
2024-11-13,0.003961282580420793,0.005116547950728912,0.0039231121326393495,-0.014420096822990504,0.006656706224898522,0.0027468609549395127,0.009263154483423072,0.0218473069554807,0.024539658384679072,0.017485413576728535,0.004452206379845976,-0.015229501611862196,-0.003597588358825083,-0.0002693602700706411,-0.008276004036730008,-0.009531270203974521,-0.010132392832651438,0.005684683425823964
2024-11-14,0.01367648264064633,0.003966722332153933,-0.00898042808998983,-0.021218123496985857,0.002939778114629901,-0.009485796041286472,0.0006583820492954284,0.01921936108780197,-0.012312764228387701,-0.010957200481223716,0.00299706512151341,0.0007489379634802606,-0.01035071991850235,0.013911406799277676,-0.0049085791113700995,0.005773944533533945,-0.0026125078064855047,0.00399334973208329
2024-11-15,-0.014209673802240586,-0.028247848569244876,0.01392771067088395,-0.0015522451614624524,0.014122325106166409,0.008340783455660574,-0.010422406430211592,-0.0023513407281919307,-0.042847482429189496,0.006044987077303892,0.014616147551629441,-0.00852966554858089,-0.0023872057170185473,0.014113536386273703,-0.040810443775032186,-0.0026607554499739707,-0.0017736491136152094,-0.000996843411843449
2024-11-18,0.013332942201239914,0.0018296504693542078,0.004987541511275152,-0.004365932409686991,-0.0011420648138177657,-0.009394667625994795,0.008346597157988885,0.005991185580717157,-0.0045015039778938636,0.0055215014088152254,0.00711161127041929,0.0010149246834363793,-0.0006115673789614239,0.0005237658895782028,0.0005773672216562045,0.0017746233575474846,0.01884162253701126,-0.004999177219838313
2024-11-19,0.0011396012627222067,0.004870743238852241,-0.011502222532522066,-0.021686874027852514,-0.007948906887357316,-0.011305353143042627,-0.014062339372551445,-0.007241884565425604,0.014324283218301996,-0.008908090819464093,5.8563438905115216e-05,-0.00555564229713686,-0.002844329671740562,0.008992045992206984,0.011994872587267587,0.005084569371637448,0.008919413304905945,-0.0003341687558700906
2024-11-20,0.003149057885791033,-0.005520367321884002,0.000718695924894783,0.03992037501182334,-0.009548091633897582,0.000945577775538151,0.014145454528416243,0.010781271662475021,-0.008491056929606819,-0.01685711706657741,0.0007610127690127386,-0.0021732593028510865,-0.006727222151531457,-0.0025980788834175077,0.007864341399830268,-0.003202476371950527,0.005616264993102691,0.005000843893362401
2024-11-21,-0.0020982696977236985,-0.0043174731498366314,0.015489114302426102,-0.00502509425596287,0.016394485087207956,0.024075048210200893,0.013292249370660978,0.0018578157437664365,-0.022430287931013364,0.025789571686510176,0.01082538798912863,0.02098405336316373,-0.0025620651882838257,0.006224086482111936,-0.00430618859492951,-0.0007745505226058315,0.008304884078625025,0.0033200561711979235
2024-11-22,0.005890197880117014,0.009953448364090808,-0.0021244415241885436,-0.011141520213027278,0.015365893946329095,0.011127073907575316,-0.0011488594733793846,0.004506319548770141,-0.006371702972692671,0.0230005924831444,0.02022817732612141,0.020074872457378778,0.01326908748033308,-0.010983051101959159,-0.0070395842421940875,0.0005533115840470358,0.012809842836981155,0.0052892685298638505
2024-11-25,0.01296642620855074,0.004283379166547653,0.003923465396421277,0.025003391610149108,0.006976213041721814,0.00041465903178471576,-0.015056538571675946,-0.012394804196417126,0.021728531292201227,0.02043268087152703,0.006277058527016174,0.020320942295913677,0.00648237026641262,0.008385793376775778,0.01062051343661902,0.025558403001324895,-0.02990148022527545,-0.006947918771267255
2024-11-26,0.009360442759611847,0.021730229857579556,-0.00012839442755092673,0.0015833487829433428,-0.0012793349205789154,0.004087616259817906,-0.016811356673619424,0.013441312341317024,0.0313235645229195,0.001980913965283103,0.010765453003252944,0.005359702066777228,-0.0008676790130605699,0.011029762112902852,0.01480727884139599,-0.00388979420754212,0.0019364281023642612,0.001327140209047508
2024-11-27,-0.0005532032736494237,-0.011751292718130052,0.005678900135612574,0.002616919290927619,-0.0007203457969207404,-0.00011561361936807834,-0.002631245417197251,-0.0025874829618739658,-0.010251540457391649,-0.00018627177114440813,0.00027880781978286144,-0.010178393048996478,-0.003304063522156382,0.01320447363285709,-0.007595815088030642,0.006904763650107428,0.0022202130656220212,-0.008658062744142925
2024-11-29,0.010163980270503638,0.001110520522989383,-0.0025128069668262968,0.0029870855475412324,-0.0002802746711866895,0.005172993413718328,0.0025464745107579264,-0.0011109740680327234,0.010395857956138769,0.004531024194340895,-0.0005576933944689774,0.005952031006933766,0.014225113943642394,0.001908518932674579,0.008954866052630503,0.010268568140401176,0.008587604914131979,-0.0016736405565582516
2024-12-02,0.009477551441619316,0.01760262668704043,-0.0013556698115279205,-0.0027569926876762673,-0.013993010141170692,-0.006362938519196095,-0.0009329545649916407,0.0017276489766077316,0.013473686869693382,-0.005069571300903058,0.002451527859802597,-0.008904117595175643,-0.012876085257042286,-0.02054778855114192,0.03172094772057662,0.0023917421638367936,-0.008792973242950206,0.0060120421556729454
2024-12-03,0.012690946707880582,0.0005103342799655334,-0.015887819545301565,-0.005421228519270955,-0.005824033404952891,0.0006147251790291965,-0.0015285329064755359,-0.0017894059629550351,0.01287298219854281,0.005582105092945604,-0.024105695266017146,-0.008107107526219405,-0.013088103485633053,-0.010172231687693064,0.03451705305463901,-0.008666399932148851,0.00201079329914016,-0.00033305578747014634
2024-12-04,0.0014825189062011408,0.014321812339614551,-0.012482412839170905,0.00914465016373677,-0.005817066094096657,-0.00561298619710148,-0.029232519112817372,-0.022484084804699184,0.021872975810074226,-0.003336174895632805,-0.001768750639551745,0.000625962437713182,0.012392057866201378,-0.0072354456285788,0.000211824707660608,0.010688430101052922,0.003029064943946001,-0.0003331667541870776
2024-12-05,0.00012344409015252721,0.011817782189903784,-0.006333565623383021,-0.05350253848018488,0.008509296967456302,-0.003195291758528217,0.004365675317326941,0.006359221807856423,0.01089568801361581,-0.0032301130534528252,0.005240087174404779,-0.011403665474181859,-0.01534848583295627,0.006055040218630679,-0.007933239176466265,0.002017949810991906,-0.007425218206128968,-0.005345819614015673
2024-12-06,-0.0008232485852677858,0.002144010570763239,-0.0014054816093780882,-0.052023532411250045,0.007629287878413657,0.004814130720496355,-0.01059786577638539,-0.02600521660172763,0.028957740788585033,0.011260041338341246,-0.01263415404902401,0.00012658067627151193,0.000397640670670748,-0.012678458259156023,0.024078392105288587,0.0014843090089807565,0.0003705152262390151,0.0026764820243668835
2024-12-09,0.015972888051646886,0.005508169368858031,0.0019403840017687933,0.02355503837768839,-0.01445553196580174,-0.009314860448760133,-0.005916915748042953,0.011782923209342381,-0.004149017251309016,-0.005089779159601024,-0.017585549377991557,0.01065112236019707,-0.005714680978544424,-0.00720291229379219,-0.016487353608352198,-0.009259818174025169,0.009870858954084192,0.0016691708119844929
2024-12-10,0.004125218176847765,-0.006049380341592426,-0.0024763255969787357,0.008118643646098935,-0.0039040878076431096,-0.015418191193038054,-0.002039278979412078,-0.0005094243613939848,-0.004654985906623553,-0.015473969484540856,0.008686328554590327,-0.02760284431153117,0.017570965299863437,-0.007524894416631473,0.009327744877078534,-0.004715978729375888,0.013078433200092778,0.0023321683075917246
2024-12-11,-0.005179471782125953,0.012686202057100011,-0.01750813641177339,-0.0576466562135456,0.0027549925932847247,0.012789005736837514,-0.006678861818827238,-0.005044549505598727,0.022930941063916892,-0.0028674024648544577,-0.00962359064660305,0.0012351081003507164,-8.730955630781301e-05,-0.002160411318406973,0.02134266314655441,-0.009499207871991235,0.00948861087633373,0.0033222621890550436
2024-12-12,0.005946018125185602,0.0012687108706727188,-0.002731495825681189,-0.03387376058585168,-0.008246449239004413,-0.0016044996982025152,-0.0008938947590347905,-0.009648859111787695,-0.005618114639912515,-0.016655087070042582,0.0012885090224725169,-0.021023317003653286,-0.005998923299450247,-0.01032617871283685,-0.0029917630172116394,-0.012221889366745599,-0.014772266058561858,0.003311261304325691
2024-12-13,0.0006853595383596076,-0.005106887541696053,0.0025950980898452737,0.009109921722680926,-0.006604796893207967,-0.010415610391146404,-0.00880271560357014,-0.005444306661576398,-0.0066165918493073725,0.006158306689077167,0.0012283935910314488,-0.0007093223643286906,-0.0003074828161525567,0.005448120259112314,-0.0166891671890818,-0.01026329154617761,-0.012165253676711313,0.00033052388449756036
2024-12-16,0.01165948661249335,0.009612249432140913,-0.019073115797573398,-0.04314787332316185,-0.0015015017836193746,0.0014507473892226353,-0.021614082942391744,-0.02974859083611976,0.023763580486964548,-0.015150889678741113,0.00046756283761811016,-0.004187357157867616,0.036154233171923435,-0.011338144821035233,0.007051728295502247,0.0029905322170470047,0.0024122504900074425,-0.0016537129601727546
2024-12-17,0.00967263547088395,0.006335212403013986,0.017639815207574953,-0.026383107874306148,-0.005105254424410714,-0.02006940686249264,-0.004249821622438,-0.008404258294691453,-0.00767112880902857,-0.005468897148505134,-0.004744203117895572,-0.008268014028038149,-0.012235567136267682,-0.007169477834274055,-0.007719065730122629,0.0024301348536987966,-0.0038460012220648187,0.0009925559125919293
2024-12-18,-0.021654585708340175,-0.03828465533076338,-0.011402788752046686,0.02882746003613743,-0.03409542386802279,-0.04344064373589966,-0.014830286261727606,-0.02758654007073488,-0.04707845671275159,-0.036524520073539554,-0.0073657561738500795,-0.03220546281568865,-0.027263150758357037,-0.02451274776632246,-0.03658052336271266,-0.012533736465727275,-0.019371466672334144,0.011507606848461983
2024-12-19,0.006990226117658188,-0.0008234029880186881,-0.008115745304886554,-0.021174335287458206,0.011180052997664156,0.006773915636409699,-0.00858779401393221,-0.020545546168807792,0.012482981318446182,-0.022598671126573742,0.0006503680719843609,-0.009720342737738828,8.815621260968332e-05,-0.010692239577313288,-0.0027163905498065223,-0.01525711914582301,0.001420039498536246,0.0019595042226257715
2024-12-20,0.018640977622868156,-0.0009843985090095216,0.006179502392663831,0.021994458351763852,0.01972182248016734,0.021624104999696164,0.003406191200684628,0.011971973977938638,0.007273408384071898,0.019496000851708616,-0.006701285270674688,0.01561133562125812,0.0063269103850170086,0.026868132054077846,-0.017479823794830148,0.005677962108784465,0.01037999770271859,-0.004905978771606128
2024-12-23,0.003060266042043722,-0.0030968654674118972,0.005522206343645656,0.012340315770049516,0.0033194005140055687,0.00823310540386009,0.004053358993126536,0.0008396893637450057,0.0006222498978500861,-0.0003821412694981749,0.0002974685451148028,-0.0017773407466160618,-0.005181586265253314,0.011376371306918409,0.02464051758986928,-0.009214558116212726,-0.004719919332483982,0.003504997856008188
2024-12-24,0.011412669882986051,0.009330260463881182,0.003984616428864,-0.0004741021780502472,0.016309910119573973,0.02082306918240239,0.0009402915589846435,0.006066752682349037,0.017573287010900208,0.009358543556367364,0.004925095254337316,0.005948500404448208,0.007718659495012037,0.005777182505185221,0.013083989235262829,0.004219656144186857,0.001990050408010009,0.0027275843708842156
2024-12-26,0.0031708003829682427,-0.0027808187140162173,-0.001852932623755828,0.009928810983101749,0.0034195110054199293,-0.002680367921535399,0.0008455071203342153,0.0009728303181937027,-0.00877006278879104,-0.0025275516438564207,0.007195548592454209,-0.0012250066184494731,0.012848514283698962,-0.007433954940034408,-0.007266153676661613,-0.0005691843745384273,0.006728472681632375,-0.002044990489490235
2024-12-27,-0.013330680688193087,-0.017453012547253514,-0.003647253122705037,-0.002271971520080849,-0.008135330119612432,-0.008726435829509264,-9.390994115486193e-05,0.00013889853426423543,-0.014640900388995468,-0.005786818179049347,-0.0037092685818142903,-0.006175051726549731,-0.010187139706048622,-0.0035991179488642127,-0.005884521119506277,-0.00823238127522288,-0.006894159037739926,-0.0017073591317079543
2024-12-30,-0.013352174576803013,-0.013327918947982461,-0.011859080001319595,-0.0043034484124837786,-0.007700510486083325,-0.004574995150527099,-0.006784797983265746,-0.006479278597598838,-0.011010110097960732,-0.008769182733258963,-0.014497312904066466,-0.0050833362652651405,-0.012760252942051823,-0.004865513178055475,-0.014390912056163748,0.008004616782819555,-0.003194824616488341,0.0010247652503141285
2024-12-31,-0.007082915289626421,-0.007869311460987535,0.008890182180545166,-0.003827718107878356,0.0016282908634042239,-0.0016227962764969535,0.01696942234120419,0.01229566391964969,-0.008668279106034621,-0.0011304952257517335,0.0033458835061845947,-0.0006889235154686207,-0.0031381934749784355,-0.000975949885455824,-0.009738764032704685,-0.005367454216154733,0.0062142879574477155,0.004428554331008865
