date,AAPL,MSFT,JNJ,UNH,JPM,GS,XOM,CVX,AMZN,HD,PG,CAT,HON,NEE,META,TLT,GLD,UUP
2017-01-03,26.7450979677,56.1661491763,89.8513883562,138.8831134021,67.8510991954,198.8959776209,60.278028528,79.456292661,37.6835,107.3437209762,65.5460590671,76.4706647973,86.7548631803,23.5141076893,115.9589165592,92.4978586952,110.47,22.3048678118
2017-01-04,26.7151637212,55.9148464954,89.7040147047,139.2788162956,67.9755538082,200.1803992175,59.6148309427,79.436066197,37.859,108.2947970536,65.7795960946,76.1289510063,86.9938161517,23.5834299407,117.7748058053,92.8535007463,110.86,22.1377901503
2017-01-05,26.8510191478,55.9148464954,90.6425521694,139.5110766897,67.3498439583,198.6901408266,58.7261461784,79.0922163094,39.0225,107.0160393024,66.2155318794,75.6651965756,87.187965441,23.5695654904,119.7395384323,94.3069943467,112.58,21.9038814242
2017-01-06,27.1503616132,56.3995016656,90.2081877229,139.7089281365,67.3576653315,201.6377237213,58.6929862992,78.7753350404,39.7995,106.7203265725,66.1921781767,75.6977407462,88.509674064,23.500243239,122.4584108555,93.4410832656,111.75,22.0626052026
2017-01-09,27.3990461229,56.2199997507,90.192674707,139.3132252429,67.4045935702,199.982795895,57.7247178246,78.1011195745,39.846,107.3437209762,65.7017504188,75.1526258892,87.7778805891,23.4408241663,123.9369217717,94.1910241126,112.67,22.0041280211
2017-01-10,27.4266777351,56.2020495592,90.0995966113,138.9949424807,67.6001278983,199.7193247982,56.9885685049,77.5078099644,39.795,108.7743312103,64.9933547685,76.340488115,88.0018989998,23.4863787887,123.3911627087,94.1291733211,113.15,22.0124819042
2017-01-11,27.5740463335,56.7136300167,88.9904159712,139.261611822,68.1085171512,202.3458022938,57.57218238,78.1617989664,39.951,108.4546417725,65.1957535258,77.0076436117,88.1213754855,23.6507715564,125.1177459263,94.4461586276,113.5,21.9623586057
2017-01-12,27.458914616,56.1930744635,88.9050943835,139.6659169524,67.4515218089,200.7649757134,57.2604795149,78.3168685236,40.682,107.951130908,65.265814634,76.4706647973,87.837618832,23.6685972782,125.6436592052,94.2374122062,113.91,21.878819775
2017-01-13,27.4105592947,56.2738503252,88.8895813675,139.1841916907,67.8113049726,201.143715415,57.2671114908,78.4651959261,40.857,107.9271542002,65.398152283,76.8693308867,88.1661791676,23.5794686692,127.3503966388,93.7889939678,114.21,21.8537581257
2017-01-17,27.6316121922,56.1212736975,89.0990070828,138.2035366936,65.347572439,194.0958635772,57.9369410519,78.3977743795,40.486,108.6384631993,66.3323003932,76.1289510063,87.5389276177,23.8112030526,126.8840207122,94.770875283,115.85,21.6532649319
2017-01-18,27.6293095579,56.0943484103,88.9671464473,135.6916835432,65.6526059908,192.9020101702,57.2206876598,78.1685411211,40.374,108.822284626,66.6355093006,76.5601612663,88.1587118873,23.7735709732,126.9336351724,93.5570534997,114.87,21.8537581257
2017-01-19,27.5809542365,55.9148464954,88.5793210486,136.5174982776,65.1520381109,190.5307702995,56.1927314026,77.9258235533,40.452,108.2068824582,66.4550528407,76.6011771033,88.0467026819,23.6250232916,126.5664881664,92.9153515378,114.77,21.8203425934
2017-01-20,27.6316121922,56.3097507082,88.5405385088,136.4830893303,65.4414289164,191.1812145696,56.9620406015,77.9393078626,40.4165,108.3747194131,68.6126844265,77.5855571903,87.9794971587,23.6210620201,126.0604206716,92.7297991633,115.05,21.7451576458
2017-01-23,27.650033267,56.5072028146,88.3543823174,136.8357810398,65.4727144089,191.5681877429,56.351898823,77.7977226148,40.894,110.3488016915,68.2282337076,77.4871191816,87.6733386641,23.5259915038,127.93584727,93.6575610359,115.79,21.6282032827
2017-01-24,27.6247042892,57.0098081763,86.6867331033,138.0056852468,66.2626730943,192.399768392,56.4314825333,78.4584537714,41.122,110.3408094555,68.9343676811,78.9472829773,88.0840390837,23.5319334111,128.3724545205,93.015859074,115.27,21.6365571658
2017-01-25,28.0645074499,57.1534097083,87.4934099325,138.7024664289,67.2872729734,195.339117815,56.5972819296,79.0450212268,41.826,109.8772597707,68.3851523683,80.5140879491,88.0243008409,23.5735267619,130.4661847442,91.8484253844,114.32,21.5613722181
2017-01-26,28.078323256,57.6829403573,86.7487851671,140.0014041882,67.8504118382,197.2575167381,56.7697133018,78.5798125553,41.9575,110.6604988933,67.9457801182,79.7511933817,88.0915063641,23.5200495965,131.7561607114,92.1576793419,113.26,21.7033882304
2017-01-27,28.0806258903,59.0381798149,87.9432873949,140.2078578718,67.9911965544,195.0921136618,56.7100255191,76.7189778693,41.7885,110.556599826,68.0399313146,81.20315401,88.4275339801,24.0389761645,131.160787188,92.4901273462,113.49,21.7117421135
2017-01-30,28.0069415912,58.4547985914,87.7493746956,139.4336565583,67.2872729734,192.580904771,56.2789470887,75.3907734014,41.519,110.6684911293,68.0634691137,79.3984571838,88.9427763247,24.2528848261,129.9700401414,92.2117987845,113.97,21.6699726981
2017-01-31,27.9424678294,58.0239939956,87.8424527912,139.4422587952,66.1922807362,188.809974699,55.6356454309,75.0738921324,41.174,109.9571821302,68.7303734221,78.4714992686,88.3528611766,24.504425567,129.3151292657,92.8535007463,115.55,21.4945411535
2017-02-01,29.6464172479,57.0636587508,87.8269397753,139.966995241,66.4425646761,189.9214933883,55.0056077249,74.8379167193,41.6175,109.8452908269,68.51853323,78.020325062,88.1139082052,24.2865556339,132.2026908538,92.2807307185,115.2,21.5112489196
2017-02-02,29.5957592922,56.6956798252,88.0906610464,138.2895590617,66.1609952437,189.7074231222,55.3438384934,75.6537174331,41.9975,109.4536712656,68.8559083507,76.9211006316,88.1064409248,24.4529290374,129.8311196526,92.2419898575,115.84,21.5446644519
2017-02-03,29.7224041814,57.1534097083,88.1449566022,139.2444073484,68.1867308825,198.385502371,55.4035262761,76.5706504668,40.51,110.276871568,68.5813006943,76.5191454294,89.0025145676,24.601476719,129.9700401414,92.2032489966,116.13,21.5363105689
2017-02-06,30.0010229377,57.1175093253,87.9588004108,138.0745031413,67.8660545844,197.586855609,55.2509908314,76.1728633419,40.382,109.0860284122,68.5734547613,76.1828155663,89.1145237729,24.5321544676,131.0417124834,92.7611173939,117.7,21.553018335
2017-02-07,30.286549597,56.9290323146,88.0208524746,138.091707615,67.8269477188,197.2904506252,54.8928641354,75.100860751,40.625,109.2139041873,69.0520566767,76.5437549315,89.3982804264,24.6252443481,130.8234088582,93.4429565462,117.46,21.661618815
2017-02-08,30.4039839488,56.8482564529,87.9588004108,137.902458405,67.2325233615,195.7343244601,54.5347374393,75.2289616896,40.9855,110.1969492085,69.3031265339,76.2156282359,89.4057477068,25.0154295919,133.1652113832,94.7136567844,118.19,21.6365571658
2017-02-09,30.622734212,57.4944633466,88.486242953,138.0142874836,68.2023736287,198.8795106774,54.7756862056,75.6874282064,41.068,110.8603047919,69.5698882572,77.076960812,90.1002047799,24.6886246923,133.1056740309,93.6211645064,117.29,21.7200959965
2017-02-10,30.5533578318,57.4406127721,89.3859978778,138.2809568249,68.0459461663,199.8428268748,55.2308116531,76.2200584245,41.373,111.7714196897,69.0206729445,79.004705149,90.9888111424,24.8510368242,133.1552884912,93.5669273011,117.6,21.7451576458
2017-02-13,30.8239257145,58.0868196658,89.8824143881,139.3476341902,68.9454040754,202.7657093542,55.5520766748,76.7998837252,41.8265,111.7874041616,69.2874346678,80.8011988078,92.3105197654,24.9560105193,133.0163680024,93.2724967581,116.8,21.7952809442
2017-02-14,31.2239961736,58.3022219637,90.2547267708,140.3282891873,70.0482176856,205.3921868498,55.4316022917,76.5908769308,41.8195,112.9782473173,68.9343676811,80.4648689447,92.3105197654,24.9560105193,132.8179101613,92.598405778,116.93,21.8454042427
2017-02-15,31.3373109279,58.266104744,90.9062734405,141.326148658,70.8538191173,206.2814018013,55.6591650154,76.62491127,42.135,113.6416029008,71.4921418518,81.2277635122,92.803360269,24.8153853806,132.411071587,92.1722563079,117.45,21.8036348273
2017-02-16,31.2991539188,58.257075439,91.5888461421,140.7756055017,70.8068908785,205.3757199063,55.0835651848,75.3384132483,42.207,113.1221075644,71.2332260615,80.6043227904,92.7137529047,24.9936425986,132.8079872692,92.6758874999,118.08,21.6783265812
2017-02-17,31.385874394,58.3473684884,92.1938537639,135.5884567014,70.5722496848,206.149666253,54.7221420353,75.1001728739,42.2535,114.2889740123,71.4686040527,81.0883096665,93.0124441189,25.1263451943,132.5003776155,93.226007725,117.68,21.7869270611
2017-02-21,31.6125039026,58.2299875242,92.8143744018,138.1261165622,71.1823167884,207.2858853576,54.8091513121,76.0463275036,42.822,115.9034056732,71.923668169,80.4730721121,93.1244533243,25.4036342,132.6889125646,93.0632961091,117.75,21.887173658
2017-02-22,31.7073182889,58.1126065601,92.7057832901,138.1261165622,71.221423654,207.2611849423,54.1666212686,75.1342072131,42.7805,116.0872270999,71.7432117091,80.5551037861,93.8674477197,25.4392856436,135.0704066579,93.2182595528,117.91,21.8370503596
2017-02-23,31.5731906205,58.3473684884,94.3967020282,139.872370636,71.2761732659,206.8165774666,54.7355280779,75.5698467548,42.6095,115.6556463589,71.4999877848,78.3812644273,93.702293861,25.5838720538,134.3162668616,93.4971937514,118.94,21.7869270611
2017-02-24,31.6032537186,58.3473684884,95.8161429872,140.2680735295,70.6504634161,203.6549243057,54.2670165879,74.9572286493,42.262,116.6466836161,71.4372203205,78.3238422555,93.8599407262,26.133003317,134.3956499981,94.5354488242,119.7,21.8286964765
2017-02-27,31.6656924607,57.9952255959,95.5585097501,142.263792471,70.7286771473,205.2851517168,54.574895567,76.0667481071,42.432,116.1271882796,71.3116853919,79.9316630643,93.754842816,25.9154943554,135.3581705275,93.9775804269,119.12,21.8286964765
2017-02-28,31.6795677368,57.7694929726,95.4101754621,142.263792471,70.8772832366,204.7746764669,54.4276490987,76.5772631951,42.252,115.8154910778,71.4529121866,79.2918160077,93.4620700664,26.1409852972,134.4948789186,94.3262481752,119.23,21.8119887104
2017-03-01,32.3270806185,58.6363062463,96.6983416475,144.465965096,73.2080524271,208.6132729579,55.5654627174,77.5166109569,42.654,117.23011684,71.9158222359,80.8668241469,95.5264933008,25.8237015826,136.3603826251,92.7486250159,119.06,21.9623586057
2017-03-02,32.1351393,57.7965808874,96.5187790883,143.9240241765,72.0661319513,207.2511903321,55.7528673134,77.1626538293,42.4455,118.245130805,71.327377258,77.4050875077,94.8358498915,26.1290123269,135.7054717494,92.4148013886,117.58,22.0542513196
2017-03-03,32.3247680725,58.0132842058,96.6436921729,144.6896232532,72.5823425773,208.7618637898,55.1906535254,77.2919843182,42.494,118.1332395018,71.0056940034,78.0285282294,94.7457659686,26.101075396,136.1123103237,92.6554649339,117.51,21.8621120088
2017-03-06,32.2230160482,58.0313428157,96.5812356306,145.119735094,71.8940617426,208.0354197227,55.4382953129,77.0333233403,42.3305,117.5897674576,70.9036968739,78.4714992686,94.648175052,26.069147475,136.3603826251,92.2129545441,116.72,21.9372969565
2017-03-07,32.2646418763,58.1487237798,96.6749204441,144.7756456214,71.4951717133,207.1191095926,55.2308116531,76.1075893141,42.301,117.4139382668,70.8409294096,78.6929847882,94.7833009365,26.0711429701,136.2413079204,91.933474298,115.78,21.9623586057
2017-03-08,32.144389484,58.681452771,96.8857112744,144.9777981866,71.3387442509,206.5742765422,54.2335514814,74.6100783894,42.525,118.1376236827,70.723240414,76.4781295924,95.0310317246,25.8296880677,136.6580693867,91.4366205271,115.06,22.0375435534
2017-03-09,32.0703880118,58.4466908427,98.3300188156,145.06414075,71.6203136833,206.5247462649,54.6619048438,74.9027737065,42.65,117.8963952108,70.8801590748,74.9687467923,94.7307519814,25.6919989085,137.1740597736,90.7068665511,114.47,21.995774138
2017-03-10,32.1767651281,58.6272769414,98.5330025781,146.7650892487,71.3934938627,205.0388379458,54.621746716,75.2907651734,42.623,118.0813370393,71.4529121866,75.7234381924,95.3688464357,25.9534087615,137.7198188366,91.0251634981,114.72,21.8454042427
2017-03-13,32.1906404041,58.4286322328,98.8999347643,146.9636771445,71.4560648477,204.857226929,54.4945793116,74.4330998256,42.7295,118.5477120851,71.6412145796,75.9941427163,95.1361296347,26.0332285639,138.5235730931,90.4506763255,114.74,21.878819775
2017-03-14,32.142076938,58.1577530848,99.1887962725,145.9707376655,71.5733854445,204.4940048955,54.2067793963,73.0785331255,42.6265,118.3306064603,71.3979906553,75.3542956597,94.3704162896,26.0551790096,138.2457321156,90.885423375,114.12,21.9540047227
2017-03-15,32.4820212009,58.4647494525,100.6799462204,148.3192553897,71.7454556532,203.718030551,54.8827745462,74.1131770372,42.6485,118.9658414366,71.7118279769,76.5847707685,95.3162974806,26.3205798527,138.6426477978,91.9955810194,116.25,21.6950343473
2017-03-16,32.535209759,58.3654270983,100.2895928309,147.9048110855,71.6750632951,204.9067572063,54.9296256952,73.4188765175,42.671,119.5930354638,71.7432117091,76.1664092315,94.8583708722,25.9214808405,138.9105658833,91.5297806091,116.73,21.6198493996
2017-03-17,32.3733315386,58.5731011118,99.9773101193,146.5233300712,70.9242114754,201.3735974253,54.8827745462,73.2963528964,42.6155,120.2925980325,71.3979906553,76.2156282359,95.4589303586,25.9873321775,138.7617225025,92.1042677818,116.99,21.6282032827
2017-03-20,32.7132758015,58.6272769414,99.9851171871,145.0555064936,70.4158222224,199.8876891062,54.8827745462,73.2827391607,42.8485,118.8452272006,71.5706011822,78.2582169164,94.9634687824,25.9194853455,138.860951423,92.5001981304,117.5645,21.6345522338
2017-03-21,32.3386433485,57.9771669861,99.3449376283,144.7964788034,68.350979718,192.3425768636,54.7689931843,73.5414001386,42.16,117.8883542617,71.5470633831,75.8218762011,94.3328813217,26.3106023774,137.4419778591,93.2687688073,118.54,21.5028950366
2017-03-22,32.7040256175,58.7175699907,98.5720379171,144.2179836287,68.4604789418,190.7493529436,54.7221420353,73.779640513,42.403,118.4914254417,71.3901447223,75.8218762011,94.2127694244,26.4223501008,138.5136502011,93.6414091355,118.83,21.4861872704
2017-03-23,32.5883983172,58.5731011118,98.2909834766,142.7156230258,68.350979718,191.4345217797,54.7890722482,73.4256833854,42.369,118.9980052328,71.2175341954,75.6578128532,94.2277834116,26.3584942589,138.4541128487,93.5094323526,118.67,21.5112489196
2017-03-24,32.523647029,58.672423466,97.9630866295,142.4652295919,68.2727659868,188.5535106498,54.3674119072,73.5073657994,42.2805,118.772858659,71.0606155347,75.5921875141,93.6647588931,26.5001744082,139.2578671052,93.8432559799,118.86,21.5028950366
2017-03-27,32.5791481331,58.7807751253,98.2129127987,142.1198593384,68.2336591212,186.1347821081,54.3807979497,72.3433913989,42.341,118.0974189374,70.9978480703,75.067184801,93.4620700664,26.1609402478,139.2380213211,94.2702396893,119.53,21.3859406735
2017-03-28,33.2544115669,58.952331919,98.1036138497,142.7674285638,69.2973658659,189.3129749018,54.7756862056,72.9492026366,42.8,118.3627702566,71.2096882624,76.2484409054,94.0476155656,26.1928681688,140.6669177771,93.6414091355,119.04,21.5028950366
2017-03-29,33.3284130391,59.1148594078,97.5258908332,141.1182856031,69.0392605528,188.5865308347,54.8961605888,73.5618207422,43.716,118.2341150715,71.0841533338,76.1746123989,94.0626295528,26.0511880195,141.55005517,94.2003696278,119.33,21.5446644519
2017-03-30,33.284474665,59.3315627263,97.3229070707,142.4565953356,69.6336849101,190.8731786369,56.0205881648,73.3644215748,43.817,118.1617465299,70.7703160122,76.469926425,94.1452064822,25.5682782148,141.3119057607,93.4395622911,118.47,21.6866804642
2017-03-31,33.2220359228,59.4670023003,97.237029325,141.6104382144,68.7029415086,189.6349217043,54.8894675675,73.0853399934,44.327,118.0652551411,70.4957083559,76.092580725,93.7398288289,25.6161700962,140.9546816467,93.711279197,118.72,21.6783265812
2017-04-03,33.2312861068,59.1870938473,97.3463282741,142.9746507159,68.4526575686,189.0075381918,54.9296256952,73.3780353105,44.5755,117.8963952108,70.3623274942,75.6906255228,93.3344511756,25.6860124234,141.182908164,94.6541818881,119.35,21.6783265812
2017-04-04,33.4787285295,59.3496213362,97.3385212063,142.4393268229,68.6794773892,189.2551895783,55.1304163338,73.9634259447,45.3415,117.6712486369,70.5427839541,77.2164146577,93.2218462719,25.8496430183,140.6371491009,94.1407294344,119.62,21.7033882304
2017-04-05,33.305287579,59.1961231523,97.4322060197,142.7846970765,67.7984670275,187.9343821835,55.2375046744,73.949812209,45.464,117.9124771089,70.5898595523,77.306649499,92.7639196635,26.069147475,140.7562238056,94.4285739918,119.62,21.6950343473
2017-04-06,33.2220359228,59.3496213362,97.6273827145,142.7587943075,68.0265857819,188.7433767128,55.5587696961,74.3922586186,44.914,118.3949340529,70.1426413691,78.6027499468,92.9591014966,25.8935439097,140.0814671458,94.2885415044,119.18,21.7451576458
2017-04-07,33.1480344506,59.3044748115,97.5258908332,143.3459237385,67.7906008636,188.1159932003,55.3914441639,74.0995633015,44.744,118.3064836131,70.0092605074,78.3566549251,93.2894092141,25.7279178196,139.6944743557,93.9073419554,119.46,21.8454042427
2017-04-10,33.1087211685,59.1690352375,97.0730809014,142.8796738962,67.5546159453,188.9497528683,55.6390859515,74.4875547683,45.352,119.1749061123,70.2132547664,79.6855680425,93.4320420921,25.8276925727,139.9524695491,94.3429985828,119.46,21.8036348273
2017-04-11,32.7525890836,59.1238887128,96.9793960879,143.1818728681,67.4366234861,188.0004225533,55.4449883342,74.1744388477,45.118,119.1668651632,70.4564786907,79.652755373,93.4920980408,25.805742127,138.8411056389,95.2376505855,121.19,21.7368037627
2017-04-12,32.7919023657,58.8981560894,97.9006300871,142.9487479469,67.177040076,186.357668356,55.531997611,74.1744388477,44.8115,117.8320676182,70.8566212756,77.8152458772,92.4486259332,26.0432060392,138.503727309,95.7588826219,122.02,21.6282032827
2017-04-13,32.6184614152,58.6453355512,97.5805403078,142.4306925666,66.3904236817,184.3516921252,54.6752908863,72.2208677778,44.2335,117.325487827,70.6369351506,76.3714884163,91.9606713505,26.0950889108,138.31519236,96.0545067619,122.6,21.7033882304
2017-04-17,32.7988400037,59.1238887128,98.1504562564,144.3474974738,67.5388836174,186.7786757131,54.6016676522,72.2685158526,45.0995,118.4512206963,70.91938874,77.224617825,92.6588217534,26.1230258417,140.3295394472,95.7588826219,122.24,21.6449110489
2017-04-18,32.6531496053,59.0426249684,95.1056998183,145.5649276176,66.9882521414,177.9705413992,54.246937524,71.9349793285,45.189,118.8130634043,71.2410719946,77.4296970098,92.3960769781,26.328561833,139.8730864127,97.0113954257,122.82,21.4611256212
2017-04-19,32.532897213,58.7265992957,94.7543817678,146.134788536,66.4376206653,176.7322844666,53.872128332,70.9479834918,44.96,118.3788521547,70.8406155722,76.6750056098,92.1408391964,26.2407600503,141.1729852719,96.4823838067,121.73,21.5363105689
2017-04-20,32.9399053101,59.1419473227,95.1447351573,148.1120332376,67.2950325352,180.0095378149,54.2201654389,71.3904299013,45.103,119.5849945147,70.6271449673,78.2828264186,92.9140595351,26.1150438614,142.6911877564,96.1089638403,121.96,21.5446644519
2017-04-21,32.900592028,59.9545847668,95.0588574116,147.7839314967,66.484817649,179.0189322688,54.0059887577,71.3972367692,44.9265,120.6142359952,70.0657963394,78.0016499873,95.39887441,26.5440752995,142.5721130517,96.1089638403,122.31,21.5613722181
2017-04-24,33.2174108308,60.9748962244,95.9410560718,148.7941394884,68.8289345041,184.269141663,54.2870956517,72.1051510245,45.3705,122.1339753687,70.8010839787,80.0608538515,97.4332696701,26.4901969329,144.3483107296,95.6344092998,121.48,21.3608790243
2017-04-25,33.4232274253,61.3270391169,96.3626377325,150.2705973223,69.4267629638,187.0841124231,54.7020629715,72.6497004516,45.381,123.0506435623,71.1568683203,86.3542439745,97.0654269847,26.5241203489,145.3604457193,94.4830310702,120.25,21.3024018428
2017-04-26,33.2266610148,61.2457753725,96.4250942748,150.5641620378,69.5604877508,186.7291454358,54.481193269,72.2072540421,45.4645,124.0075165012,69.3700402936,86.5527214554,97.665986471,26.5061608934,145.4299059637,95.0042631066,120.84,21.3525251412
2017-04-27,33.2520990209,61.6430647896,96.604656834,150.7800184463,68.9154623075,186.4071986333,54.387490971,71.7920351039,45.919,125.5352968238,69.3305087001,84.9152822381,97.5008326123,26.6438500526,146.561115658,94.973144776,120.39,21.3859406735
2017-04-28,33.2197233768,61.8146215833,96.3938660037,150.9958748548,68.4356263069,184.7479343436,54.6485188012,72.6292798481,46.2495,125.5192149256,69.0458812268,84.5679466466,98.4467138033,26.6518320328,149.0914531321,95.1831935071,120.77,21.3608790243
2017-05-01,33.8972993566,62.6724055521,96.2923741224,150.745481421,68.4828232906,185.6147141965,54.9229326739,72.0983441566,47.4115,123.9994755521,68.856129578,84.3529293756,98.2665459574,26.5480662896,151.2844122763,94.3934180578,119.67,21.3775867904
2017-05-02,34.1123661351,62.5730831979,96.5734285628,150.3569398857,68.0423181098,185.8376004443,54.9162396526,71.7171595576,47.347,124.594505783,68.1682798509,83.9477045188,98.4842487712,26.7436248056,151.6019448221,94.8767672418,119.65,21.3441712581
2017-05-03,34.0083015649,62.3744384893,96.2845670546,148.9754588715,68.4356263069,186.8199509442,55.3512860362,72.6428935838,47.0515,124.6347105283,68.3343125436,83.9725142039,98.3941648483,26.6119221316,150.6295014007,94.9391348785,117.98,21.4277100889
2017-05-04,33.8857366265,62.1306472561,96.7686052576,150.2533288096,68.5142879464,187.0510922383,54.6418257799,71.3427818265,46.8765,124.5221372414,68.350125181,82.194486771,98.4917557648,26.8074806476,149.6868266554,94.4713776036,116.79,21.2940479597
2017-05-05,34.447685306,62.3022040498,96.4250942748,150.339671373,68.4356263069,187.2822335324,54.8961605888,72.0098548747,46.7075,125.2216998102,68.3896567745,82.4012341469,98.64940263,26.8054851525,149.0815302401,94.557133104,117.01,21.2606324274
2017-05-08,35.3842664385,62.2480282202,96.2221105123,150.6159675759,68.5142879464,185.7633050284,55.4784534407,72.6156661125,47.452,126.1544499019,68.4291883681,82.1779469809,98.4392068097,26.9292058463,149.8952073886,94.0426001017,116.75,21.3775867904
2017-05-09,35.6108959471,62.3383212696,96.1908822411,149.5798568152,68.2389722084,184.7149141588,55.0902582061,71.5265672581,47.641,126.7896848781,68.3105935875,82.1117878206,99.0247523089,26.6937374291,149.3196796494,94.0348041471,116.05,21.4861872704
2017-05-10,35.4420800886,62.5821125028,95.8785995295,149.7093706603,68.7738713565,185.6394793351,55.3378999937,72.4931424913,47.4475,127.1515275861,68.3817504558,82.9966665896,98.8971334181,26.7735572315,149.1311447003,93.925660783,116.04,21.4945411535
2017-05-11,35.7473361614,61.8146215833,96.1830751733,149.6489308659,68.56148493,185.5404187805,55.8108157548,72.295743324,47.381,125.5996244163,68.1287482574,83.5176699769,99.0172453154,26.8673454994,148.8830723989,93.925660783,116.5,21.5028950366
2017-05-12,36.2465682026,61.7423871439,96.5265861561,148.3451581587,68.3726969954,183.9389398143,55.7702801181,72.125571628,48.0675,126.1785727491,68.1445608948,83.2861129158,98.7094585786,27.0489355499,149.1708362686,94.6350926498,116.83,21.3942945566
2017-05-15,36.1536878229,61.7875336685,99.1419538658,148.1033989812,68.703075881,185.8376004443,55.9391786043,72.7313828657,47.8985,126.5082516608,68.2552493566,84.7002649671,99.077301264,27.1646742634,149.0319157798,94.3778261487,117.14,21.3358173751
2017-05-16,36.1002816045,63.0245484446,99.7509051534,145.1591175697,68.9154623075,186.2338426628,55.7702801181,73.0036575793,48.3035,127.256059924,68.1840924883,84.6341058068,99.0998222447,27.118777877,148.6250772055,94.7286441048,117.65,21.1770935966
2017-05-17,34.8881926486,61.2721009803,98.8921276965,145.7980525388,66.2881635504,176.4268477566,55.3919475092,72.0030480069,47.238,125.5111739766,68.1999051257,82.8147288987,98.0450896468,27.2285301054,143.7330914222,96.1085280655,119.79,21.0350775843
2017-05-18,35.4199328227,61.4809418698,99.1263397302,148.0343249305,66.0443124682,177.6155744119,55.2298049625,72.3262708585,47.9245,125.197576963,67.8915586963,82.880888059,98.4072694454,27.3263093634,146.5214240898,96.2176714296,118.81,21.110262532
2017-05-19,35.5406773164,61.4627817925,99.1497609336,149.0186301532,66.6893379115,177.8054404749,55.3514118725,73.2546769216,47.992,125.680033907,68.1840924883,84.7085348622,99.1467198676,27.3961516905,146.918339772,96.4437541125,119.4,20.9598926367
2017-05-22,35.7566241994,62.1528647318,99.3527446961,150.8404582407,66.6264086,178.3255083866,55.5946256926,72.9795936437,48.5335,125.4066416387,68.1603735322,84.5927563317,99.4787180163,27.607674167,147.096951829,96.1786916567,119.9,20.9264771044
2017-05-23,35.712506019,62.3617056213,99.5557284586,151.2894395703,67.460221978,181.3138351172,55.7905479365,73.0827498729,48.577,124.4980143942,68.0575913891,85.7009222666,99.4862634287,27.7293993657,146.928262664,95.5316274266,119.14,21.0183698182
2017-05-24,35.6056935823,62.4434259694,99.5479213908,151.6089070548,67.4208911583,184.7726994823,55.5946256926,73.0483644632,49.0175,124.6347105283,68.3896567745,85.9655589078,99.7050803904,27.9668632779,148.8830723989,96.0695482926,119.61,20.9515387536
2017-05-25,35.7287600855,63.2152292568,100.2193292208,153.7329341142,67.1377092563,183.6500131967,55.2298049625,72.2850083668,49.669,125.808689092,68.6742842478,86.8504376767,100.9198917982,28.272672896,150.7882676736,96.1007321109,119.48,20.9766004028
2017-05-26,35.6683878386,63.5239505717,99.7399613009,153.2580500156,67.1455754202,184.5250480958,55.0946861736,72.0168021708,49.789,124.5543010377,68.9826306772,87.3797109591,100.5426211747,28.2746823255,150.9569568385,96.2644471571,120.54,21.0267237013
2017-05-30,35.6823198956,63.9325523121,99.8892726202,152.4723326887,65.9971154845,180.925847945,54.7906688986,71.5629147621,49.835,124.4497686998,69.1012254577,87.2225829534,100.3011679756,28.2626257486,151.2050291399,96.7400003865,120.14,21.001662052
2017-05-31,35.4710170316,63.4149901076,100.7851405361,151.2549025449,64.6205367944,174.9949392769,54.3853125319,71.1640440091,49.731,124.150532838,69.6467614482,87.1895033732,100.3464404504,28.4213706781,150.2921230708,96.9816749785,120.62,20.9515387536
2017-06-01,35.5685414304,63.6510711132,101.2016405321,155.0539753341,65.3363577133,178.1012112749,54.5204313208,71.7073334831,49.7975,125.4768755769,69.678386723,87.371441064,100.6935294241,28.5138044345,150.3615833152,96.9917988051,120.72,20.9766004028
2017-06-02,36.0956375855,65.1583575333,102.2232442958,154.8899244636,65.0059788277,176.6930346358,53.7097185874,70.909591977,50.3365,125.6386246914,70.0420773833,87.6195379151,101.1311633474,28.6765682231,152.4255448627,98.1402317028,121.61,20.8763538059
2017-06-05,35.7426921424,65.6305195444,102.4432820295,154.8726559509,65.1239712868,177.2563052914,54.128586833,70.9646086326,50.567,125.1857271708,70.1606721639,86.9992957874,100.723711074,28.5037572871,152.4453906468,97.5308591448,121.73,20.8930615721
2017-06-06,35.8634366361,65.8484404726,102.8126310825,156.1246231201,65.2576960738,177.7036084591,54.8649842325,71.6385626636,50.15,124.708567283,70.2081100761,86.46175261,100.1578051387,28.5178232935,151.6317134983,98.0621070158,123.1,20.8429382736
2017-06-07,36.0770615096,65.7303999698,102.7497631586,158.1882103851,66.0049816485,178.7390324585,54.6623060492,71.3634793856,50.5035,125.3232139181,70.18439112,85.6016835262,100.1427143137,28.6504456397,151.939323152,97.5933588944,122.45,20.8679999228
2017-06-08,35.9888251488,65.3308782681,102.5925933488,156.8758034216,66.8230626986,181.2074832728,54.4663838053,71.5216522705,50.5135,124.1424453823,69.4570097994,86.8421677817,100.7689835488,28.4233801076,153.5170629888,97.3355474275,121.65,20.9431848705
2017-06-09,34.5932974429,63.850831964,103.3627254168,156.6772155258,68.4041616512,184.2557715268,55.4865306614,73.1721519382,48.9155,123.7057227731,69.7021056791,87.59472823,100.9500734481,28.1802391395,148.4464651485,97.1871105224,120.54,21.0100159351
2017-06-12,33.766662063,63.3605098756,103.5906216411,154.7690448749,68.4198939791,183.8167517511,56.027005817,74.2999933779,48.2455,123.0749012265,69.7653562287,87.7187766556,100.5501665871,28.0154659215,147.2954096701,97.1558606476,120.36,20.9766004028
2017-06-13,34.0383371738,64.1504732403,103.7477914509,156.3232110159,68.6480127334,185.7136485179,56.0472736354,74.3618871154,49.0395,124.5387307128,69.6230424921,87.4541400144,101.4027981963,28.1219656844,149.5181374905,97.171485585,120.48,20.9515387536
2017-06-14,33.7062898161,63.8054317707,104.3371782376,157.4542985963,68.5064217824,187.6271120686,55.4459950248,73.3096935772,48.8235,126.7789559487,69.9234826028,86.5940709306,101.2896170093,28.3630972229,149.0914531321,98.6714795738,119.82,20.9348309874
2017-06-15,33.5042749901,63.4694703397,104.5493574809,156.3922850666,68.0973812574,184.9101594944,55.5743578742,73.1240123646,48.2085,126.7870434044,70.6666765608,87.9916831918,101.4631614961,28.5077761461,148.6449229896,98.5152302,119.32,21.0601392336
2017-06-16,33.0352290723,63.5602707264,105.5788197351,157.4760546438,67.7906008636,183.7339178312,56.405338426,74.5131829183,49.3855,126.68190648,70.8880534845,88.9840705962,101.5838880956,28.7026908064,149.4784459223,98.7105419172,119.34,20.9849542859
2017-06-19,33.9802869364,64.3502340912,105.3587820013,158.6812064136,69.2773058489,187.3123431728,55.9121548465,73.9011226248,49.7585,128.4368843724,71.0461798585,88.8931017508,102.4968830046,28.6122664795,151.6912508506,98.5699174808,118.43,21.0768469997
2017-06-20,33.6714596737,63.4785503784,105.4766593587,158.8979603291,68.844666832,186.4591537974,55.6081375715,73.2271685938,49.6295,127.5149144197,70.8643345284,88.5209564742,101.7951596448,28.5258610115,151.0760315432,99.4527264429,118.18,21.110262532
2017-06-21,33.8711524902,63.8054317707,106.0188952025,160.3285361709,68.5300202743,184.2971884868,55.0203708397,71.858629286,50.1115,126.6414692014,70.6824891982,85.568603946,101.2971624218,28.3450123576,152.7232316244,99.6558506289,118.52,21.0684931166
2017-06-22,33.8154242623,63.796351732,106.9147631184,161.6984209165,68.4513586348,182.0441058643,54.7771570197,71.8311209582,50.065,125.7437616159,70.3899554062,85.8745900624,101.1613449973,28.4515121204,152.2171641296,99.8745997523,118.92,21.0768469997
2017-06-23,33.9663548795,64.6589554061,107.213385757,160.6146513393,68.3255000117,179.9069907297,55.1352218103,72.2093604654,50.187,122.3712925784,70.6983018356,86.0978772284,101.1009816975,28.7629736911,153.8742871028,99.8277249401,119.43,21.0100159351
2017-06-26,33.8595424427,64.0415127762,107.1426593426,160.5019393033,68.6244142416,182.5990931279,54.8852520508,71.6179314177,49.699,122.4602545914,70.6508639234,86.2136557589,101.3047078342,28.9820015053,152.4056990786,100.2027234373,118.36,21.0434314674
2017-06-27,33.3742424585,62.8429476711,106.0974801074,160.0510911592,69.261573521,182.466558856,54.7974248381,71.5697918441,48.839,123.1234259609,70.0578900207,85.9490191177,100.3011679756,28.5881533256,149.4189085699,99.1324152266,118.81,20.8095227413
2017-06-28,33.8618644522,63.3786699529,105.1623197391,161.0048083871,70.653884539,184.9018761024,55.0811742947,71.714210565,49.5165,123.9240840777,69.8681383719,88.033032667,101.0858908726,28.3369746396,152.0583978567,98.8042915415,118.9,20.7426916767
2017-06-29,33.362632411,62.1891848865,104.2350178612,160.6319916526,71.7000843434,185.8875997498,54.5204313208,71.6041772538,48.7965,123.0587263151,68.777066391,87.363171169,99.8408978149,28.1259845434,149.8753616045,97.9761698602,118.32,20.6424450798
2017-06-30,33.4415807338,62.5887065882,103.9599706941,160.7620440018,71.896738442,183.8084683591,54.5406991392,71.7485959748,48.4,124.061570825,68.9035674902,88.8682920657,100.5728028245,28.1581354152,149.8158242522,97.7496082682,118.02,20.6758606121
2017-07-03,33.3208362401,61.8986236489,104.439338614,161.8284732658,73.3519787715,188.2649332522,55.4662628431,73.1033811187,47.683,124.5549056243,69.3700402936,88.4630672089,100.8897101483,28.0556545113,147.285486778,97.4352642154,116.09,20.8011688582
2017-07-05,33.4578348002,62.7249071683,105.0208669103,163.2156983246,74.0874757015,188.8944710438,54.6217704125,71.9480313513,48.57,123.4873614685,69.3146960627,88.8931017508,100.9576188606,27.8949001522,149.1807591606,97.458750138,116.52,20.8095227413
2017-07-06,33.1420415091,62.2618251959,104.1407159754,162.0799078077,73.8502186273,187.7762131245,54.128586833,71.3978647954,48.257,122.9697643021,69.0775065016,88.0826520372,100.6331661243,28.0456073638,147.6724795682,96.6524001288,116.47,20.7176300275
2017-07-07,33.4787328857,63.069948638,104.1564329563,162.9642637827,74.2219213769,186.6082548533,54.1961462275,71.1709210911,48.938,123.1153385052,69.2988834253,88.4217177337,101.1990720596,28.2284654473,150.2722772867,96.0730807048,115.28,20.7510455598
2017-07-10,33.6830697212,63.5421106491,103.3784423978,162.0885779643,73.6999558137,187.072124805,54.1556105908,70.8614524033,49.8235,122.266155654,68.856129578,89.1825480771,101.6291605705,28.3389840691,152.3163930501,96.2139962404,115.47,20.7593994428
2017-07-11,33.7922041674,63.5511906878,103.1269707021,161.2215623025,73.4152473246,187.9915813164,54.4528719264,70.9164690589,49.7065,121.7970832219,68.6031273795,89.5133438786,101.2745261843,28.2827200434,154.0727449439,96.3783976985,115.62,20.6842144952
2017-07-12,33.8409663668,64.6044751741,103.9128197512,161.8631538922,73.1621731122,188.3560505641,54.6960857464,71.446004369,50.3255,123.4064869113,68.7533474349,90.1087763212,101.6895238702,28.2887483319,157.67475476,97.0438321721,116.03,20.6842144952
2017-07-13,34.3123342941,65.1674375719,103.622055603,160.8140649415,73.6287786914,190.8493515545,54.7028416858,71.6110543358,50.0315,123.972608812,68.5477831486,89.7035514644,102.1120669686,28.2485597421,158.031978874,96.4331981846,115.82,20.6925683782
2017-07-14,34.6072294998,66.0845214781,104.2035838993,162.0452271812,72.9565503145,189.3583409955,54.9122758086,71.8242438762,50.0905,123.6410231273,68.8640358967,89.9516483155,102.4893375922,28.4655781268,158.7365042099,96.5506277976,116.77,20.5672601321
2017-07-17,34.7279739935,66.6020836826,103.8499518272,161.5683685672,72.2764133685,189.9050448671,54.6285263519,71.6660709914,50.502,124.4578561555,69.2198202383,90.0095375808,102.0592490813,28.3269274922,158.4983548006,96.816801587,117.29,20.5672601321
2017-07-18,34.8487184872,66.5566834893,105.6652631305,162.0018763981,72.023339156,184.9764266304,54.4528719264,71.3290939759,51.2225,123.0668137708,70.0816089768,89.1908179721,102.006431194,28.4314178255,161.6042200139,97.6622948005,118.11,20.4586596521
2017-07-19,35.0669873796,67.0651656551,106.2546499172,164.0306930466,72.1261505549,184.6119573826,54.6217704125,71.8379980401,51.3435,123.9806962678,70.3975454722,89.8405689576,102.7307907912,28.4937101397,162.874350197,97.7014380049,118.08,20.5087829506
2017-07-20,34.909090734,67.3920470474,107.3234046239,166.0334992253,72.1261505549,184.1398040389,54.6285263519,71.9549084332,51.435,118.909861528,70.5967462234,89.3990714931,101.8253412947,28.8312942937,163.2613429872,97.983269076,118.24,20.3834747044
2017-07-21,34.8928366676,67.0016053843,106.3332348221,166.2762636106,71.8809849115,182.3837249361,54.128586833,71.0058711243,51.2835,118.6025382105,70.6047142534,88.7909712118,102.8816990406,29.0101335181,163.1621140666,98.3981870419,119.26,20.3166436398
2017-07-24,35.3154423955,66.8290846495,104.5257820094,165.5046196716,72.189419108,180.7270465371,53.9596883469,70.9714857145,51.9475,116.9284348754,70.2620889614,90.1154636054,103.9078751367,28.7649831205,164.7200081193,98.0145836395,119.31,20.3249975229
2017-07-25,35.4663730126,67.3648069313,103.637772584,165.0797819973,73.3915216172,183.5433998153,54.2299259247,71.7898584665,51.9935,118.8613367937,71.0270198459,95.4134331795,103.560786163,28.7569454026,164.0055598913,96.7385151784,118.92,20.3584130552
2017-07-26,35.6335576962,67.2376863899,102.9069329684,165.383237479,72.7034761021,184.0983870789,54.2974853191,72.2918854488,52.64,118.6348880334,71.1545083267,94.5637588138,104.4964173094,29.2351896207,164.3330153292,96.8950879957,119.88,20.2414586922
2017-07-27,34.9601749429,66.4295629478,102.8126310825,163.8052689746,72.4029504747,183.4605658954,54.6082585336,72.9727165617,52.3,119.4759834288,72.2540964733,95.2718207852,103.3570600263,29.0663975437,169.1257721919,96.4175409029,119.79,20.3166436398
2017-07-28,34.7140419365,66.3206024837,103.6141971125,165.7300437436,72.189419108,185.2249283902,53.7772779819,74.3550100335,51.002,119.7590443792,71.8795990611,95.0469069825,103.2136971894,29.1608407297,171.1202734951,96.9890316861,120.69,20.1913353937
2017-07-31,34.5352472055,66.0118811687,104.2978857852,166.3022740804,72.6006647032,186.6496718133,54.0745393174,75.090857802,49.389,120.9883376494,72.365648894,94.9219548699,102.7081545538,29.35575539,167.9449480373,97.1064612991,120.75,20.1077965629
2017-08-01,34.8417524587,65.9029207046,104.1328574849,166.6664206583,73.5734187074,188.0329982763,54.1623665302,76.1843138319,49.8095,121.1905240426,72.5887537353,94.2138928986,103.3796962637,29.4522080054,168.5502444527,97.7865001022,120.65,20.1412120952
2017-08-02,36.48805719,65.612359467,103.8578103177,167.3340227179,73.6366872606,187.4283106607,54.4528719264,75.9642472096,49.7945,121.7162086647,72.540945555,94.2055627577,104.6699617962,29.4863683067,167.9945624976,97.8414187078,120.4,20.116150446
2017-08-03,36.1235016995,65.5124790416,104.792970686,168.8686404392,73.154264543,185.539697286,54.3785565925,75.2559077688,49.346,121.9507448807,72.3975210142,94.5970793772,105.3037764438,29.6471226658,167.2900371617,98.8534901546,120.59,20.0660271476
2017-08-04,36.313906478,65.9937210914,104.6593763477,168.964012162,74.0716585632,190.3440646428,54.189390288,75.7235493413,49.379,123.5358862029,72.2461284433,95.2551605035,105.6659562424,29.4883777362,168.3120950434,98.0140200398,119.65,20.2414586922
2017-08-07,36.8758327755,65.7394800085,104.407904652,168.8773105958,74.3563670523,192.9367663371,54.1556105908,75.496605637,49.6135,124.0211335464,72.8596667569,95.5550455738,104.8510516955,29.5566983388,170.6538975685,98.1238572511,119.51,20.2331048091
2017-08-08,37.1707279813,66.0936015168,103.9442537131,168.9813524752,74.0874757015,192.2161112336,54.0204918019,75.8885993081,49.492,124.0211335464,72.9712191776,95.3051413486,104.6322347339,29.6089435055,169.9096806643,97.770809072,119.86,20.2665203414
2017-08-09,37.3982844473,65.8030402792,104.6986688002,168.9206613789,73.9688471644,191.3546384662,54.189390288,76.2599617334,49.1005,125.5658375899,73.2421321992,95.2468303627,104.8812333454,29.5868397811,169.860066204,98.3043040982,121.31,20.2498125752
2017-08-10,36.2117380602,64.8405561796,104.5886499333,166.9612059833,72.9090988997,186.7904894772,53.8718611341,75.7235493413,47.846,124.4497686998,73.0987076584,94.2555436028,103.5532407506,29.6832923966,166.1092130071,99.143774213,122.21,20.2163970429
2017-08-11,36.7153264855,65.8302803952,104.5965084238,167.3513630311,72.3001390759,185.6722315579,53.3534033088,75.1183661298,48.3995,125.2585142723,72.7799864565,94.0056393776,103.0627889399,29.5747832042,166.7839696669,99.1908473036,122.79,20.1412120952
2017-08-14,37.2678748965,66.8200046108,104.8951310624,167.9496038377,73.1463559739,188.3312003881,53.3670469358,74.7607578685,49.165,124.7570920174,73.0269953879,94.7220314898,104.3304182351,29.7516129991,169.4333818456,98.6808888226,121.92,20.224750926
2017-08-15,37.6758747781,66.8381646882,104.8165461575,168.6345462105,73.3361616332,188.521718404,53.2374324795,74.6644787212,49.137,121.4493226258,73.4652370406,94.6720506448,103.689058175,29.9505465185,169.681454147,98.2650765228,120.98,20.3166436398
2017-08-16,37.5243319649,67.230686005,105.4373669062,168.0016247774,72.8300132083,186.8816067891,52.8485891105,74.2174683945,48.909,123.1315134166,73.6564697617,95.0635672642,104.6888253274,30.1374234608,168.6891649415,98.625970217,121.87,20.2498125752
2017-08-17,36.8039207455,66.0896356655,104.5493574809,167.0739180194,71.6911792522,183.4108655434,52.0231496782,73.5783812462,48.0285,121.0449498395,73.3616526499,94.2472134619,102.998094733,29.862131621,165.6229912964,99.3634486356,122.49,20.2915819906
2017-08-18,36.7199893413,66.1717912899,104.2271593708,165.4439285753,71.7623563744,184.015553159,52.2823785908,73.9673908147,47.9235,119.2818844914,73.6803738519,94.8969644474,102.315737094,30.1273763134,166.1191358991,99.3399120903,122.3,20.224750926
2017-08-21,36.6523779323,65.8614255975,104.8715555909,166.493017526,71.6753621139,182.8890118477,52.1050114401,73.4811288541,47.6645,120.6648394204,73.9911270237,94.6303999406,102.7858056897,30.2318666468,166.4862829052,99.5831230582,122.76,20.1662737445
2017-08-22,37.2515549013,66.7833942719,105.8538669022,168.8859807524,72.4108590439,185.2000782142,52.3505967257,73.8840316215,48.345,121.2390487769,73.9353508134,96.479691207,103.7941786452,30.3102343968,168.3319408275,99.1986928187,122.21,20.2498125752
2017-08-23,37.2981834592,66.3817445524,104.3607537091,168.4091221385,72.4978533044,184.5042732867,52.2619131504,74.0576966074,47.9,120.5839648632,73.6564697617,95.5883661371,103.4226728195,30.2665293054,167.4091118663,99.8734071166,122.67,20.1662737445
2017-08-24,37.1326520786,66.3543593442,104.4314801235,168.851300126,72.3792247673,184.7113580865,52.0709023726,74.6342643608,47.6225,119.8965311265,73.5210132509,95.6133565597,103.5212355896,30.1997827492,166.446591337,99.5046679072,122.29,20.2080431599
2017-08-25,37.2702063244,66.4730285795,104.1407159754,168.5131640179,72.6718418255,184.2806217028,52.3369530987,75.1830457164,47.263,121.0287749281,73.7122459721,96.0881745875,103.7335246328,30.3595699596,165.0375406651,99.8890981467,122.74,20.0409654983
2017-08-28,37.6455662155,66.4821569823,104.1881676989,169.1460854509,72.4424933204,182.5245426,52.1664077615,74.8565555428,47.301,122.4359922242,73.6803738519,95.854930644,103.7714333905,30.517334547,165.9504467342,99.826334026,124.69,19.9824883168
2017-08-29,37.9812918323,66.682981842,104.5598728668,170.5679911362,72.0470648635,182.8227447118,52.1527641345,74.9260215372,47.703,121.9022201464,73.5608534011,96.637963883,104.3476465079,30.4849725803,166.7542009907,100.1480001448,124.42,20.007549966
2017-08-30,38.0838746597,67.5593085028,103.6582901192,169.8310278237,72.2131448154,184.8674071594,51.9140006623,74.8357157445,48.3795,122.0323880269,73.202292049,97.9208055723,104.6584983212,30.4647463512,168.609781805,100.1166180844,124.36,20.1328582122
2017-08-31,38.2354174728,68.2530671092,104.6864107963,172.4494151222,71.8809849115,185.964543107,52.0709023726,74.7593031507,49.03,121.926626624,73.5210132509,97.8708247272,104.8328786068,30.4424974991,170.6439746764,100.4147476579,125.82,20.0743810306
2017-09-01,38.2470746123,67.4954096838,103.6266556368,173.1863784347,72.5215790118,187.7432332037,52.2346258964,75.5512154866,48.9125,122.6669564447,73.7281820321,98.5289058536,104.3476465079,30.371705697,170.6935891367,99.6479583949,126.06,20.116150446
2017-09-05,37.787783317,67.1941723941,102.7329815097,172.8048915435,70.7896023702,181.0108080711,52.6507565193,76.0235842483,48.2635,124.4160873397,73.8795746031,98.5455661353,103.4984903349,30.3919319262,169.4036131695,101.2281745398,127.46,20.007549966
2017-09-06,37.7481490428,67.0024759371,103.3419452954,171.9985669781,71.2641165186,181.8835298476,53.7422466778,77.6560351163,48.39,127.36927113,73.8795746031,97.4459875444,103.5288173411,29.9853847202,170.7630493811,100.6070945625,126.81,19.9908421999
2017-09-07,37.5966062297,67.8605457924,104.5440556256,172.4667554355,70.0145625945,179.3983506937,53.912792015,77.6629817157,48.9735,128.4838336073,74.0787753542,98.1040686708,103.930650173,30.2361899617,171.8744132913,101.6369866768,128.13,19.8488261876
2017-09-08,36.9834406934,67.5319232946,103.5871125338,172.1012306977,69.927568334,180.5370448211,53.7695339317,76.954428573,48.295,129.8912738159,73.9751909636,98.145719375,104.3021559986,29.9874073431,169.6318396867,101.4168570646,127.97,19.7987028891
2017-09-11,37.6525604991,68.2439387065,105.3507349262,173.693874198,71.0110423061,183.737024668,54.0628719118,78.1631368752,48.898,128.8417952788,74.8915144191,99.0203841631,105.3863464695,30.6225109385,172.1721000529,100.2061441973,126.19,19.9323650184
2017-09-12,37.5033491139,68.1709114848,104.8920349318,171.8575475392,71.8809849115,187.8014146555,54.2334172491,78.1422970769,49.129,130.0946611293,74.5090489768,100.744723317,105.1437304201,30.1633755368,171.6263409899,99.6794054823,126.56,19.9240111353
2017-09-13,37.2212463386,68.6547168287,104.7496797611,172.6060029546,72.0866077092,188.3084244494,54.4176062133,79.3162723819,49.98,130.1841515471,74.540921097,99.653474867,104.5523537996,29.9712263598,171.7156470184,99.2863168891,125.61,20.0409654983
2017-09-14,36.9018407171,68.2530671092,106.1178711237,172.0838247578,71.9442534646,188.5494618925,54.635904245,79.5038305667,49.6105,129.6634800249,74.540921097,100.3615368384,104.029212943,30.2483256992,169.6417625788,99.6951290261,126.16,19.9824883168
2017-09-15,37.2748691802,68.7460008559,106.3314038798,172.4754584054,72.4583104587,187.19466523,54.6222606181,79.6288693566,49.3395,128.8662017564,74.3178162557,101.1029193731,105.3484377118,30.3575473366,170.3165192386,99.7344378854,125.53,19.9156572522
2017-09-18,36.9927664049,68.6090748151,107.066905595,172.4841613753,73.4864244469,189.1146531382,54.635904245,80.0178789251,48.7095,128.3862076969,74.2221998951,103.1521340197,104.3779735141,29.9954978348,168.6990878335,99.1605285392,124.36,19.9657805507
2017-09-19,37.0067549723,68.8646700912,106.9403676655,169.4033100142,74.2930984992,190.2616589015,54.7245878204,80.8167378605,48.493,128.2641753088,75.03493896,103.9101768361,104.4386275265,29.918638164,171.1897337394,98.9168136114,124.62,19.9073033691
2017-09-20,36.3865951523,68.4082499554,105.3586435468,170.3606367083,74.8150640624,190.9930828665,54.9497076656,80.8375776588,48.6605,129.0939955474,75.2182036511,104.0018083854,105.1513121716,29.67996866,170.8424325175,98.9875695582,123.62,20.0660271476
2017-09-21,35.7617724766,67.7418765571,104.1960763195,169.8906763312,75.1551325354,192.2398282614,54.4994679752,80.9070436532,48.2325,129.5089056667,73.8158303627,103.9518275403,106.7965522568,29.6880591517,169.7906059596,98.9325371551,122.68,20.007549966
2017-09-22,35.4120582924,67.9244446114,103.9113659782,167.9934288828,74.9969611526,192.0237257263,54.5199334157,81.4766648071,47.755,130.1434740845,73.4971091608,103.6519424701,107.4713281443,29.6031089892,169.2250011125,99.2155609423,123.24,19.9908421999
2017-09-25,35.0996469545,66.874678299,103.7373763251,166.8794487296,74.4354527437,191.3837297569,55.2430456457,81.9629267678,46.9895,131.0627847409,73.8795746031,103.5603109209,106.7586434991,29.6961496433,161.614142906,99.8366409197,124.53,20.1077965629
2017-09-26,35.7034867792,66.874678299,103.5554780514,167.7062308746,74.1032928398,191.117757406,55.1816493243,81.6364365942,46.93,131.1929526215,73.8237983927,103.7185835968,106.3264836611,29.8741404599,162.9438104414,99.6558201667,123.14,20.1746276276
2017-09-27,35.9576124197,67.4132540593,102.6143522008,169.264062495,75.2737610725,195.1239659417,55.5500272528,81.5878103981,47.5435,130.9163458753,72.4054890442,103.7269137377,105.8185063076,29.5808601371,166.3870539846,98.1542217404,121.98,20.2748742245
2017-09-28,35.7361267697,67.4315108647,102.3929108242,170.6652406565,75.4319324553,195.7140920953,56.068485078,81.7059025885,47.82,132.0878568004,72.4214251043,104.3183537373,106.5842632136,29.7305342329,167.4289576505,97.8633361814,122.21,20.2163970429
2017-09-29,35.9319667129,67.9974718331,102.8199763363,170.4476664078,75.5347438541,197.1436934815,55.9252269947,81.6225433953,48.0675,133.0641159046,72.4931373747,103.8851864136,107.4637463927,29.6415388246,169.5524565503,98.0834657937,121.58,20.1996892768
2017-10-02,35.8596924481,68.1070126657,103.7769194281,171.8314386293,76.5865835497,200.0195195258,55.6864635226,81.5739171992,47.9595,133.4383485612,73.1226117485,103.8935165545,108.1612675348,29.67996866,168.1632516626,97.9045224319,120.77,20.3166436398
2017-10-03,36.0158981171,67.7875185707,104.4728780403,172.867092053,76.9899205758,200.8257482145,55.7751470979,81.8448345773,47.855,134.3739302027,73.4014928002,104.5515976808,108.1688492864,29.7103080037,168.6494733733,97.9990552826,120.83,20.3082897568
2017-10-04,35.7827553276,68.1800398875,105.0976590672,174.4771414932,76.206972231,199.7369239029,55.7956125384,81.6781161908,48.2725,134.4715561132,73.6405337016,105.5762050041,108.0778682678,30.0501086535,167.1213479967,98.0069330202,121.17,20.2832281075
2017-10-05,36.2280580555,69.3484754351,105.334917685,172.2317752469,77.22717765,204.5161145835,55.9525142487,82.3727761346,49.0425,135.1468019936,73.3297805298,105.2929802155,108.4721193482,29.8862761974,169.9196035564,97.6366793547,120.52,20.3918285875
2017-10-06,36.2070752044,69.3758606433,105.3586435468,172.371022766,77.0919565129,204.4828680396,55.7410380305,81.2960532217,49.479,134.9271436951,73.5688214312,105.7344776801,108.8891156831,29.8276201328,170.9019698698,97.36095854,121.09,20.3584130552
2017-10-09,36.3329723108,69.6405843221,105.5405418204,170.8393000554,76.6862931016,201.8065212585,55.9593360622,81.7684219835,49.5495,134.8132467996,73.4014928002,105.6928269759,108.87395218,29.9145929182,171.1698879553,97.668190305,122.08,20.3249975229
2017-10-10,36.3469608781,69.6405843221,105.8964297471,169.429418924,77.2589943882,201.6402885392,56.1162377725,82.5256013222,49.36,134.3657947102,73.0030912978,106.7840754259,108.6540813852,30.1431493076,170.2669047783,97.8257450562,122.4,20.2163970429
2017-10-11,36.4985036913,69.7592535574,108.0713004103,169.9341911809,77.0283230366,201.4740558198,56.3481794311,82.8937710924,49.75,134.439014143,72.875602817,107.1256112003,108.2067580441,30.3130496325,171.4080373647,98.0148107578,122.79,20.1579198614
2017-10-12,36.3702751571,70.3982417475,108.213655581,167.8976962134,76.3522173512,199.3130304686,56.2322086018,82.7617857031,50.0465,133.9020716357,73.4253968903,108.283500777,108.5631003667,30.4809273345,171.2195024156,98.4323308486,122.89,20.1996892768
2017-10-13,36.6010865186,70.735992648,107.8973107573,167.5495774155,76.2488129522,198.2574527009,56.2185649748,82.775678902,50.147,133.8044457253,74.1345515646,108.8832709175,108.6995718945,30.4505879907,172.4003265702,99.1413272292,123.82,20.1996892768
2017-10-16,37.2748691802,70.8820470915,107.6521435189,168.1413793719,77.8237414901,201.4823674558,56.4914375144,83.4494990475,50.317,133.6010584119,74.2142318651,109.5163616213,108.9876784532,30.6467824135,173.1743121505,99.0704275912,122.97,20.2498125752
2017-10-17,37.412423426,70.8272766752,111.3454693361,177.444854245,77.6487494304,196.2294135252,56.5937647168,83.5120184424,50.4565,132.8932705613,73.9433188434,108.7416585232,108.7450624038,30.8793840488,174.7520519873,99.1964713922,122.13,20.2999358737
2017-10-18,37.2468920455,70.8455334806,111.2584745095,178.6110522179,77.9430542582,201.1665252891,56.457328447,82.0740723588,49.85,132.9746254867,73.9194147533,109.3664190862,108.7526441553,30.8530899509,174.6726688509,98.5426191745,121.67,20.2748742245
2017-10-19,36.3656123013,71.1193855621,112.3340469102,176.8878641684,78.0385044726,199.470951552,56.44368482,82.1088053559,49.3305,132.8037801434,73.5286625597,109.5830027481,108.8891156831,31.1220987986,173.2140037187,98.7159294008,122.39,20.224750926
2017-10-20,36.4285608544,71.9409418066,112.6187572516,180.5779234259,79.1520903075,203.410667,56.6960919191,82.4144557312,49.1455,132.9583545016,70.8473028813,110.0744810576,110.2007587003,31.1807548632,173.6307651851,97.668190305,121.61,20.3417052891
2017-10-23,36.4099094313,71.959198612,113.583608964,180.1601808684,79.0168691704,201.2496416488,56.7847754945,82.6159071149,48.315,134.0241040237,70.0846406973,110.3426283927,110.6329185384,31.2252525673,169.9493722325,97.8415005314,121.8,20.3667669383
2017-10-24,36.6267322255,71.9865838201,112.0177020865,181.1523194423,80.2736303269,203.5020949956,56.9416772048,82.824305098,48.795,135.0735825607,69.8277439616,115.8396487622,110.7845535693,31.1928906007,170.4752855115,97.234914739,121.33,20.4001824706
2017-10-25,36.4658637007,71.7766305577,112.6345744928,180.6127353056,80.3690805413,200.9254878461,56.7540773338,82.3241499385,48.6455,135.122395516,69.7153516398,114.6665041712,110.6859907992,31.1200761757,169.2845384648,96.7701282228,121.35,20.3500591721
2017-10-26,36.6990064902,71.895299793,112.1521486366,182.022616437,80.9258734588,200.9088645741,56.9416772048,82.2755237425,48.6215,136.3915323514,70.2452011571,114.7503002134,110.572264526,31.0250128987,169.314307141,96.4471409827,120.33,20.5672601321
2017-10-27,38.0139318228,76.5051431647,112.1284227748,185.0251410687,80.9497360124,200.9005529382,57.1054007286,78.8716900179,55.0475,136.1393320829,69.8759120996,115.4793257807,110.8452075816,31.520555513,176.5084038811,97.0852377253,120.9,20.6173834306
2017-10-30,38.8695658602,76.5781703864,110.7206883092,182.2314877157,80.6633853691,200.218998789,56.9894298992,79.4621509701,55.5425,134.4878270982,69.2577543294,114.3732180234,109.6624543407,31.423469613,178.4830594001,98.0148107578,121.13,20.5171368336
2017-10-31,39.4104571317,75.9300537935,110.2540796942,182.9538342213,80.0270506063,201.5405489076,56.8598154429,80.5041408858,55.264,134.8701952474,69.3139504903,113.7950253321,109.2985302665,31.3648135485,178.6715943492,98.046321708,120.67,20.5338445998
2017-11-01,38.9092001344,75.9300537935,110.704871068,182.353329295,80.2736303269,203.0200201096,57.2145497444,80.5110874852,55.184,134.544775546,69.7554917547,114.205625939,109.8823251355,31.0229902758,181.2515462836,98.4820181027,121.11,20.5756140152
2017-11-02,39.1936343375,76.7242248299,110.665327965,183.7196955766,80.8065606908,205.1976687327,56.9826080857,80.1151313173,54.711,132.3725990391,69.4504268811,114.356458815,110.2462492096,30.3110270096,177.5403846549,98.9162073609,121.19,20.5756140152
2017-11-03,40.2171311833,76.8063804543,110.7839572739,185.2601212572,80.6633853691,203.1363830131,56.7438446136,79.8789469364,55.58,133.739361785,69.5066230421,114.4905324825,109.9126521416,30.875338803,177.5403846549,99.1846152659,120.62,20.6257373136
2017-11-06,40.6251310649,77.1076177439,110.5308814149,184.6073985112,80.1622717434,202.3800241402,57.1326879825,81.3029998211,56.033,133.6010584119,69.0811378236,115.3955297385,110.3903024889,30.7155515927,178.7807461618,99.5556497229,121.65,20.5756140152
2017-11-07,40.755691027,76.9250496896,110.5387900355,185.1121707681,78.5475722828,199.3213421046,57.0167171532,81.4419318099,56.1585,133.1454708299,69.8277439616,116.3172862029,111.4290024505,31.4497637109,178.8601292983,99.9740502808,121.21,20.6090295475
2017-11-08,41.0890852159,77.1897733684,111.7646262275,183.4324975684,77.6646577994,200.5182176837,56.9416772048,81.0459756419,56.644,133.4627550388,70.309425341,115.0435863611,111.3456031836,31.3344742048,178.1754497464,99.7530084766,121.63,20.6006756644
2017-11-09,41.0051538117,76.7607384407,110.9974900299,184.1200321942,77.6567036149,200.1358824293,57.2827678793,81.4419318099,56.4565,132.8281866211,70.4699858008,113.4095635379,110.2689944642,31.401220761,177.917454553,99.4688118713,122.13,20.5171368336
2017-11-10,40.8699309938,76.559913581,110.3727090031,183.6935866668,77.5612534005,199.6039377275,57.1054007286,81.4002522133,56.2675,133.511567994,70.7750506744,114.3648384192,110.5040287621,31.3830171547,177.0839316203,97.9688853431,121.13,20.5004290675
2017-11-13,40.7061424114,76.6146839973,110.5308814149,185.0773588883,77.8396498592,199.7036773591,57.0709749987,81.4349852105,56.4585,134.5203690684,71.4494046055,114.4067364403,111.2394586619,31.710682067,177.3915412741,98.1741384469,121.31,20.5171368336
2017-11-14,40.0907653087,76.7242248299,110.3173486589,184.2505767434,77.3703529716,197.1852516613,56.6234405102,81.2196406279,56.842,136.7250875454,71.3450403066,115.2530764667,111.6943637546,32.0383469793,176.6969388302,98.8372638594,121.56,20.3751208214
2017-11-15,39.5619621711,76.1308786533,110.0089124558,182.6405273032,78.1021379489,197.4927821921,55.9142704747,80.8931504543,56.3345,134.6179949788,70.8312468353,112.3704926144,110.9740973579,31.8279941961,176.5778641255,99.9108954796,121.41,20.3667669383
2017-11-16,40.0346092233,76.3327199802,109.8270141821,183.7458044865,78.3248551158,198.9556301221,55.4667359862,80.3374224993,56.8645,136.2694999634,71.6501051802,114.2642831685,111.9256071767,31.8138358357,178.2052184226,99.0425169633,121.4,20.3918285875
2017-11-17,39.8123247186,75.5987515188,109.1389641905,182.675339183,78.0623670262,197.8335592667,55.2464113149,80.4355916461,56.494,136.4647517843,70.9918072951,114.0715522714,111.6284190858,31.5610079713,177.6197677913,99.7766915271,122.86,20.333351406
2017-11-20,39.7725474914,75.7180213938,109.0836038463,182.9799431312,78.7543810807,197.9249872623,55.4598508402,80.442603728,56.3155,138.6694702613,70.8633589273,114.7251614007,112.7333491675,31.5367364963,177.3617725979,99.7372197763,121.31,20.4335980029
2017-11-21,40.5119359493,76.80979948,109.4078572906,185.0251410687,78.6907476045,197.8335592667,55.6801755115,80.7581474142,56.9745,140.6301239622,71.2246199618,115.303354092,113.8077984194,31.5953925608,180.4577149192,100.0529937823,121.51,20.4085363537
2017-11-22,40.9377862637,76.2501485283,108.5774521283,183.824131216,78.4600762529,196.512009148,55.8385338689,81.2770414759,57.808,139.9792845594,70.9115270652,115.6469178651,113.5334709508,31.585785102,179.4753486057,100.3766621384,122.63,20.2498125752
2017-11-24,40.9401261006,76.3877676148,109.1468728111,184.9468143391,78.2055423478,196.1130506217,56.0588585402,81.6977663908,59.3,140.1989428579,71.0078633411,115.1273824034,114.0440248507,31.7587965554,181.3706209883,100.1003598832,122.32,20.1579198614
2017-11-27,40.7342204541,76.9474185665,109.8823745263,184.8510816697,77.895329151,195.4148732005,55.8454190149,81.0526548546,59.7915,141.6877379918,71.4172925135,114.9597903189,114.6307808251,31.9562331551,181.6186932896,99.9582615805,122.83,20.1829815106
2017-11-28,40.4955570911,77.874053749,111.4100657579,188.1059924298,80.6236144464,198.988876666,56.2309871896,81.6556938993,59.68,143.6483916928,71.7705255251,116.4681190788,116.4062891634,32.1170320353,181.0133968743,100.092465533,122.81,20.2665203414
2017-11-29,39.6555556468,76.4611644609,111.2429745294,193.971794174,82.5087561812,201.2330183768,56.6440959482,82.1675758791,58.0635,144.9256640208,71.7544694791,115.6888158862,116.7720591215,32.1129611776,173.7796085659,99.1056717644,122.04,20.2581664583
2017-11-30,40.2100969902,77.2226567396,110.8610517215,199.2283880218,83.1371367595,206.4689454377,57.3463808378,83.4367627057,58.8375,147.0269839448,72.2441788814,118.2781135908,118.8447555507,32.1679177569,175.8138014373,98.7741090582,121.1,20.2080431599
2017-12-01,40.0229100389,77.3052281915,111.3782388572,198.0146988455,83.3518997419,207.5611531526,57.4634283194,83.8013909653,58.1175,147.5175644718,72.5412157321,118.588158947,117.6560031869,32.0518983117,173.7498398897,100.1040733855,121.59,20.1913353937
2017-12-04,39.7304304274,74.3877035576,110.6064365163,193.3345736766,85.0700036015,208.978521943,57.5391649251,84.7339978599,56.6975,151.1805657402,73.3841581459,118.5713997385,117.1759301169,31.7465839822,170.1478300736,100.1515348189,121.18,20.2581664583
2017-12-05,39.6929930371,74.8556084517,111.1315803771,192.1732739612,84.0916389037,207.0442304173,57.0709749987,84.4184541738,57.0785,149.5044156062,73.376130123,117.4317735644,116.6348953872,31.6794148297,171.4973433932,100.6498798701,120.32,20.2915819906
2017-12-06,39.5455833129,75.947386538,112.237565175,192.0423003091,83.4632583254,205.0599141108,56.6509810941,83.8715117844,57.6175,147.8282654723,73.2557097781,117.5993656488,116.5891741424,32.1149966065,174.702437527,100.9979303821,120.07,20.3417052891
2017-12-07,39.6181182565,75.6813229707,111.4021090327,192.225663422,83.2166786048,207.2359920772,56.8368800355,83.8855359482,57.9895,148.8094265263,72.3324871343,119.7361647254,116.8025399513,32.196413761,178.7509774856,100.2069064913,118.49,20.3834747044
2017-12-08,39.629817441,77.2134821338,111.8635990923,195.5087363017,84.2586767789,208.7283980388,56.9126166412,84.0888863238,58.1,149.9622907648,72.549243755,120.5489863349,117.0921078348,32.3694252144,177.6197677913,100.2148167302,118.48,20.4168902367
2017-12-11,40.4019636154,78.1951649508,112.3012189764,194.5133365456,84.0120970583,208.5449738424,57.1673670424,84.4394904195,58.446,149.0138350792,72.4368514332,120.4735698969,116.7491984991,32.4142046494,177.6594593596,100.0091505186,118.01,20.4168902367
2017-12-12,40.1749994369,78.5162761527,113.4629008504,194.268852395,84.9904617561,214.8397587643,56.981468101,83.9205963578,58.254,148.6458996839,72.1317865596,120.1802837491,117.1530694945,31.9704811572,175.595497812,99.969599324,118.15,20.450305769
2017-12-13,40.3083701397,78.30526022,113.6936458802,195.8929256813,83.9246010285,213.072216508,57.2293333562,84.0958984057,58.2065,149.6515897643,72.9586729275,124.4957799233,118.7228322313,31.8483554254,176.9251653475,100.7210720203,119.17,20.3082897568
2017-12-14,40.2966709552,77.6997362394,112.7070119598,193.1861368709,83.248495343,213.0055168003,57.0778601447,83.8154151291,58.713,148.9157189738,73.0550092034,122.5768505565,116.764438914,32.1557051837,177.014471376,101.1482249214,118.93,20.3249975229
2017-12-15,40.7061424114,79.6814510851,113.3515066981,193.6838367489,84.4257146542,214.4145481271,57.1673670424,83.9556567674,58.957,149.2836543691,73.7695032494,122.9204143296,117.5417000749,32.2472994826,178.7906690539,101.527916389,119.18,20.4085363537
2017-12-18,41.2794024499,79.250244614,112.8263628372,194.4260207776,85.077957786,216.7907252169,57.1054007286,83.9346205216,59.529,151.0415679242,73.7614752264,125.50133243,117.8007871286,31.823930279,179.4257341454,100.6024184367,119.73,20.3776436941
2017-12-19,40.8395131142,78.7456412969,112.8104493869,193.8759314387,84.720019482,213.8392631475,56.7611434298,84.0327896684,59.369,152.0636106888,73.6009147667,126.4566073112,117.4350171705,31.3659587847,178.1258352862,99.2972290168,119.82,20.3191112747
2017-12-20,40.7950562133,78.4612285181,112.3171324267,194.1728050501,84.4257146542,212.7553928961,57.0572047067,84.7690582695,58.881,153.1510641903,73.4804944218,127.8057235909,117.907470033,31.272329057,176.5183267732,98.1977058086,120.14,20.2940259522
2017-12-21,40.9494854481,78.4428793065,112.237565175,193.5703262504,85.7699718406,217.6161341007,57.7319490124,87.5248064621,58.738,153.7806425333,73.5928867437,129.582199686,117.1378290796,31.4433050816,176.0817195227,98.7684762162,120.31,20.285664178
2017-12-22,40.9494854481,78.4520539123,111.4896330096,192.0946897699,85.4677128282,215.9152915522,57.8145707641,87.6369997727,58.418,153.8215242439,73.9621758012,130.5123357546,116.962564308,31.4555176547,175.8336472214,98.9032325642,120.94,20.2940259522
2017-12-26,39.9105978681,78.3511332489,111.4657628341,191.7454266976,85.1256828932,214.8731086181,57.8214559101,88.3382079642,58.838,155.644848536,74.2431566058,131.0905284459,117.1683099094,31.3456044961,174.6329772827,99.1965257921,121.77,20.2773024038
2017-12-27,39.9176173787,78.6355460276,111.847685642,192.4614159958,85.2847665839,213.3973775835,57.7663747423,88.0366884419,59.113,155.50585072,73.9380917322,131.9955257018,117.3130938511,31.6081748195,176.2504086877,100.4886013638,122.23,20.2354935329
2017-12-28,40.0299295496,78.6447206334,111.8397289168,194.5133365456,85.7381551024,213.8559380745,57.848996494,88.0577246876,59.305,155.1706206932,73.9140076632,132.7496900818,117.4502575854,31.823930279,176.5480954493,100.4014060798,122.85,20.1769611136
2017-12-29,39.5970597245,78.4795777296,111.171364003,192.4963423031,85.062049417,212.4052194302,57.5873609469,87.7842534929,58.4735,154.9662121403,73.7614752264,132.0458033272,116.863501611,31.7913634172,175.0993532093,100.5599429598,123.65,20.0933433717
2018-01-02,40.3060303028,78.8557365661,110.7814844699,193.1075526796,85.865422055,213.1639286062,58.5443962377,89.4601410706,59.4505,153.7397608227,72.7740283987,131.5933046992,117.1302088721,31.5674662422,180.0211076687,99.473965332,125.15,20.0097256298
2018-01-03,40.2990107921,79.2227207967,111.8397289168,195.133278499,85.9529180849,211.1796122997,59.6942156157,90.1122646887,60.21,154.5410423502,72.6857201459,131.7944152005,116.1624425246,30.8978101462,183.2460475867,99.9495759719,124.82,20.0849815975
2018-01-04,40.4861977435,79.919990835,111.8317721916,195.9802414493,87.1778625033,214.1310743691,59.7768373674,89.8317814121,60.4795,155.7674936677,73.1995136172,133.6044097124,117.7322052615,30.7390466948,182.9086692568,99.9337222839,125.46,20.018087404
2018-01-05,40.9471456112,80.9108482578,112.7547523108,199.7173563231,86.6182100477,213.0388666542,59.7286413456,89.6845276919,61.457,157.394585749,73.2476817551,135.7160699763,118.5551876672,30.8794912864,185.4092380548,99.6483559,125.33,20.0348109524
2018-01-08,40.7950562133,80.9934197097,112.8979733637,196.2509203304,86.746130609,209.9456677058,59.9971620387,90.1262888525,62.3435,157.0184740116,73.6330268586,139.1265688946,117.9150902405,31.1339198943,186.8282116187,99.584941148,125.31,20.1267904684
2018-01-09,40.7903765395,80.9383720751,114.6882365258,197.2288569328,87.1858575383,211.7215474255,59.7424116376,89.6424552004,62.635,157.885166276,73.0951493183,139.4617530635,118.882856588,30.9059518616,186.4213730445,98.2532313563,124.73,20.1685993394
2018-01-10,40.7810171919,80.5713878445,114.552972198,195.7619520292,88.1452617478,212.0467085009,59.2673365652,90.2174459174,62.7165,156.8222418008,72.6295239849,138.9924952271,119.7058389937,30.6515232537,186.3916043683,98.1343286964,125.03,20.1184286943
2018-01-11,41.0126610442,80.8099275944,115.2054236615,196.8010096693,88.6169688175,212.7137055787,59.8525739732,92.9591699461,63.834,159.1770283304,72.3726272493,141.7829034329,120.3383162129,30.6332043939,186.3221441239,98.5385977403,125.44,20.0348109524
2018-01-12,41.4361715217,82.204467671,115.9772260025,199.6387721318,90.080060237,214.2978236385,60.2587975858,93.6814143834,65.26,160.5997118588,71.9391140079,142.7046598973,121.2146400708,30.5965666744,177.9869147974,98.7050614642,126.96,19.8257665977
2018-01-16,41.2255862014,81.0576419501,116.8524657706,203.3584238519,89.7602588338,215.4900809151,59.8801145571,92.5664933589,65.243,160.5097720955,72.4288234102,141.8750790794,120.3154555905,30.6413461094,177.014471376,99.1172573521,127.17,19.7170635333
2018-01-17,41.906478737,82.6998963824,116.9479464726,208.1869858265,90.3359013595,211.4797609848,60.5892845927,92.8119162259,64.75,163.3796681785,73.2155696632,141.1963311374,120.7117063784,30.9140935771,176.2305629036,98.9825010041,126.14,19.7672341784
2018-01-18,41.9439161273,82.6631979593,116.9002061216,212.3170216566,90.5517673067,209.2453207741,60.196831272,92.2719859185,64.666,162.1613932031,72.9503237836,141.4728580767,120.2316333084,30.6901964021,178.4135991558,98.0629871004,125.86,19.7421488558
2018-01-19,41.7567291759,82.5714519016,117.2503020289,212.4829216159,90.3518914297,213.5391144625,60.0040471847,92.0686355429,64.729,164.6142958381,73.6702815144,143.4504446731,120.9250721873,30.5639998126,179.892110072,97.5477422405,126.42,19.7755959526
2018-01-22,41.4151129897,84.0485634301,117.8709265917,212.6662847289,91.4072360601,218.0413447378,60.7614132421,92.9521578642,66.3655,167.1734909207,74.3336133563,143.8545067201,120.8107690754,30.5355038085,183.9406500306,97.6428643685,126.65,19.7087017591
2018-01-23,41.4244723372,84.3146269973,112.8502330127,214.1069949022,91.3112956392,216.8490874612,60.7958389719,91.8722972493,68.127,167.5332499738,72.0362201478,142.6254846603,121.6108908587,31.0850696016,187.8899610686,98.0629871004,127.28,19.658531114
2018-01-24,40.7646383337,84.2412301512,113.0411944167,213.7926581371,92.4785707608,221.5097295424,60.9541973294,92.1317442802,67.8755,168.6125271332,71.4376036076,141.707927095,121.9004587422,30.7044444041,185.1115512931,97.5318885525,128.83,19.4662103077
2018-01-25,40.0369490602,84.7091350453,114.8951113801,214.0808001718,92.502555866,224.3027798058,60.8440349938,91.6128502185,68.8975,167.9175380533,71.4618718457,142.5749769044,123.3254375373,31.1603804695,186.0343802543,98.3324997963,127.97,19.4912956302
2018-01-26,40.1305425359,86.296341843,115.6350868204,216.9534889415,92.9982480409,223.5607455567,61.2777991903,91.9915026419,70.1025,169.438337687,70.9684176706,140.6304283028,125.7258028873,32.0966777467,188.5349490522,97.9678649724,128.07,19.4494867593
2018-01-29,39.2999004392,86.1678973622,114.3222271682,216.0279417999,92.9023076199,227.1792047038,60.5961697386,90.0912284429,70.884,167.5496026581,70.2646387652,136.85918253,123.0434898613,31.6875565452,184.545946446,97.2861563886,127.35,19.4996574044
2018-01-30,39.0682565869,85.0852938817,113.3276365226,206.6327651548,92.0308487963,224.2277426345,59.7492967835,87.8123018206,71.891,165.0067602597,70.3374434795,137.8525017291,121.1384379962,31.5695016711,185.6771561403,96.7154236207,126.8,19.4662103077
2018-01-31,39.1758890839,87.1679293908,109.9539850527,206.7462756533,92.4785707608,223.3523089699,60.1073243743,87.8964468036,72.5445,164.2627131271,69.8439893045,137.0275417163,121.6718525184,32.2452640537,185.448929623,97.2861563886,127.65,19.4411249851
2018-02-01,39.2577833752,86.4798339583,111.4100657579,205.3841496713,93.4379749703,226.970768117,61.3259952121,88.0507126057,69.5,163.4450789154,69.4476080819,136.5729719134,121.6566121035,31.8218948501,191.6011226974,95.8787856636,128.07,19.3407836948
2018-02-02,37.5543821177,84.2045317281,109.5481920693,202.4678030175,91.3672608847,216.8074001438,58.2001389388,83.1492673472,71.4975,158.5965080401,68.1533020489,132.5744412391,119.3705498654,31.7364068379,188.8127900298,94.9891067908,126.39,19.4578485335
2018-02-05,36.616107524,80.7365307483,103.7477394242,192.1121529235,86.9859816614,207.6945525682,54.8883837242,78.9700665259,69.5,149.7170005013,65.5727793956,127.1785293187,114.4326554311,31.4046319331,179.8623413958,95.886729225,126.71,19.5414662753
2018-02-06,38.1463608514,83.7916744686,104.8935078479,196.6176465563,89.6323382726,215.6901800385,53.9451187254,82.1675758791,72.142,156.2008397999,66.6405818728,131.6653016332,115.3699409488,30.4418740808,183.8811126783,95.2909621227,125.38,19.5832751463
2018-02-07,37.3297577761,82.2136422767,104.5672821162,197.176467472,90.2399609386,214.3561858828,52.9743131427,80.8422923972,70.839,156.4052483528,66.2037535867,129.9227840552,115.2099165921,30.1426660379,178.7906690539,94.3853961272,124.79,19.7337870816
2018-02-08,36.3025693805,77.993323624,100.5411791827,189.00371158,86.2504384341,205.3934126497,52.3753054428,78.7456799046,67.525,148.1716718412,64.8932687283,122.8937880278,111.2702693351,29.5727459561,170.2569818862,94.2821298294,124.98,19.7337870816
2018-02-09,36.7447985531,80.9016736521,103.06346106,192.9329211435,87.9773660112,207.8529643741,52.7057924496,79.5871297344,66.98,150.5428110551,64.6505863471,125.604370927,112.7028683377,30.1447014667,174.7520519873,93.6863627271,124.77,19.75051063
2018-02-12,38.2248332752,81.7732611999,103.6522587222,197.0629569735,89.3365219746,211.0712252746,53.1509192267,79.9237096663,69.3115,150.4937530024,65.7911935387,128.1971023957,113.8992409089,30.5314329508,175.049738749,94.0994279181,125.37,19.6836164365
2018-02-13,38.6077628938,82.4154836036,103.4056002421,197.8924567702,89.8881793951,213.0472041176,53.067457956,79.4398760142,70.7255,150.2157573704,65.9287135547,129.6113195605,113.1600807853,30.7492238391,171.8148759389,94.5204366704,126.08,19.5749133721
2018-02-14,39.3195891173,83.6999284109,103.1748552123,199.7610142071,91.9668885157,218.9251158659,53.1787396503,79.6782867993,72.5525,151.0088625557,65.2653817128,133.05426492,114.5926797878,30.5477163817,178.1357581782,93.4718865703,128.23,19.4244014367
2018-02-15,40.6398740598,85.40508057,104.416104338,197.3510990082,92.3506501995,223.1772222369,53.004862003,79.6923109631,73.088,151.4830903985,66.664850111,134.6705131084,116.9092228557,31.4331279372,178.5723654286,93.7896290249,128.38,19.3407836948
2018-02-16,40.5083154179,84.7967560159,105.9437955697,200.2761772387,91.6870622879,223.1271974561,53.2343804974,79.4161179366,72.4345,152.8730685583,66.8185489524,131.5642861214,117.3740555108,31.7628674131,175.9924134942,94.2980169522,127.96,19.4745720818
2018-02-20,40.372058253,85.4603828021,104.1296622321,197.9099199239,91.7110473932,220.8510699281,52.684927132,78.5946207295,73.4175,152.6604836633,65.7992829514,130.9497750915,117.6102819421,31.3069313477,174.6528230668,93.8849517612,126.24,19.5999986946
2018-02-21,40.1888158588,84.3266870424,103.3658166163,196.5739886723,92.094809077,219.6087878706,52.0867880252,77.2349012142,74.146,149.6761187907,64.9094475537,130.6719824341,117.3892959257,30.8896684307,176.5381725573,92.7331353635,125.66,19.6752546623
2018-02-22,40.5247602481,84.5478959711,103.3658166163,198.2853777266,91.9269133403,217.9663075665,52.7614332968,77.8226966297,74.267,151.6466172408,65.3948123161,133.7277016652,117.3931060295,31.0016170182,177.6098448993,93.0111600112,126.3,19.6083604688
2018-02-23,41.2295386872,86.6954659876,105.044685626,200.9659718066,93.7897565137,222.4185130609,53.9229359807,79.734802198,75.0,154.0014037705,65.5646899829,136.7160772217,118.7790659924,31.8056114192,181.8766884831,93.8372903931,126.14,19.6501693398
2018-02-26,42.0447324151,87.9489832504,105.7528341657,204.3712867616,94.9570316353,226.1620341602,54.8340548526,81.1582585655,76.0975,154.0913435338,66.0338759199,137.7935760139,119.8357647486,31.7038399761,183.5040427802,93.8690646385,126.45,19.6250840172
2018-02-27,41.9084752502,86.8245045294,105.4325408844,203.0266239332,93.8297316891,223.3856588238,53.9020706631,80.4571531904,75.599,151.2459764771,65.1521299349,135.7480119006,117.8601975087,31.0949786458,180.060799237,93.7340240953,125.13,19.75051063
2018-02-28,41.8450451907,86.4281718654,103.9992284504,197.4733410835,92.3426551644,219.8422368479,52.6779720261,79.2603167421,75.6225,149.0301877634,63.5180685683,130.1669048753,115.7085138094,31.1913304388,176.9450111316,94.3297911976,125.0,19.8090430493
2018-03-01,41.112075614,85.5802043052,101.9173221217,195.9802414493,90.687682903,214.7000706568,52.3023963079,79.3452992118,74.6725,146.8798097867,63.663677997,126.463002777,112.7221912374,31.4127345589,174.5833628224,94.9724110136,124.72,19.7421488558
2018-03-02,41.3963362511,85.7645450792,103.1504512548,196.6263781331,90.5997375171,215.8204775993,52.5458250141,79.0620243128,75.0125,145.9150014169,64.3108310135,123.2220884411,113.4343143122,31.3348331092,175.2581194821,94.2003423018,125.39,19.658531114
2018-03-05,41.5396412004,86.3083503623,103.9271624621,199.4117511348,91.9908736209,220.0011005188,53.0465926383,80.1313870566,76.1805,148.5968416312,64.9498946173,127.212201156,113.7176320947,31.7796913876,179.0089726791,93.9456392217,125.18,19.658531114
2018-03-06,41.5044022785,86.013405124,102.6700113328,197.4908042371,92.0708239717,223.1867351835,52.9839966853,80.4854806803,76.882,148.5150782101,64.7314804742,129.4261244556,114.3455255585,31.4188846733,178.3937533717,94.0331934055,126.53,19.6083604688
2018-03-07,41.1191233984,86.5111252137,103.3266125596,198.4425461091,91.7270374633,221.8656583409,51.648616354,80.6200362574,77.25,146.8552807604,64.0357909815,127.5405015692,115.1725071939,31.3758338722,182.2934499494,93.9297202792,125.72,19.5916369205
2018-03-08,41.567832338,87.0364964194,105.7448268337,196.8795938605,91.7350324984,222.693421679,51.5512448716,80.2730245061,77.593,146.3289766967,64.6910334107,129.2914371066,115.8004006577,31.634138679,180.9340137378,94.4709643245,125.42,19.7170635333
2018-03-09,42.2820078229,88.9812915845,107.1381026075,197.4928440528,94.3733940745,226.3974535857,51.8572695308,83.013709154,78.9445,149.7992941164,64.9498946173,133.214206147,118.0822573922,31.7366405865,183.8017295418,93.8501255666,125.54,19.6919782107
2018-03-12,42.6907793176,89.1932834746,106.2012447596,195.1624933223,94.0695827415,228.5797387497,52.3302167315,82.7091886375,79.9195,147.7845363727,64.6020498709,130.0574714042,116.5661243941,31.6505389842,183.3353536152,94.3913696119,125.54,19.6668928881
2018-03-13,42.2796585615,87.018062342,107.5785058693,198.8157123246,92.9422827953,224.5245345178,51.8364042131,82.4754868459,79.409,146.6661402375,64.488798093,129.3756166997,116.0071460666,31.7079400524,180.4775607033,94.8689378872,125.78,19.616722243
2018-03-14,41.9202215575,86.501908175,105.9530174665,197.4490404676,91.9029282351,221.0964237237,51.1895793652,81.5335978067,79.55,145.893131144,63.9063603782,128.4075513786,115.1801644312,32.3926527942,182.7697487681,95.704682369,125.7,19.6250840172
2018-03-15,41.9695560483,86.806070452,106.545560037,201.0409344508,92.1347842523,222.9191753167,51.7598980483,81.852282068,79.116,146.4358822096,63.6394097589,130.1163971194,115.6778848599,32.4193032901,182.4422933302,95.704682369,124.9,19.7003399849
2018-03-16,41.8215525761,87.1931860773,107.0420146231,199.6216982916,92.2946849539,223.7469386547,52.2467554608,81.7248083635,78.584,147.1677737982,63.8820921401,131.7073914298,116.2215487128,33.0138143534,183.6628090531,95.362425105,124.6,19.75051063
2018-03-19,41.1825534579,85.61707246,104.2874924036,197.1599368056,91.5671367617,219.5077870143,51.5721101892,80.6554456197,77.2465,145.6382026132,63.6313203462,128.0792509654,115.0117052092,32.7862601188,171.2294253077,95.0599651974,124.87,19.6668928881
2018-03-20,41.1684578892,85.8382813887,105.0642036108,198.6755408521,91.6550821476,220.0596292397,51.460828495,81.0874398407,79.3255,146.5098937186,63.3481909015,129.6870811944,115.2261078554,32.8867119881,166.8534299112,94.6779105771,124.31,19.7839577268
2018-03-21,40.2358010881,85.2391738734,105.0481889468,195.2062969074,91.7350324984,218.9392222972,52.1911146136,82.8862354494,79.093,146.3947647047,62.3208354878,131.151806115,115.8999447435,32.817010691,168.0838685261,94.7813837034,126.48,19.6250840172
2018-03-22,39.6672798139,82.7597904638,101.997395442,188.5393912461,87.9054106955,211.2050698961,51.1200283063,80.5208900427,77.246,144.1497489332,61.8112024873,123.6598223254,112.4695024043,33.188067596,163.6185671012,95.7206013115,125.98,19.6501693398
2018-03-23,38.7487185816,80.3541433638,100.1717237384,186.2090405155,85.5548703822,205.0679154502,50.6957668468,80.0109952245,74.778,141.2797470861,61.406731852,121.4627349444,109.7128969532,32.6960584402,158.1609764707,95.6489660702,127.61,19.5832751463
2018-03-26,40.5881903076,86.4373889041,102.0054027741,191.9210280204,88.1932319583,213.1114339474,51.4677836009,81.6893990011,77.793,145.0461105416,61.8112024873,125.5875350084,112.5154458285,33.0937658412,158.8258102384,95.2828303925,128.28,19.4912956302
2018-03-27,39.5474674792,82.4648452255,101.8612707975,190.9485884299,86.4822944514,206.740164618,51.2591304241,81.2007498003,74.8525,143.6481153725,62.9275414407,123.7355839592,110.5245641138,33.3315702665,151.046262867,96.3016427131,127.49,19.5832751463
2018-03-28,39.110504847,82.3911089159,102.0534467663,191.4216671496,86.346378855,208.50438749,50.6401259997,79.3877904467,71.571,143.7139033805,63.7769297749,122.1950974047,109.6975824785,33.2659690457,151.8500171235,96.5563457933,125.73,19.7588724042
2018-03-29,39.4159088373,84.123912191,102.6139600086,187.4793444852,87.9214007656,210.586337704,51.8920450603,80.7616737069,72.367,146.5756817265,64.1328639339,124.0638843725,110.654737149,33.4832730895,158.5578921529,97.0259545973,125.79,19.7421488558
2018-04-02,39.1574900763,81.5892265492,99.7393278086,190.2827739354,86.2264533288,206.8154158305,50.9252853413,79.4869366613,68.5995,142.1843321955,62.6120543452,121.1260165718,109.0620317773,33.2864694272,154.1918196486,97.2173273485,127.26,19.7337870816
2018-04-03,39.5592137865,82.6860541542,102.7741066493,196.7481831051,87.4097185206,209.5160982366,52.1772044018,81.3211416324,69.6025,142.891553281,63.469532092,122.1109178116,110.4633062149,33.2106180157,154.9062678766,96.4675383125,126.3,19.7672341784
2018-04-04,40.3156759778,85.100918293,104.4236170482,200.4364449755,88.7368943437,211.2217923877,52.0728778135,81.0732760958,70.5285,145.917801647,63.9468074417,122.2119333234,110.9074259821,33.2782692746,153.904055779,96.2681263348,126.45,19.7588724042
2018-04-05,40.595238092,85.1470034864,104.6638370092,200.6817450524,89.8961744302,213.8890298104,52.872714991,83.0632822613,72.5875,147.3075733151,63.7445721241,124.695231321,112.1019550109,33.6206256455,158.1113620104,95.5502432153,125.8,19.8341283719
2018-04-06,39.5568645251,83.1653401665,102.5739233484,196.2050186491,87.6543946066,209.0060622404,52.0728778135,81.2715685251,70.2615,143.4589748496,63.4452638539,120.3684002336,109.2994061356,33.3643708768,155.9878631106,96.5951619782,126.39,19.7588724042
2018-04-09,39.9491911895,83.6630602562,103.678935169,195.1274504541,88.7069865668,210.8622588167,52.0728778135,82.135556967,70.304,141.8636156567,63.2268497109,120.4441618674,109.3683212719,33.2372685116,156.7122342306,96.7546915603,126.82,19.7087017591
2018-04-10,40.7009548579,85.6078554213,104.2954997356,198.6843015691,90.4023827774,214.5244844942,53.6030011097,84.1680543674,71.811,142.6695187541,63.3967273777,124.6615594838,111.5123477338,33.1696172527,163.767410482,96.57920902,127.12,19.658531114
2018-04-11,40.5106646793,84.6677174742,103.7990451496,194.4003109405,88.8837577357,211.4893522546,53.8533849218,84.4513292664,71.3525,142.1514381915,63.3158332506,123.5672247729,110.4786206897,33.0138143534,165.0375406651,96.9221976216,128.11,19.6418075656
2018-04-12,40.9100391282,86.2530481301,104.4396317122,196.450318726,91.0933973467,217.0495807376,53.7073276981,84.4371655215,72.425,142.5626132412,62.9275414407,126.3872411432,112.1555556724,32.609956838,162.6064321115,96.2122909811,126.62,19.6836164365
2018-04-13,41.0486455545,85.7921961953,104.5917710209,196.4853615941,88.6266360355,213.9810035147,54.1385442634,84.9258147223,71.5395,142.1020971855,63.3967273777,126.463002777,111.8875523647,32.8457112251,163.2514200951,96.4356323961,127.45,19.6836164365
2018-04-16,41.304715054,86.7968534133,105.5046068727,201.7768346814,88.5543205573,215.6198076991,54.6254016758,85.4782007753,72.075,143.4425278476,63.5908732826,128.070833006,112.3699583186,33.2352184735,163.5590297489,96.4675383125,127.63,19.616722243
2018-04-17,41.8732363283,88.5480907658,104.5277123646,208.9869047988,88.5543205573,212.0662782175,54.4793444521,86.0164230834,75.1915,143.8372558954,63.4452638539,129.0557342458,113.8631196046,33.4607226699,167.3594974061,96.730762123,127.75,19.616722243
2018-04-18,41.7792658697,88.8891211976,102.2696447312,207.1033506369,87.8392008286,212.3756443135,55.0983488765,87.6877449876,76.392,147.8996653867,63.2592073617,131.2780755047,114.376154508,33.3869212965,165.0772322333,95.9570436497,127.85,19.658531114
2018-04-19,40.595238092,88.5849589206,102.1335200866,206.5426647469,89.7676135801,212.5177854928,55.2374509943,87.6098443904,77.8455,145.6217556112,61.2103209115,131.0676265219,113.4266570749,33.3213200757,166.803815451,95.1753486973,127.6,19.7170635333
2018-04-20,38.9319609758,87.5618676252,101.4208675356,205.9294145546,89.5667372518,210.6699501624,54.9453365469,86.6183822438,76.3745,145.5641911042,60.2711365346,129.6618273164,115.2950229917,32.9625633996,164.9978490969,94.4893714941,126.63,19.8341283719
2018-04-23,38.8191964255,87.8844639796,101.5569921802,205.2986429283,89.1328443827,206.2468511135,55.3417775827,87.5177800482,75.893,146.0987186689,59.6177908811,130.2879268415,113.8018617057,33.0322646967,164.5612418464,94.5133009314,125.62,19.9595549847
2018-04-24,38.2788662889,85.82906435,101.04452293,205.1935143239,88.7150216199,202.7518503527,54.4932546639,86.7812653108,73.0045,144.9474285296,59.2094498477,122.2078586465,112.7298484747,33.2454686642,158.4586632324,94.0825710597,126.23,19.9344696621
2018-04-25,38.4456638528,85.0824842156,101.500940856,205.7892430821,88.3775493884,200.0260842092,55.2930918415,86.9087390153,73.0085,145.876684142,59.0461134343,122.842418976,112.6073326769,32.8682616448,158.4586632324,93.4524292103,125.41,20.018087404
2018-04-26,38.5795717562,86.8798067615,102.5018573601,207.6552758099,88.4659349729,200.7451513513,56.2389862428,87.9710198866,75.898,152.7268604705,59.4136203644,123.790029068,112.4082445054,33.4586726317,172.8170880365,94.106500497,124.97,20.1100669201
2018-04-27,38.1332120781,88.3176647983,102.710047993,210.414901675,87.9034812537,200.502675222,54.1037687339,89.6706692806,78.631,153.3353995441,59.4626212884,122.4447611695,112.5077885912,33.6124254929,172.2514831894,94.8323600957,125.5,20.0933433717
2018-04-30,38.8238949484,86.1977458979,101.284742891,207.1033506369,87.4053079596,199.2735720836,54.0759483104,88.6013065369,78.3065,151.970298379,59.078780717,122.1401722114,110.7849101842,33.6021753021,170.6737433526,94.9998661569,124.59,20.1769611136
2018-05-01,39.7260113505,87.5618676252,100.9003909534,207.4975829033,87.4053079596,197.8856052744,53.519539839,88.424259725,79.113,151.8304988621,58.7684415316,122.1909370378,110.654737149,33.4607226699,172.5194012749,94.6585390559,123.71,20.3107495006
2018-05-02,41.4809096638,86.1885288592,98.890550613,204.5276998295,86.7142933903,195.6949588645,53.4152132506,88.8704176909,78.484,152.8831069894,57.9354258234,121.7171319918,109.4831798323,33.5078735473,174.7123604191,94.5546153157,123.65,20.4027290166
2018-05-03,41.5560860307,86.7046830263,98.5142060075,205.1321893047,86.1679097774,195.1598391308,53.2343804974,89.2386750596,78.604,150.6463147188,58.2784322914,121.6494455566,109.7741548522,33.4279220595,172.6781675478,94.9783044104,124.28,20.3191112747
2018-05-04,43.1864734864,87.7093402443,99.4430565234,206.6653147853,87.1240811,196.4391097442,53.4847643095,88.8987451808,79.0475,152.1594389018,59.152282103,123.8407938943,110.1799884325,33.6390759888,175.2481965901,95.1221988199,124.54,20.3441965973
2018-05-07,43.4989252611,88.6863463462,98.9626166014,204.8080427745,87.8793760943,198.3287513038,54.0689932045,88.4809147048,80.007,150.9505842556,58.7847751729,126.7597714098,110.3867338413,33.4873731658,176.5977099096,94.9703102766,124.57,20.3860054682
2018-05-08,43.7080095314,88.3084477596,98.1778980621,203.2749172939,89.1810547015,198.161526387,54.3124219107,89.6352599183,79.6195,152.1676624028,58.3437668568,126.8528402581,110.4403345028,32.7821600425,177.5403846549,94.8823748041,124.59,20.4612614359
2018-05-09,44.0157627831,89.3499731324,98.8985579451,200.8043950909,91.1255375592,202.1163956689,55.5921613948,91.1578625004,80.4,153.2531645341,59.103281179,129.1203358353,111.558291158,32.4500538623,181.2515462836,94.3147912999,124.33,20.4612614359
2018-05-10,44.6453648554,90.2440258861,100.3719070392,204.7467177553,91.8326222348,203.5461687074,56.8371253495,91.2286812252,80.454,153.9110446137,59.7402931911,130.2710052327,112.7911063736,32.8477612633,184.0994163035,95.0742340168,125.18,20.3692819199
2018-05-11,44.47621803,90.0504680734,101.8852927936,208.7503654389,91.4871149501,203.1113839238,57.1014193734,91.9510322176,80.1455,156.5014474269,59.9199632458,131.0240168236,112.8370497978,32.9523132089,185.5481585436,95.3140580326,125.0,20.3358348231
2018-05-14,44.3724504075,90.3546303505,100.9404276136,212.7978167077,91.5192551627,203.9391472619,57.4878093913,92.3405352038,80.077,157.1346570035,59.8464618598,131.3793706081,112.7911063736,32.8416111488,185.2008573216,94.8104275993,124.49,20.3609201457
2018-05-15,43.9691716926,89.7002206029,100.1957457345,209.8191729168,90.8202055403,201.9742544897,57.4597082991,91.8802134929,78.806,154.5853716952,59.5769567778,129.1034142265,112.8293925605,32.5648559987,182.8987463648,93.731219528,122.48,20.4863467585
2018-05-16,44.3795254726,89.9306465704,100.3719070392,211.7640520979,91.0692921873,201.4725797393,57.6212895793,91.7527397883,79.364,153.2696115361,60.0506323765,130.127171558,112.9825373077,32.2204495896,181.7873824546,93.3714835042,122.29,20.5365174036
2018-05-17,44.0988812208,89.0327286376,99.1708072342,212.8503810099,90.7639601683,199.9173880133,57.5229357565,92.4750907808,79.088,152.4061439317,60.4018056653,130.0341027097,113.2237402847,32.0666967285,182.3430644097,92.8998296064,122.36,20.5616027262
2018-05-18,43.9385130769,89.1993525839,99.4830931835,214.3221814713,89.2935454454,198.161526387,57.1154699195,91.3321883766,78.7185,154.1248556395,59.9852978112,131.743185197,114.1626538461,32.0728468429,181.2713920677,93.6992429925,122.41,20.6034115971
2018-05-21,44.2498159445,90.3472064361,99.0667119178,217.1781752237,90.1131208647,198.7468135958,57.8039466787,92.4108025206,79.273,156.0738253752,60.483473872,134.459103407,115.8172965976,32.8457112251,183.0674355297,93.7472077957,122.48,20.5866880487
2018-05-22,44.1389732568,90.2546375771,98.4181180231,214.795260191,90.804135434,198.997650971,57.3543292033,91.5964845576,79.07,153.6725630848,60.45897341,132.1577646122,116.109745084,32.6837582113,182.3827559779,93.6033133862,122.41,20.5783262745
2018-05-23,44.4219758637,91.3284363421,98.8505139529,213.9892742241,90.3863126712,198.8387873,57.712618129,91.9322121388,80.093,153.5080930649,60.58147572,133.4607284887,116.4560656599,32.858011454,185.4588525151,94.2828147644,122.54,20.6619440164
2018-05-24,44.3724504075,91.0044453354,97.8896341089,212.6488845182,89.3738959767,197.4090142615,56.391866795,90.4392958733,80.1535,153.9028211127,60.2466360726,133.4268852711,116.2713613527,33.0466149637,184.4963319857,95.0342633474,123.59,20.6368586939
2018-05-25,44.4738596749,91.0507297649,97.9857220933,214.5937636993,88.9158979482,196.4976384651,55.2959241988,87.2820279817,80.5075,153.6561160828,60.6876443887,131.8616364585,115.9481288152,33.2967196179,183.4941198881,95.6258292532,123.21,20.7371999841
2018-05-29,44.313491531,90.7267387582,96.3159234209,212.1582843644,85.1153178172,189.8253642854,55.0921912803,86.7105767796,80.6435,152.1347683989,60.4753070513,129.9748770789,114.0549096669,33.5652746155,184.3077970367,97.720292325,123.19,20.8793501453
2018-05-30,44.2191573287,91.5968860333,97.5823890806,214.5850029822,87.0598006749,192.2752093163,57.2559753805,89.4035405695,81.2445,154.7005007091,61.1613199875,131.5316650872,115.7788165337,33.8809804904,186.2229152033,97.0647733483,123.37,20.7204764357
2018-05-31,44.0705809601,91.4950602884,96.4933899465,211.5800770403,85.9831035554,189.523146624,57.0733182812,88.7892305272,81.481,154.2539868902,59.7566268325,128.5280795278,113.8317252957,33.9916825505,190.3012238381,96.9048906711,123.1,20.7037528874
2018-06-01,44.8653466145,93.3001530399,97.816322228,213.1920489742,87.0999759406,191.5955840783,57.4878093913,88.467789226,82.077,154.9154888442,59.9852978112,129.890269035,115.5094560857,33.4320221358,192.4941829823,96.3940655173,122.49,20.7371999841
2018-06-04,45.2403250686,94.1147589996,98.3729217854,214.3134207543,87.1401512062,192.887711074,56.8836359087,87.3320299618,83.2635,158.2312673884,60.58147572,129.027266987,115.5479361497,33.2680190838,191.7896576464,95.6969513278,122.37,20.7204764357
2018-06-05,45.5893616171,94.5961170667,97.9937887535,214.1382064136,86.6500129652,191.5871936432,56.6799029902,87.6677575431,84.8175,158.7108563051,60.409972486,129.458768011,115.3401438042,32.8820217165,191.4522793165,95.9213099175,122.85,20.6953911132
2018-06-06,45.747371406,94.8738236438,99.0505212467,217.8352290011,88.6748463543,194.8510728728,57.6493906715,88.1320616448,84.7875,160.0752040851,60.7203116714,132.4200495484,116.2097932503,32.2276839335,189.8646165877,95.1440676602,122.92,20.6368586939
2018-06-07,45.624736943,93.3834650131,99.4861209003,218.1243326632,89.028388692,195.8747059473,58.2254630618,90.6893057742,84.465,162.2085478866,61.8718333856,132.2339118518,117.0486586453,32.2792878596,186.7289826982,96.0655404395,122.86,20.5950498229
2018-06-08,45.2096664529,94.077731456,100.0749870988,219.6136545586,89.2774753391,195.8243633371,58.7312827216,90.3178624928,84.1995,163.9946031624,63.0315219206,131.4132138257,116.871650351,32.3659824555,187.6418887673,95.7770793955,123.01,20.6034115971
2018-06-11,45.0988237652,93.5408320735,98.9456546634,222.3294768386,89.0524938514,196.4116937897,58.380019069,91.1178941758,84.456,165.077812612,63.317360644,132.2423726562,116.8793463638,32.0770004692,190.0630744288,95.6007976465,123.23,20.6201351455
2018-06-12,45.3464510462,93.781511107,98.8488547403,222.1542624979,88.538250451,195.1866902743,57.9023005014,90.7750234545,84.9375,166.4586979409,63.0805228446,133.2492083789,117.1794908629,32.4918960352,190.9164431455,95.6248360668,122.82,20.6619440164
2018-06-13,44.9738309471,93.3556943554,98.9214546826,221.5322515886,88.3614792822,196.1935424788,57.2630006536,90.7678803145,85.243,165.6318204984,62.4516776531,130.8971047577,116.8485623126,32.436163795,190.9263660376,95.5767592261,123.19,20.6284969197
2018-06-14,44.9974144977,93.883336852,98.7439881571,223.6873879785,86.8026789747,196.0425146481,57.5299610296,90.367864473,86.193,165.1026189352,62.059670261,129.5687584681,116.3637135063,32.7829421784,195.292438542,96.370027097,123.38,20.8960736937
2018-06-15,44.5351769064,92.6891985702,98.9053213621,225.0452991185,86.698223284,194.5909693866,56.6658524441,88.6035088865,85.7985,165.8220023102,63.194858334,126.9289874976,115.6172002649,32.9315614856,194.3398409046,96.4581679715,121.34,20.8793501453
2018-06-18,44.5115933558,93.3649512413,97.8647221895,224.0694405279,86.9232047717,194.1462763296,56.778256813,89.9821349116,86.1895,165.9460339266,61.937167951,125.795239709,115.4017119065,33.1111431485,196.7808723503,96.370027097,121.11,20.8793501453
2018-06-19,43.7922950633,93.3649512413,98.8730547211,222.4430095435,86.4169964244,191.5704127732,56.6939535363,89.6749798905,86.739,164.7222553117,62.3373421638,121.2433269458,113.3468764895,33.645759823,195.9671952017,96.9309235713,120.8,20.9378825646
2018-06-20,43.983321823,94.2998967177,98.4455217277,222.258387648,86.4089613713,191.1508910213,56.51832171,89.4964013898,87.504,164.6147612442,61.9453347717,121.0994932711,112.7773715424,33.5838351116,200.4424195187,96.081566053,120.26,20.954606113
2018-06-21,43.738052897,93.6241440466,97.9695887728,221.4495679153,86.3848562119,190.4460944782,55.984400958,87.5677535827,86.511,165.6318204984,62.4271771911,118.0536036898,110.7994962533,33.7221336336,199.9462749159,96.5863728799,120.05,20.8960736937
2018-06-22,43.6107017239,92.9483913755,99.0908545479,223.6298645862,84.9706868608,189.6406127146,57.1716721039,89.3606817293,85.7835,163.2338759153,63.2356924373,118.4004966699,110.8225842917,33.9141002387,200.1844243253,96.5783600732,120.34,20.820817726
2018-06-25,42.9621540831,91.0785004226,98.8891880416,220.4121686928,84.1993217603,185.8816978178,56.0195273232,87.5820398628,83.1575,162.3821921496,63.5296979814,115.557666394,110.8533683429,34.347573218,194.8359855074,96.7947058561,119.89,20.7873706292
2018-06-26,43.4951423261,91.7172255501,98.6955881955,219.5857659224,84.2555671322,185.915259558,56.651801898,88.6892265668,84.5545,162.3656546007,63.7012012154,114.6777427371,110.8302803045,34.4239470287,197.4655519021,96.9309235713,119.26,20.8960736937
2018-06-27,43.4314667395,90.2916651207,98.0986553368,218.179122909,82.953888525,184.7405986528,57.4035061147,90.0035643317,83.0255,161.2576388278,63.4480297747,113.8908879286,110.1607271911,34.6943516015,194.3299180126,97.8443835438,118.58,21.0215003065
2018-06-28,43.7474863172,91.3006656844,98.4132550867,215.3042962502,84.3118125041,187.4590996049,57.586163214,89.7606975708,85.0725,161.4147455419,63.7420353188,115.0923221524,110.1530311783,34.4322036569,194.7169108028,97.8684219641,118.22,21.0215003065
2018-06-29,43.65551047,91.2821519126,97.88085551,215.6911230789,83.7252536255,185.0678256192,58.120083966,90.3107193528,84.99,161.3237890232,63.7502021394,114.7877331942,110.8610643557,34.4776151118,192.8216384202,97.5318840795,118.65,20.8542648227
2018-07-02,44.1436899669,92.5781159393,98.0744553561,217.5725081094,84.4323383011,187.3248526443,57.4386324799,88.7535148271,85.689,160.4307613854,63.8073698841,115.3123030666,111.4459613284,34.8863182066,195.838197605,97.4557143383,117.46,20.954606113
2018-07-03,43.3748662181,91.6894548924,98.9859879646,217.1329321677,83.2511854908,184.9084073535,57.7758455865,89.0963855483,84.698,160.1000104084,63.6195330087,113.230945186,111.5460094947,34.7934311396,191.2438985834,97.9777268173,118.65,20.8877119195
2018-07-05,43.7239027666,92.3466937917,100.8332531626,220.2275467973,83.7895340506,185.2104630148,57.8250224978,88.5606500464,84.9865,160.7532435879,64.6893865163,114.9061844557,111.5306174691,34.7893028255,196.919792839,98.2588104598,119.05,20.820817726
2018-07-06,44.3300000164,93.6426578184,101.4382526816,220.456126287,84.064200861,186.0914586938,57.8390730439,88.6749402868,85.5315,160.8111250089,64.771054723,114.56775228,112.146298493,35.1546586224,201.6629352415,98.5800489083,118.86,20.7539235325
2018-07-09,44.9455306864,94.2813829459,101.6802524891,223.0144582678,86.6654571244,191.2935284169,58.2395136079,89.9964211917,86.951,162.1341289168,63.5868657261,119.2719595223,113.4546206686,34.1246442572,203.1612919419,97.9456029724,119.15,20.7622853067
2018-07-10,44.8912885201,94.5313188653,102.7531183028,224.6584722898,86.1322803748,190.3370188227,58.77343436,91.1393235959,87.1535,163.3992514038,65.1875625771,119.5088620453,113.9317734621,34.5622455507,201.9705448952,97.9375720112,118.93,20.7706470808
2018-07-11,44.3087748209,94.4017224627,101.833519034,223.8232780005,85.946476356,189.3385570532,58.0217301433,88.2320656052,87.75,162.8535122918,64.648552413,115.709960873,111.2227769572,34.762468784,200.9782556897,98.3150271883,117.64,20.912797242
2018-07-12,45.051656664,96.4474942477,103.0596513924,225.1068397503,86.3180843936,190.6474649191,58.0919828738,88.7606579671,89.831,163.6803897342,64.4280482549,117.9605348415,113.8163332702,34.7789820403,205.32448241,98.3069962271,118.13,20.9295207904
2018-07-13,45.1224073157,97.5953481,101.5834525661,227.4365922414,85.9222410492,189.967839681,58.5275498031,88.6035088865,90.6515,164.2922790416,64.771054723,119.0858218257,113.516188771,34.9915902159,205.7213980922,98.5559560247,117.61,20.9044354678
2018-07-16,45.0233564033,97.1139900329,100.5831866947,225.9244510019,89.3313408727,194.1882285048,57.9514774128,87.8463360437,91.1245,164.4493857557,64.9507247777,116.8267870529,112.6696273632,34.9874619018,205.6320920637,98.1463770028,117.55,20.8709883711
2018-07-17,45.1507075764,98.0767061671,104.1486505266,220.0429249018,89.2667133879,193.8358302333,57.8250224978,87.0820200609,92.1965,166.285053678,65.3590658112,117.562877035,114.278094038,35.1340170519,208.370810271,97.9616648948,116.28,20.9629678872
2018-07-18,44.9030802954,97.3083846369,103.0919180334,224.5529740638,90.0987922547,194.0204198041,57.7617950403,86.8105807399,92.146,166.1775596104,65.1058943704,119.3988715882,114.7860308827,34.9709486454,207.7456680715,97.5681477953,116.31,20.9880532097
2018-07-19,45.2521168439,96.6418888518,101.5915192264,222.363885874,88.7739288162,192.6695597631,57.6142643062,86.9105847003,90.6485,167.5501761649,64.8831035026,118.6881640192,113.5469728222,35.1422736801,206.4854607804,98.1865318088,115.81,21.0298620807
2018-07-20,45.1483492214,98.3729265161,101.5189192841,222.1616809409,89.8968313647,194.3979893808,57.18572265,87.3391731019,90.685,167.4013382253,64.8418974163,116.4747855481,117.8490439763,35.0844772829,208.3211958107,96.9818876267,116.56,20.8626265969
2018-07-23,45.1884412574,99.94659712,102.1481187838,222.1968470162,91.5690675341,196.1348094335,57.18572265,86.6677179394,90.1,167.2194251879,64.7017967228,116.0150838656,118.2877167058,34.8491633798,209.2837163401,95.7852744057,116.0,20.8960736937
2018-07-24,45.5162526104,99.6596336569,104.3503170329,223.0935819373,92.2153423821,197.9135816614,58.3167916115,88.467789226,91.462,167.0209746017,65.0973751514,117.4537798718,119.4113345743,35.1340170519,213.0147237529,96.1145438155,116.04,20.9044354678
2018-07-25,45.9454732308,102.5940664889,103.7533841742,224.060649009,93.047421249,198.5932068994,58.7242574486,89.2178189288,93.1805,166.2023659337,65.49295358,119.5905413959,121.6123942346,34.626234419,215.8229022045,95.9619555524,116.68,20.8040941776
2018-07-26,45.8016135723,101.4739832943,105.0924497762,225.9420340396,92.7808328742,198.945605171,59.180900197,88.5392206263,90.4,164.8793620258,66.0039090502,121.3782701611,122.4589556423,34.7108648578,174.9008953682,95.7772434445,115.77,20.9462443388
2018-07-27,45.0398648887,99.6781474287,106.1169156283,225.018924562,93.7340882751,199.390298228,57.5510368488,89.9821349116,90.8635,163.0106190058,66.407728696,121.3612441729,122.6282679239,34.4672943266,173.5414591566,95.9378626688,115.83,20.9211590162
2018-07-30,44.7875208976,97.5398067846,106.617048564,223.163914088,94.2995787671,200.4894452179,57.4245819338,91.3107589565,88.961,163.1263818478,66.0945624401,118.9690928252,120.7658328268,34.3124825483,169.7409914994,95.608593259,115.65,20.8459030485
2018-07-31,44.8771383898,98.1970456838,106.8993816728,222.6188399202,92.8616172302,199.2140990922,57.2630006536,90.1964291124,88.872,163.324832434,66.6549652139,122.4168554437,122.8668443206,34.5828871211,171.2492710918,96.1306057379,115.99,20.8877119195
2018-08-01,47.5208544093,98.382183402,106.9961815959,222.7507127027,93.4351861578,198.047828622,56.4761700717,89.5678327901,89.8585,162.3160419542,66.4654172169,117.9390205367,120.7427447884,34.6571967747,170.3264421306,95.3490422297,115.14,20.912797242
2018-08-02,48.9099255381,99.5763216837,105.8749158207,225.1332143068,93.8310295023,196.3277894394,56.1389569651,88.4035009658,91.7165,161.786840391,67.5779815472,117.4878318483,119.9808395214,34.9771411166,175.0100471808,95.4858760738,114.52,21.0298620807
2018-08-03,49.0514268416,100.0113953213,106.4395820384,226.1354474539,94.5904024487,196.4116937897,56.3426898837,88.6106520266,91.1645,161.7703028421,67.8499417169,117.9134815543,119.3189824207,35.3280478141,176.4091749606,95.9607700036,114.92,21.046585629
2018-08-06,49.3061291878,100.0947072944,106.4960486602,225.7310375875,94.6146377555,197.9555338366,56.3286393376,88.7892305272,92.3875,161.8116467143,68.0065248448,118.7392419839,119.2651103312,35.2991496155,184.2581825764,96.0171133512,114.33,21.0800327258
2018-08-07,48.8438915965,100.7889737373,106.044315686,226.5134827638,94.9620104864,199.5497164937,57.0943941003,89.4178268495,93.124,162.936200036,68.105419452,121.2080102787,120.3348561101,35.2207116478,182.39267887,95.5180722725,114.59,21.0549474032
2018-08-08,48.8769085673,101.3536437776,105.8103825387,227.5332989486,95.1558929408,198.3247129782,56.7150293555,88.4892186461,94.326,163.7382711552,67.8664241514,118.9350408487,119.4421186255,35.1071830104,183.7521150816,95.6146608683,114.91,21.0298620807
2018-08-09,49.2613204417,101.5202677239,105.8345825194,229.9773411845,94.4207553011,196.1515903036,56.4269931603,87.5248947426,94.926,163.7878838017,67.0835085115,117.9219945484,118.4878130386,35.2661231028,181.678230642,96.419565834,114.74,21.1552886935
2018-08-10,49.1151024282,100.9000563682,105.4715828081,228.8959843679,93.491735207,192.652778893,56.3707909759,88.1034890847,94.315,162.3160419542,67.1082321633,115.7086160773,117.8182599251,35.2826363591,178.8700521903,97.1198331541,114.69,21.3058006288
2018-08-13,49.4322336249,100.1687623817,105.0440498147,229.3795179038,92.0053030565,190.3454092577,55.7603794896,87.4606064823,94.81,160.5299866785,67.1824031186,114.9424466065,117.2487549781,35.3590101698,178.6616714571,96.9186069127,112.96,21.314162403
2018-08-14,49.6404988884,101.4184419789,104.4632502764,231.6389382441,92.6192641622,192.6108267178,55.5829342901,87.5606104427,95.9825,159.6700341383,67.0093375561,114.8573166653,118.6186452561,35.4911162206,179.713498015,96.7012825719,113.07,21.3977801449
2018-08-15,49.7564647737,100.0484228649,105.21344968,229.1157723387,91.8518127801,192.3507232316,54.6105345969,84.2461934705,94.131,160.4059550621,67.8252180651,112.3885483705,117.8875240403,35.6624412553,178.1456810703,97.2647160479,111.19,21.3977801449
2018-08-16,50.485393196,100.0298368677,106.8671150318,231.3048605284,92.7162053894,195.4971363707,55.3629022427,84.8462172327,94.326,161.5635834815,68.9707472645,115.9980578774,119.1689101712,36.0794009783,173.3529242075,97.2566669982,111.1,21.3810565965
2018-08-17,51.4935864035,99.9740788762,108.4723804222,230.6279135782,92.7162053894,195.8159729021,55.5474452502,84.947173126,94.111,161.7041526468,68.9707472645,118.6200600663,119.9963646416,36.1578389459,172.4598639225,97.3774027431,112.13,21.2723535321
2018-08-20,50.9918564505,99.314275976,110.4164455432,230.6894542101,92.5950288554,197.829677311,55.9378246891,84.9111174498,93.8355,163.6638521854,68.9295411782,118.0496894602,120.228361222,35.9782572831,171.1698879553,98.0293757653,112.69,21.222182887
2018-08-21,50.8924571202,98.4871991011,109.1822465244,230.0652563728,93.1605193474,200.2377321668,55.9520203051,85.0481290194,94.171,165.565670303,69.143812827,119.1734046841,121.3960773438,35.6335430567,171.28896266,97.6993647293,113.02,21.0967562741
2018-08-22,50.8948237709,99.4908429493,108.5853136657,229.2300620836,92.8777741014,200.8166721843,56.7540726068,85.7548202729,95.245,164.5238047255,68.7235107466,118.8669368957,120.7387536991,35.4436406086,172.3010976496,98.0857191128,113.27,21.0382238548
2018-08-23,50.9989564027,99.955492879,108.9886466784,229.8278853643,92.683891647,198.2995416731,56.1294655046,85.1635071832,95.145,165.5077888821,68.5998924877,116.4492465657,122.1152667432,35.4271273522,171.5668036375,98.2386510563,112.2,21.1720122418
2018-08-24,51.157522001,100.7361047609,109.6662461396,232.3422597509,92.643499469,197.2675181635,56.5127471355,85.8197204901,95.2695,166.4504291665,68.6987870948,117.6580917307,121.8059379693,35.647992156,173.3033097472,98.4318282481,114.16,21.0716709516
2018-08-27,51.5787858295,101.8512645922,109.5613795563,234.8038850245,94.2834218959,203.5519540065,57.0663761579,86.7860126122,96.384,167.0127058273,68.7647168329,120.9185684786,123.2288503295,35.3920366825,176.0916424148,97.8683947721,114.59,20.9880532097
2018-08-28,51.9953163565,102.4646024994,109.0741513638,236.0610722178,93.8229510667,203.3589740007,56.9812024622,86.4326669855,96.641,167.0044370529,68.797681702,120.8845165022,123.8088417807,35.2062625485,174.9008953682,97.2808141472,113.68,20.9880532097
2018-08-29,52.7715777932,104.100170252,109.5126567371,236.4918566406,93.5159705138,203.216336605,57.392875325,86.6922678541,99.905,167.6163263603,68.8059229192,120.7653345845,123.9635061677,35.4291915093,174.5436712542,97.4095989417,114.2,20.954606113
2018-08-30,53.2567411912,104.0351192618,109.585740966,235.9555739918,93.0554996846,201.5326884144,57.1444520457,86.3966113093,100.119,165.6050634201,68.7399931811,118.3816962309,123.306182523,35.4915192959,176.2702544718,97.6188742328,113.64,20.9713296613
2018-08-31,53.8720703788,104.3882532084,109.3746087492,236.0171146236,92.562715113,200.1941881029,56.9031265744,85.4231080519,100.6355,166.8600250067,68.3608971871,118.2029233544,123.0045869684,35.3398550151,174.3749820892,97.3935008424,113.51,21.0633091774
2018-09-04,54.0448358815,103.8120872956,108.5869231713,236.0610722178,93.0231859422,200.0679144886,56.9883002701,85.7187645967,101.9755,170.4420676813,68.1548667555,117.6836307131,123.4531136906,35.3253118649,169.8402204199,96.8319460146,112.93,21.1552886935
2018-09-05,53.692204924,100.8197417482,110.3247037246,235.2962100792,92.5707935486,199.9837320791,57.747765724,85.7548202729,99.741,169.66914432,68.641098574,119.6841843313,125.1157558507,35.655649134,165.8909093819,96.5737920304,113.32,21.0800327258
2018-09-06,52.7999776019,101.0520667131,111.144871182,237.8545420599,92.1749502041,197.4245868294,57.1089630058,83.0939113694,97.9155,171.1152589961,68.1136606692,120.518457755,126.8325305462,36.1127195692,161.2767645761,96.9287537587,113.54,21.0800327258
2018-09-07,52.373980472,100.5595377876,111.5102923264,236.6460839749,92.3526757873,196.9110741312,58.081362699,82.6396098493,97.6035,171.3978331282,67.5038105919,120.305632902,125.9045442243,35.7553735926,161.7828320709,96.1058879341,113.23,21.1385651451
2018-09-10,51.6710852076,101.6468186231,111.4209671578,229.1042470211,91.8598912157,195.2274259407,57.9961890033,82.5530762264,96.9505,175.104540861,67.8911478032,120.9270814728,126.3376045079,35.7408304424,162.9140417653,96.4608496623,113.15,21.0967562741
2018-09-11,52.977476406,103.3753163616,112.4766282415,230.2597799345,92.4415385789,193.7963249786,58.812436921,82.9424775293,99.3575,177.7308180888,67.5862227645,120.9100554845,126.0978747081,35.765761557,164.660470767,95.7267242697,113.22,21.1134798225
2018-09-12,52.3195475054,103.8120872956,113.1668681809,231.6975804298,91.3509497728,192.0621673423,59.0040777364,83.4977349428,99.5,176.1766603623,68.4927566633,122.8254791615,126.7397319141,35.8384773081,160.7508512972,95.9526090059,114.17,21.0382238548
2018-09-13,53.5833389908,104.9272471269,113.5972530843,234.1850634953,91.7064009393,192.2136956795,58.42915529,83.8655028401,99.4935,174.0739763793,68.7729580502,123.8981164206,128.1471778356,36.2747718145,160.1157862056,96.097820622,113.76,20.9796914355
2018-09-14,52.9751097553,105.3547250622,113.2724342893,234.0262879804,91.6902440681,192.9797556062,58.8550237688,84.644305446,98.5095,173.7581582316,68.9048175264,123.3532847969,127.6831846747,36.0774004902,161.068383843,95.6379838377,113.02,21.0549474032
2018-09-17,51.5645859251,104.2116862351,113.6540963734,232.7560838619,91.9649108785,191.8432930776,59.2028163598,84.7380502041,95.4015,173.2013209713,69.4322554311,124.4770000207,128.178110713,36.1210299408,159.3418006253,95.6379838377,113.61,20.954606113
2018-09-18,51.6497853511,105.2060370847,114.1250836262,232.2444738697,92.3365189161,192.6851171728,59.3589681354,85.185140589,97.0525,175.3788039893,69.2262249996,126.9032033449,128.4797062676,36.0337710395,159.0639596478,94.6376371489,113.44,20.9880532097
2018-09-19,51.6805518105,103.802794297,114.0601198672,234.0439297043,95.0185595356,198.3169203704,60.0687489334,86.1802772521,96.321,175.9273302457,69.2262249996,130.0444981751,128.2167768098,35.1466388766,161.8026778551,94.0729253084,113.88,20.9796914355
2018-09-20,52.0734158303,105.5405850341,115.2944312882,234.9789410693,95.8344815312,199.8490402238,60.203607285,86.1153770349,97.215,175.4120480048,70.3470305472,132.80270827,128.7890350416,35.1674148055,164.7398539034,94.5085601568,114.27,20.8291795002
2018-09-21,51.5125196093,106.1818019371,116.025273577,235.2259252035,95.2043635544,198.1148825875,60.4520305643,87.3484811609,95.7505,176.5174115216,70.7261265412,133.1262020465,129.4076925895,35.4769761457,161.6736802583,94.4682235967,113.49,20.8960736937
2018-09-24,52.2532812852,106.5628148794,114.0682403371,235.834564677,94.2915003315,196.060831795,61.4670171054,88.4229403117,96.718,172.860569812,69.4487378657,131.100109446,127.9538473519,35.0718455326,164.1345574881,94.2262042365,113.47,20.8960736937
2018-09-25,52.5846123862,106.3583689104,112.5821943499,232.4385328322,94.0249119567,195.7241021569,61.3960390256,88.9637754547,98.7275,172.4200866061,68.5009978805,131.1767263931,128.0311795454,34.6646373267,163.6384128853,94.1293964924,113.65,20.912797242
2018-09-26,52.1657152085,105.9215979764,112.1924117959,231.9092811162,92.9181662794,192.6766989319,60.8849968511,87.9397942506,98.7425,172.4699526294,68.6163749222,130.3935309341,128.1858439324,34.1660150337,165.6626828646,94.790916077,113.05,20.9211590162
2018-09-27,53.2378079854,106.321196916,112.2411346152,233.4441110928,92.5142444994,191.7170194633,60.8778990431,88.3147732831,100.649,171.9048043652,68.2867262317,129.7976213457,127.8765151584,34.4028606229,167.5381094631,94.855454573,112.05,21.0716709516
2018-09-28,53.4247733924,106.2840249216,112.2005322658,234.6702109016,91.1570673184,188.7706351297,60.3455634446,88.1777617135,100.15,172.1624454856,68.5916512704,129.8146473339,128.6807699707,34.8204567933,163.1918827428,94.6053679008,112.76,21.1218415967
2018-10-01,53.7845043021,107.4363567473,113.4348436868,237.3693946536,91.6902440681,189.6882233936,60.906290275,89.6993112491,100.218,172.5364406605,68.9542648299,129.6358744574,130.1275315794,34.6937236271,161.1874585476,93.912279311,112.57,21.1552886935
2018-10-02,54.2625677479,107.008878812,114.076360807,238.7189865295,92.0699305413,190.3111732241,61.3676477937,89.9517009825,98.5655,170.1678045531,69.522908821,131.7981749638,129.8069819042,35.1819579557,158.1014391184,94.4863449012,113.87,21.1887357902
2018-10-03,54.9228632993,107.0274648091,112.898892675,238.9571498017,92.9343231506,191.7506924271,61.1476157463,90.3627356912,97.638,169.3283931607,68.4268269252,134.6925929646,129.2987933947,34.9534227381,161.1775356556,92.8450024389,113.42,21.2556299837
2018-10-04,53.9572698048,104.8157311437,113.1587477111,236.6813674227,93.7664020175,191.4981451985,60.7430406915,90.1031348226,95.471,165.2643122608,67.5120518091,133.441182829,128.7749683156,35.1632596197,157.6251402997,92.1900825401,113.48,21.2639917579
2018-10-05,53.0816090378,104.2023932365,112.9557359642,237.4576032729,93.2376594018,190.0081165498,60.5726933,90.3771579617,94.4825,163.2114943011,67.7015998061,130.5127128517,128.2745980908,35.8114686006,156.1168607073,91.3977103169,113.8,21.2389064353
2018-10-08,52.9585432002,103.0128894165,113.1912295906,237.2900068961,93.8070745264,189.7050598755,61.1334201304,90.0238123349,93.221,164.8986280898,67.9076302377,130.5467648282,128.892242587,36.0088399249,156.0374775709,91.0904639447,112.54,21.2639917579
2018-10-09,53.692204924,104.3232022182,113.0369406629,238.2603017089,93.156314384,187.651009083,61.4031368336,91.4516171124,93.516,162.6879010563,67.7428058925,127.2352101156,125.8274749603,36.0940212333,156.6824655545,92.0122030614,112.6,21.2556299837
2018-10-10,51.2048550154,98.6544730758,111.8432315913,232.0592357691,90.6752913411,180.8995798387,59.9906730456,88.4085180412,87.7625,160.9841452598,67.1164733806,122.3487514908,122.4499759431,35.8904171303,150.2127399344,91.7615547051,112.88,21.2305446611
2018-10-11,50.7528247276,98.4221481109,108.6843688098,226.8020020562,87.9583677466,179.2832775757,57.9181131155,85.4014746462,85.968,157.6929877212,64.9984805443,120.0076781078,120.1044905145,35.1300181335,152.1675496693,92.8773441623,115.78,21.1134798225
2018-10-12,52.5656791804,101.8233855964,108.7087302194,228.9983966778,86.9984965365,180.0409192615,57.7619613399,84.9255397203,89.4305,159.9618917819,65.1550636722,120.944107461,122.1216079831,35.1861131415,152.5545424594,92.5539269283,115.23,21.180374016
2018-10-15,51.4415200876,99.9926648734,108.7736939784,229.5629318416,86.502291928,181.1773817901,57.3644840931,84.3270154954,88.0475,158.8814612768,66.0368739193,120.7142566198,122.1294262679,35.2442857423,152.3362388342,92.5134997741,116.0,21.1302033709
2018-10-16,52.5751457833,103.1522843954,110.8931366159,240.4302337448,88.3569583338,186.6324019277,57.6342007963,84.7380502041,90.998,160.8844132132,66.7621010383,122.3402384967,124.7485516631,35.5870885687,157.5556800553,92.7237209761,115.8,21.1385651451
2018-10-17,52.347947314,102.8827874361,113.2480728797,235.7816395054,89.3412330492,192.1716044747,57.8471350357,84.5794052288,91.5865,153.8948589456,67.4626045056,120.3226588902,123.5679906641,35.489441703,158.1907451469,92.1739116784,115.79,21.2472682095
2018-10-18,51.1243888909,100.8290347468,113.2805547592,235.3494172706,87.9258297395,189.3683302374,58.095558315,84.7092056631,88.536,149.9637541078,66.7185874112,115.6064601478,121.3319612221,35.6452611696,153.725443722,92.141569955,115.92,21.3392477256
2018-10-19,51.9030169784,100.9777227243,112.9151336148,234.0174671185,87.7794087074,191.0603966689,58.1807320107,85.1923517242,88.2015,149.4734048785,72.5888918369,112.5247562764,119.9872162431,36.0379262253,152.8621521132,91.9394341838,116.01,21.2974388546
2018-10-22,52.2201481751,101.879143588,112.6146762294,231.2741790569,86.5185609315,186.5482195181,57.5987117564,84.5217161469,89.465,148.5591944511,72.0068503216,110.2883138923,119.3148437535,35.8717187943,153.5865232332,91.8181527211,115.71,21.3726948223
2018-10-23,52.7124115252,100.4573148031,112.8176879763,233.6293491934,85.615631234,183.9890742684,56.668898911,81.7742736205,88.435,148.3763523657,72.4724835338,101.9509252343,117.7433685164,35.4499674382,153.199530443,92.1092282316,116.39,21.3392477256
2018-10-24,50.9042903738,95.0859616156,111.6320993745,226.0963331014,84.0212688851,176.0927642545,55.0931855395,79.473921479,83.21,147.0798357595,74.3849056556,96.2612787092,113.6309507315,36.4825311032,144.9139155768,92.8045752846,116.66,21.44795079
2018-10-25,52.0189828637,100.6431747749,112.444146362,233.0824557535,85.2983856645,180.1587746348,55.5829342901,80.4618470068,89.1085,148.8251465755,74.0024212312,99.0803957375,115.3040636706,35.9839088102,149.786055576,92.4164746039,116.4,21.5064832093
2018-10-26,51.1906551111,99.3979129633,111.2260758808,227.7370134212,84.1270174082,178.7697648776,55.0293052677,80.4257913306,82.1405,143.1404199179,73.0545250491,98.583408541,114.1782306649,35.2962255645,144.2490818091,92.9743693325,116.77,21.44795079
2018-10-29,50.2297949181,96.5077904005,111.6970631335,226.2727503401,85.2902511628,180.5628502006,54.6886104847,78.5508961682,76.944,143.9465872948,73.3704904432,97.666552851,113.8138360487,35.8966499089,140.9943732149,92.7641481304,116.31,21.5064832093
2018-10-30,50.4806598946,96.3962744174,114.2956134936,227.8252220406,86.795133992,184.595187617,55.9165312652,79.9354341343,76.521,146.4731324759,74.1604039282,100.6484760298,115.3468453248,36.0566245613,145.0925276338,92.303278572,115.8,21.5984627254
2018-10-31,51.7965176959,99.2585179844,113.6784577831,230.5332266544,88.682338405,189.7218963574,56.5553339834,80.5123249535,79.9005,146.173936336,73.7363451099,103.9560115097,116.8475807215,35.8384773081,150.6195785086,91.8343235828,115.15,21.5901009512
2018-11-01,52.5917123384,98.4314411095,114.3524567827,230.1627504532,88.6498003979,191.0688149099,57.2580169734,80.166190462,83.2765,149.9803761155,74.4929990798,106.8522472409,116.5490473361,35.416725952,150.5798869404,91.9189756181,116.63,21.44795079
2018-11-02,49.1032691745,98.6544730758,114.2387702045,230.2333173487,88.1617302911,193.3585764491,58.1665363948,82.7333546074,83.2765,149.5398929096,74.6759264132,107.7862404205,117.3800997332,34.9347244021,149.1906820527,90.7761684969,116.65,21.4981214351
2018-11-05,47.7093118994,99.909027886,115.4730816255,230.2333173487,88.7392799175,192.5420070766,57.9465043474,85.7692425434,81.39,151.4181797877,75.831694565,108.317502596,118.7517396118,35.4665881813,147.5335590794,91.1327891588,116.37,21.4897596609
2018-11-06,48.2252417568,100.1041808565,115.7735390109,232.4649954181,89.1541395082,192.1042585471,58.1949276267,85.7403980024,82.1405,151.2685817178,76.0894558075,110.8195760679,119.7764352859,35.6224076478,148.7838434784,91.0760540535,116.04,21.4395890158
2018-11-07,49.6878319028,104.0444122604,117.5438014437,242.2473313033,90.6834258429,194.6970767606,58.9330996566,87.1609916447,87.7745,155.6069257459,75.9065284741,115.7637417983,121.1884175139,36.0545469684,150.3615833152,91.1976292792,116.03,21.3977801449
2018-11-08,49.5150664001,103.8492592899,117.9904272868,244.029145414,91.4155310031,195.0085516759,57.9961890033,86.0721102235,87.7455,156.2468730451,75.9647326257,112.5847374898,121.4708139595,36.1418058697,146.7298048229,91.1895242641,115.78,21.5232067577
2018-11-09,48.5603416319,101.8233855964,118.0229091663,243.9409367947,90.528870309,187.4321348182,57.9819933873,86.1802772521,85.6215,154.5763612642,76.8377948986,108.7459398343,121.2852391524,36.6819800204,143.8422432348,91.8703455279,114.48,21.5650156286
2018-11-12,46.1141562805,99.314275976,118.2502823228,240.262637368,88.6253968925,173.4578548362,57.236336492,84.6515165812,81.8425,149.1243427153,77.0789263835,107.1093095839,119.5182442499,37.0829554477,140.4585370439,92.4701166411,113.66,21.7573364349
2018-11-13,45.653418457,99.3793269661,117.4869581545,237.4752449968,89.1460050065,172.6160307409,55.9242671474,83.1804449923,81.5585,148.7669695483,77.7191720504,107.9319090815,119.1551631055,37.1182745268,141.0638334593,92.4133815358,113.7,21.6820804672
2018-11-14,44.3638275387,97.9760841784,117.1377779499,233.7175578127,87.3076076042,170.460961057,55.4869106992,83.4472569961,79.9505,149.514959898,77.7358018079,107.1949970316,119.0341360574,36.7359974355,143.1079492227,92.4701166411,114.64,21.6068244996
2018-11-15,45.4586736038,100.132174056,117.3407896968,233.6999160889,89.5364610919,171.5132411761,56.0604929263,85.1418737775,80.972,147.4039649111,78.0185076868,110.8966947708,119.8893938641,37.2263093569,142.7408022167,92.4295915659,114.77,21.6569951447
2018-11-16,45.9621602975,101.0748800198,118.5507397082,239.1423879024,89.4713850776,170.1494861417,56.61256582,86.6779948008,79.6705,147.121390779,78.010192808,111.3594069882,120.522226829,37.4776980963,138.4541128487,92.9645225588,115.62,21.4981214351
2018-11-19,44.1405834387,97.6494038939,119.9637014665,234.6790317636,90.1546832272,166.86637217,56.7989800438,86.9400818,75.6145,144.2707164463,77.5695042321,107.949046571,119.64599657,37.814268144,130.5356449885,93.2238830403,115.67,21.4813978868
2018-11-20,42.0316391745,94.9332906715,118.9242813225,230.6655395834,88.2186718035,161.0746223944,55.1857800299,84.5230572516,74.773,140.4975206823,76.5800336561,104.7700422626,116.8712674164,37.1411280485,131.4088594894,93.2563031004,115.67,21.5901009512
2018-11-21,41.9841404298,96.2400118094,115.3025517581,229.8275576997,87.5597771594,162.1353207545,55.6087969225,85.5932458317,75.8365,140.7052957795,76.0063070196,106.1410414252,116.9118336321,36.6030314907,133.7804306907,93.2238830403,115.86,21.5901009512
2018-11-23,40.9177936116,96.2026769198,115.4974430351,230.7713899267,86.7544614831,159.1889364209,54.1246529097,82.7030086458,75.103,140.3313006046,76.1144004439,104.8128859864,116.2303212085,36.8419546727,130.7142570455,93.3211432208,115.77,21.6319098221
2018-11-26,41.4711539872,99.3761425405,115.5299249146,234.7760612449,88.8775664477,163.6000946803,55.1929498078,83.7076754762,79.0665,141.1374679815,76.4469955955,106.9379346885,116.1978682359,36.7796268861,135.3284018513,93.1104128296,115.64,21.6737186931
2018-11-27,41.3809063723,100.0015019422,117.0417758101,239.1776713501,89.2517535296,163.0192360545,55.2431382527,83.8751199479,79.071,143.9632093025,77.0955561411,106.7665597932,115.9301312123,36.9811533962,133.9590427477,93.2157780252,114.95,21.7322511124
2018-11-28,42.9721143193,103.7163234629,119.6732135849,247.8221160458,90.2441627467,166.9758093024,56.2469071502,86.0082169139,83.8875,148.3181753385,77.336687626,112.0534753143,117.0740984949,36.9915413606,135.7054717494,92.7618971827,115.38,21.6235480479
2018-11-29,42.6419980438,102.8482872785,119.1910557317,249.2334539553,89.5283265901,164.7028842451,56.6842635984,86.5251107179,83.6785,146.8385880626,77.178704929,111.5907630969,118.2424055069,37.0289380326,137.610667024,93.1266228597,115.74,21.5901009512
2018-11-30,42.411629132,103.5016478474,120.049133267,248.9776489592,90.4475252912,161.1865178173,56.9997338233,86.5906324677,84.5085,150.7339986306,78.5839194445,116.25216025,119.0618430639,37.9885294145,139.5257851907,93.4751385066,115.54,21.6737186931
2018-12-03,43.8935899663,104.6216945371,119.4852537438,253.3756405547,91.3016479781,161.9810813851,58.2329356117,87.8501061029,88.618,151.9210121513,77.5944488685,119.0627085334,120.8710962839,38.1515972311,140.0020840094,94.137186124,116.41,21.6820804672
2018-12-04,41.9627659947,101.2895556353,119.3381547378,246.4910581375,87.2262625864,155.7936289208,56.9495453784,85.3529994158,83.42,146.5376550574,77.5861339897,110.8110073231,115.7597531064,38.084697614,136.8664501199,95.7131797474,117.12,21.6402715963
2018-12-06,41.4949033595,101.9149150371,119.2400887338,244.9867149358,85.5668242233,155.6076672347,56.2038884831,84.3847335575,84.9595,147.089365567,77.7856910807,109.9969765703,114.8510698748,38.1871376526,138.5533417693,96.0137558509,117.14,21.6319098221
2018-12-07,40.0153174625,97.8360783422,118.8478247176,238.1994723729,84.0212688851,151.8715279052,55.6661551452,84.0789653918,81.4565,144.4394832708,76.8710544138,105.8668415927,112.5387955802,38.2289499133,136.3603826251,96.1924767772,118.09,21.5733774028
2018-12-10,40.2789354955,100.4215194508,118.7088978786,235.8544667937,82.4513100416,151.1614923765,54.8774795828,83.6785546985,82.0515,143.5199657547,77.3533173836,105.7297416764,111.9221891017,38.1766845875,140.7562238056,96.5905370223,117.68,21.715527564
2018-12-11,40.0485665838,101.3548916922,119.7222465869,236.4650531521,81.6459943653,149.4455731821,54.9778564726,84.0644050029,82.162,143.9546467623,78.0850267171,105.6012105049,110.9972793838,38.2540372697,140.9844503229,96.5742896654,117.54,21.7740599833
2018-12-12,40.1601886338,101.8122440905,120.2125766071,239.4914377108,82.174736981,149.361045143,54.5046511352,84.1736079193,83.177,145.6264967915,78.1848052626,107.4263531403,112.1980393684,37.9049048932,143.3857902003,96.1437347064,117.79,21.6904422414
2018-12-13,40.5995520222,102.1575918198,120.8173169652,240.827648437,82.2560819988,148.7017264378,55.1929498078,84.4065741408,82.919,145.3422822865,80.2302654449,107.8804966129,112.6280412548,38.0909694531,143.8918576951,95.9162717092,117.53,21.6904422414
2018-12-14,39.3004613549,98.9654587543,108.6898211335,234.5182560675,81.5809183511,146.0390932052,54.1891809103,82.8704531175,79.5955,144.0215207635,80.3549886268,108.6259774076,110.6970893877,37.890270602,142.9491829498,96.2493425265,117.06,21.7740599833
2018-12-17,38.9347210208,96.0346699163,105.5353646705,228.3681470959,80.5397021233,142.0155585426,53.085035123,81.8657862871,76.0455,140.4103247005,77.1371305351,106.6551661112,109.0257613011,36.7216179168,139.1090237244,96.809876341,117.87,21.715527564
2018-12-18,39.4405826518,97.042711937,106.5814020469,223.8551174908,80.1573805396,144.9655871082,51.6224004438,79.8928535985,77.574,142.1406894807,76.9043139289,106.4837912159,109.6748207522,36.794789373,142.5522672676,97.3881945125,118.15,21.7071657898
2018-12-19,38.2103651644,96.7813677094,104.2850231191,221.501262834,79.1405678171,143.0637062278,50.7476875473,78.5023364637,74.754,140.0675954445,76.2973277773,104.8214547312,108.1170780695,36.4853786441,132.2126137459,98.6747609617,117.43,21.715527564
2018-12-20,37.2461406472,94.7466162232,104.8243861413,214.5370387179,78.4572696676,142.3536706991,49.2061853119,76.4274810531,73.0415,137.2254503949,75.6487672316,104.1530926394,106.0157480965,36.5669125524,132.3713800188,98.3164766341,119.24,21.5482920803
2018-12-21,35.7974289342,91.6851552715,104.6772871353,210.9089168785,76.6026032618,135.2871266278,48.8405266421,75.8669060826,68.8725,134.1492463412,75.6404523528,102.8849184139,105.0178191904,36.3996635098,123.986536232,98.3001909828,118.72,21.6904422414
2018-12-24,34.8712034128,87.8583290818,100.3868994589,206.1304149437,74.9512994004,132.15958918,46.969214626,73.5226834783,67.198,132.193181807,72.6387811096,100.2114700467,101.2776141034,35.1390238512,123.1033988391,98.7887605205,120.02,21.5951180157
2018-12-26,37.3268885132,93.8599125939,103.5495280889,215.3423047847,78.0586790804,137.7215341548,49.2133550897,78.1820079091,73.545,140.669461455,74.9087430193,106.9036597095,105.1232913512,35.6115023965,133.1453655991,97.7301931888,119.66,21.7049953285
2018-12-27,37.0846449152,94.4386033836,104.1215797791,217.6607631308,78.9372052726,139.8178295252,49.4284484249,79.5870854327,73.082,142.3747484847,76.5135146258,108.5402899599,106.745939979,35.9919939685,133.482743929,97.7464788401,120.57,21.6120222177
2018-12-28,37.1036444131,93.7012393129,104.0071694411,217.8996882276,78.7663807352,137.8060621939,48.8763755313,79.0993124064,73.901,142.2911559833,75.8150648074,107.6320030147,106.0887672848,36.1090682983,132.1729221777,98.5689042285,121.06,21.5528575108
2018-12-31,37.4622599355,94.8026185577,105.4618151675,220.4482225928,79.4090063759,141.2040893669,48.8907150869,79.2012351283,75.0985,143.6286360066,76.4303658379,108.8830397506,107.1921683517,36.3390357319,130.079191954,98.9434742074,121.25,21.5105970059
2019-01-02,37.5050088057,94.3826010491,104.3994334572,215.4661918719,80.7837371767,145.4135857156,49.9661817628,80.5844720687,76.9565,144.1218317652,75.8982135953,108.2917963617,106.9568843006,35.5048811319,134.6337994074,99.4646150476,121.33,21.6711869246
2019-01-03,33.769232536,90.9104563111,102.7404835557,209.5904043076,79.6449069275,143.2834791295,49.199015534,79.041070851,75.014,140.9453167098,75.3660613528,104.1188176603,105.5289535082,35.4170753845,130.7241799376,100.5964678099,122.43,21.5528575108
2019-01-04,35.2108194373,95.1386325646,104.4648107932,212.0415988186,82.5810491044,147.9663324974,51.0129693274,80.6791145962,78.7695,145.1333010329,76.9043139289,109.8084641854,109.2204791364,36.0693466507,136.886295904,99.4320437451,121.44,21.5190491068
2019-01-07,35.1324465086,95.259970956,103.794693099,212.4486563908,82.6384597056,148.7862544769,51.2782511075,81.7274625931,81.4755,147.9921645828,76.5966634137,109.8770141435,109.8289723718,36.0170813248,136.9855248245,99.1389020225,121.86,21.426075996
2019-01-08,35.8021788087,95.9506664146,106.2054823647,215.2892103187,82.4826309309,148.2368222226,51.6510795551,81.3707330664,82.829,148.7027008452,76.8793692926,111.1966008376,109.6018015639,36.2804985669,141.4309804654,98.8783316024,121.53,21.4936928039
2019-01-09,36.4101627407,97.3227236094,105.3637491635,215.5989280367,82.343205185,149.166630653,51.923531113,82.4627622298,82.971,150.240802872,75.6238225953,111.6250380759,110.1129358817,36.1237025895,143.1178721148,98.7236179155,122.31,21.2908423803
2019-01-10,36.5265346652,96.6973642077,106.0011781897,216.6873645885,82.3350036706,148.7693488691,51.6582493329,82.5938057295,82.811,149.6807331122,75.8067499286,113.9300304182,111.7599242389,36.667261978,143.0881034386,98.0884775165,121.59,21.417623895
2019-01-11,36.1679191428,95.9506664146,106.0338668577,219.1651063325,81.9413309765,149.555459633,51.4216466642,81.931308037,82.028,149.9733068674,76.305642656,113.1931183682,111.4435077565,36.734161595,142.6911877564,98.471190321,121.8,21.434528097
2019-01-14,35.6240585161,95.2506372336,104.8325583083,219.5102203611,82.7860869659,151.0685115334,51.3571186637,81.3343320943,80.8605,149.4717518586,75.7901201711,112.9360560252,111.646338835,35.7975669564,144.2689275932,98.1047631677,122.09,21.434528097
2019-01-15,36.353164247,98.0134190681,105.7151523446,227.306257777,83.392999036,152.0743951991,51.3857977751,81.6255398712,83.728,147.5156873245,76.505199747,111.9849253561,111.7761507252,36.5271909048,147.8014771649,97.7464788401,121.88,21.5105970059
2019-01-16,36.7972775099,98.3587667974,104.6364263003,231.3679844216,84.0655232218,166.5878595177,51.3642884415,81.1013658727,84.189,147.9921645828,75.9730475044,112.8160935985,111.9789818037,36.5188284527,146.4023493851,97.8441927476,122.27,21.5359533088
2019-01-17,37.0157717354,99.049462256,105.4945038355,229.8724902976,84.4099868291,168.2868731042,51.7156075557,81.5090567604,84.661,146.1782073011,75.9624044596,115.2838920913,113.4880450275,36.6881681083,147.1564891813,97.8686212245,122.11,21.5359533088
2019-01-18,37.2437657099,100.5335241198,106.8020505559,234.9430117951,85.779639744,171.2030904542,52.3322084499,83.2635836164,84.81,150.1154141198,76.6160968192,117.7859655632,115.0863539259,36.8136048902,148.8830723989,97.3556232099,121.02,21.6035701167
2019-01-22,36.4077878034,98.6387784698,105.2575109924,235.1111442705,84.426389858,167.0950277525,51.5435328875,81.7857041485,81.6085,148.0506793338,75.794791034,114.0264720796,113.4393655687,37.0832939714,146.4321180613,98.0151920858,121.45,21.6035701167
2019-01-23,36.555033912,99.6001518784,105.2575109924,236.2880715989,84.2131504821,166.4357090473,51.120515995,81.0940856783,82.001,147.8667758306,79.4822863962,113.6643190376,114.1857839374,37.501416578,143.1873323592,97.9744779577,121.28,21.5528575108
2019-01-24,36.2652915694,99.1241320353,103.811037433,235.5005036875,84.2623595688,167.1964613995,51.1922137734,82.637486896,82.7465,148.2011458364,79.0297301472,114.448983962,114.5427666356,37.6895717509,144.7055348436,98.6177611823,121.09,21.6796390255
2019-01-25,37.46700981,100.0295031095,104.7916974733,237.1995265976,84.7954580088,169.6815857499,51.4216466642,82.4263612577,83.5285,150.8008726318,78.4430831577,118.0101555416,114.9727685219,36.4184790271,147.8610145172,98.1454772959,122.86,21.5021449049
2019-01-28,37.1202689738,98.078755125,105.4127821655,236.0668446575,85.1973322173,168.8193997508,51.077497328,81.6619408433,81.8945,150.3243953735,78.3760377875,107.240413888,113.9748396158,36.0568029725,146.3328891407,98.0477633883,123.29,21.5190491068
2019-01-29,36.7355291418,96.0813385284,106.5078525438,236.571242084,85.4351761367,169.478718456,51.2710813296,81.4144142329,79.694,150.2073658714,78.3927991301,109.1029152468,114.9971082513,36.1383368807,143.0781805465,98.5444757517,123.98,21.5275012078
2019-01-30,39.2458377986,99.2921390388,107.5784064212,239.2525126141,85.6320124838,171.1523736308,51.8303240011,82.2734771748,83.5215,152.2888191578,79.2141049153,112.1898387952,116.2465476947,36.2909516321,149.260142297,98.471190321,124.69,21.417623895
2019-01-31,39.5284553294,97.4720631681,108.7551984695,239.1020782939,84.8856746678,167.3739702816,52.5401320072,83.4674290602,85.9365,153.4173179275,80.8483358144,114.8197596954,116.5305112046,37.4177920567,165.4046876712,99.3180441863,124.75,21.4598843999
2019-02-01,39.5474548273,95.9319989698,109.6704811738,237.7924148006,85.1973322173,166.1314081064,54.4329533568,86.1756613856,81.3115,154.1194949397,81.6864029422,112.8796541133,117.4067414636,37.1752809449,164.4322442497,98.7194186603,124.5,21.4598843999
2019-02-04,40.6708001392,98.6947808043,108.5917551295,237.3411118401,85.5007882524,167.1288389682,53.6442777945,87.1730480215,81.6655,155.8415004698,82.1557205337,112.8537860389,120.0192057543,37.2338181098,167.9449480373,98.2787069698,123.96,21.5190491068
2019-02-05,41.3666567489,100.0761717215,108.5917551295,235.6597870853,85.1235185872,167.3739702816,54.1963506881,86.9837629665,82.9405,155.8080634692,81.6612609283,113.8195274842,120.6358122329,37.248452401,169.8402204199,98.7275799879,124.28,21.5782138137
2019-02-06,41.3809063723,98.9654587543,108.6898211335,238.4826428579,85.0825110149,166.1990305377,53.9597480194,86.5469513012,82.013,154.4120686948,82.0635331496,112.5606145287,120.8061903388,37.2338181098,169.1753866522,98.7765479535,123.44,21.6627348236
2019-02-07,40.5971770849,98.2560958508,107.9134652683,238.040188975,83.9671050482,163.1982851486,53.5439009047,86.0737386637,80.7185,153.8687174353,81.40984079,111.0430208289,120.1976971034,37.9132673454,165.0970780174,99.4294541616,123.74,21.7134474295
2019-02-08,40.6446758296,98.6294447474,108.1994911134,231.7573438385,83.1305505733,162.0148926008,53.6299382388,85.6005260262,79.411,154.2616021922,81.8875390528,110.8878123823,120.5709062878,38.2603091088,166.0397527627,99.8538431968,124.21,21.7388037324
2019-02-11,40.4109349558,98.237428406,107.8726044333,227.5451828738,82.7368778791,161.7274972677,53.7169292173,85.1418737775,79.55,152.9074036686,82.3568566444,111.1723612011,120.465434127,38.2603091088,164.5116273862,99.462099472,123.6,21.8233247423
2019-02-12,40.7591611556,99.7681588819,109.6377925058,233.1731962637,84.1475383664,164.3985833043,54.6593314842,86.4304681904,81.9005,155.0808087065,83.1865431008,114.3972478131,121.9907238371,38.3146650476,163.767410482,99.2090983163,123.86,21.7472558334
2019-02-13,40.5898182776,99.6934891026,109.8747853489,233.4386685934,84.5494125749,164.5676393825,55.2755175819,87.0492847164,82.0,157.4966319986,83.1697817583,114.7680235466,122.8994070687,38.2268593003,162.8048899526,98.8336772467,123.37,21.8655852472
2019-02-14,40.737695157,99.7774926043,109.7603750108,234.7925774749,83.9999111061,162.7418337373,55.2900160783,86.889120439,81.1325,156.9114844884,82.5160893986,114.3541343557,122.1205357273,38.1766845875,162.685815248,99.3968088512,124.06,21.8402289443
2019-02-15,40.6470609406,101.0095439629,111.4520135804,239.925042516,86.5669851323,167.7881576734,56.3339078202,87.7641885951,80.3975,160.8236135567,82.5328507412,117.4410579042,124.3922438062,38.4756422511,161.2469959,99.5518740756,124.8,21.7979684393
2019-02-19,40.7687015994,100.9628753509,110.8881340572,239.2879089247,86.2635290972,167.9318553399,56.710868727,87.7347745395,81.379,160.7734580558,83.7983321041,117.0961502451,124.3597908337,38.7536937845,161.0386151668,99.8048752312,126.7,21.7134474295
2019-02-20,41.0310638048,100.4401868957,111.4274970793,238.4914919355,86.6818063347,167.8726857125,56.9283461732,88.4480653894,81.105,160.3722140488,83.2033044434,120.9849841008,125.4145124417,38.8101403363,161.3065332523,99.5192287652,126.48,21.7303516315
2019-02-21,40.7997080419,102.5586640061,110.6674855481,235.7394287842,86.5013730166,165.979257636,56.4136495505,87.6097648029,80.972,160.3471362984,83.6223380073,119.7519392197,124.4814894808,39.0024767353,158.8059644543,98.6296440567,125.05,21.7472558334
2019-02-22,41.2552642348,104.0209756399,111.6318012544,236.3677132979,86.1159018369,165.6749566951,56.8486044429,87.7936026508,81.578,160.8236135567,84.0162295573,119.5794853902,124.9627428638,39.3307029814,160.6416994846,99.2172596439,125.5,21.7388037324
2019-02-25,41.5557882154,104.6021507764,112.0404096045,234.1465948059,87.0180684276,167.9149497321,56.9065984286,87.9627334709,81.65,158.8090342716,83.4463439104,121.9334801632,125.664230846,39.2784376556,163.3506490157,98.9234518503,125.37,21.7218995305
2019-02-26,41.579639325,105.3239328007,111.9663740916,232.7130442255,86.3537457563,168.1262698299,57.0225863999,88.1980459162,81.82,157.404680247,83.6642413637,118.9758969869,125.550035128,39.3516091118,162.864427305,99.4131315064,125.58,21.6373785206
2019-02-27,41.7084353167,105.1458307428,111.768946057,221.2977340479,86.2471260683,168.1262698299,57.6097755047,88.300995111,82.0545,153.5343474295,82.8932196061,120.3555276231,126.1047000441,39.3160686902,161.5546055537,98.2868682974,124.69,21.6542827226
2019-02-28,41.298196232,105.0145976474,112.4023610012,214.3423590094,85.5910049115,166.9380983117,57.2908085836,87.9333194152,81.9915,154.7631572009,82.5915154401,118.4240447324,125.672387683,39.507587466,160.2050922341,97.9522538658,123.99,21.6711869246
2019-03-01,41.7322864263,105.4832872736,113.8090357473,217.8200465286,85.6484155127,168.2111392241,57.9939856597,89.7349303248,83.5865,154.7882349514,82.4993280561,118.5361397216,127.0182657882,39.4739138351,161.0286922747,97.049032395,121.88,21.7557079344
2019-03-04,41.9421761906,105.2301948755,113.9159759327,208.855930862,85.4515791656,166.3270386737,58.2187123541,89.80111195,84.8085,153.6513769315,82.859696921,119.2949365715,126.0231316741,39.6170267665,166.0794443309,97.8096560266,121.56,21.7810642374
2019-03-05,41.8658526399,104.7052624941,114.1545348078,213.6432818745,85.3859670499,166.3440125526,58.1317213756,90.6614730783,84.6215,153.8102026843,83.0440716891,118.2515909029,125.737642379,39.6338635819,169.9394493405,98.0141247448,121.72,21.8402289443
2019-03-06,41.6249564332,104.7521314568,114.4177721872,211.5548995474,85.066107986,165.2746581861,57.4720397887,90.8379574123,83.4475,154.1863689409,82.9099809487,116.2597491719,125.4032120619,39.476018437,171.1798108474,98.3739896888,121.61,21.8402289443
2019-03-07,41.1431640198,103.4772956735,113.7185478982,209.4576681427,84.4509944014,163.6027311212,58.109973631,89.6687486995,81.2975,152.5646744126,82.5915154401,114.5093428023,124.3754505997,39.5517841066,167.8258733327,99.0119320895,121.51,22.0346272669
2019-03-08,41.240953569,103.5897811838,113.5704768723,210.7761807136,84.4838004593,165.6990051569,57.2763100871,89.4334362542,81.04,151.4946903939,82.4741860422,113.2590525383,123.6494921066,39.7138384553,168.2922492593,99.4290482746,122.84,21.967010459
2019-03-11,42.6696350327,105.7645010494,113.9817852776,215.9814081525,85.582803397,166.3185517343,57.8345021991,90.9041390375,83.531,152.5061596616,83.4547245817,114.7766462381,124.9545860268,39.8822066099,170.743203597,99.1346133204,122.24,21.9162978531
2019-03-12,43.1490423352,106.5050306588,114.4918077001,218.4063690584,85.3285564487,166.8786897358,57.9939856597,91.1100374272,83.655,153.8102026843,83.8486161318,114.2334166751,125.2074479739,40.1747462784,170.5943602161,99.8298069622,122.98,21.8740373482
2019-03-13,43.3398512118,107.3299244009,114.6810095666,224.064611172,85.6156094548,167.4048799795,58.5086822824,91.6762579988,84.5405,152.5563151624,84.7956319861,115.1129312056,126.4636008721,40.1915830939,172.0331795642,99.6416957415,123.84,21.7726121364
2019-03-14,43.8216436252,107.4142885336,113.5375721998,224.9706405215,86.3947533286,167.5915926467,58.3129525808,91.6247834014,84.311,152.9521497,84.912961384,115.2767623437,126.6348944492,40.1936876958,168.8578541064,98.9219658535,122.41,21.8402289443
2019-03-15,44.3916851441,108.6516291468,113.1920731394,223.3095867142,87.3871365783,168.2620608606,58.1027243828,92.1468828894,85.618,153.474314409,85.8515965671,114.3972478131,126.7164628192,40.2484073461,164.7001623352,99.5762657517,122.97,21.8064205403
2019-03-18,44.8448562261,110.2076787058,112.8383479108,226.5073373592,87.9120335038,171.8350623547,58.7769044661,92.5660331827,87.1075,154.47653377,85.0721941383,115.6302926942,128.0052430654,40.1705370746,159.2326488127,99.5190145106,123.04,21.7810642374
2019-03-19,44.4894746934,110.282669046,113.8830712603,228.3993398242,87.5921744399,170.6893255335,58.6246702537,92.1248223477,88.0925,155.074496582,85.3990403181,115.6734061516,128.2581050125,39.6717464167,160.3241669388,99.298188295,123.38,21.7557079344
2019-03-20,44.8782477795,110.1608097432,112.9370619281,222.5101490529,85.7222291428,164.9182067307,58.9508864231,91.6909650266,89.8635,156.733632835,85.2481882351,114.6904193233,127.4832054973,39.9600768814,164.1643261642,100.3368893833,124.18,21.6289264196
2019-03-21,46.5311296731,112.6917337247,113.6033815447,223.8603104364,84.3689792568,165.1388671555,59.2916010888,92.5513261549,90.963,159.9929512609,85.8934999235,115.5958019283,129.2450822897,40.3894156755,164.7993912558,100.5577155989,123.68,21.7641600354
2019-03-22,45.5675448462,109.7202414945,112.6244675401,219.4811685808,81.8183082595,160.3692072037,58.3419495736,90.5144028,88.2385,158.9654658657,85.1979042074,111.896667285,127.1079909953,40.8145452657,163.0728080381,102.1198566058,123.97,21.8064205403
2019-03-25,45.016584215,110.2920428385,112.3776824969,219.2768678451,81.1375825593,159.98729493,57.935991674,90.3673325216,88.713,159.7487129293,85.4493243458,113.2849206127,127.1895593653,40.7471980039,165.0077719889,102.2834315803,124.92,21.8064205403
2019-03-26,44.5514875783,110.5263876516,113.9900114457,216.1945915289,81.9495324909,161.8374477227,58.6899134876,91.2791682473,89.188,159.4623645404,86.3376755012,113.6815644206,128.4538691005,41.0397376725,166.3870539846,102.2098228418,124.3,21.8740373482
2019-03-27,44.9521862192,109.4577753039,114.0969516311,214.7023078945,81.6706809993,161.2773097212,58.2404600987,90.2937973825,88.285,159.3865664375,86.2371074459,113.1297121661,128.1520661315,40.8124406638,164.5910105226,103.1503789454,123.65,21.8993936511
2019-03-28,45.0118139931,109.6077559842,114.245022657,215.1642052099,82.5974521333,162.2533077541,58.530430027,90.4629282025,88.671,160.0687493639,86.7818510789,114.1385670688,129.3184938227,40.3915202774,164.2734779768,103.5102438894,121.9,21.97546256
2019-03-29,45.3051826409,110.5545090292,114.9936039546,219.6321734723,83.0239308853,162.9407498468,58.5739255163,90.5805844252,89.0375,161.6099774568,87.2008846428,116.8288468094,129.6284536287,40.6861645479,165.4046876712,103.4120989047,122.01,22.000818863
2019-04-01,45.6128619544,111.5668786218,114.327284338,218.1043592752,85.8206473163,166.9720460693,59.2481055996,91.8748028745,90.7095,164.7682317455,86.8572771204,120.933247952,131.7084470641,40.0905622012,167.3991889743,101.946622529,121.53,21.983914661
2019-04-02,46.2759228007,111.7262330947,113.2825609886,217.1006208783,86.2307230394,167.6170534649,58.9943819123,91.8674493606,90.699,163.6481042244,86.9494645044,120.8815118031,131.3577030731,39.877997406,172.8567796047,102.1351545157,121.98,22.0092709639
2019-04-03,46.593142558,112.4573889116,112.8383479108,218.3708384957,86.4029548431,170.4686651087,58.6464179983,91.1026839133,91.035,167.2695691422,86.8991804768,120.0796014958,130.745940298,39.8422191732,172.2018687291,101.2498738826,121.8,21.97546256
2019-04-04,46.6742363306,111.8855875676,111.5221610139,219.7476478012,87.2313078036,171.6313758087,59.4800815422,91.7718536797,90.943,168.8192192465,86.6812830236,120.8297756543,131.3821735841,39.6507003974,174.6627459588,101.5367703841,122.11,22.000818863
2019-04-05,46.9866858661,112.3823985714,112.0239572683,220.9823348558,87.0247160363,171.7586798999,59.7990484633,92.9631229342,91.864,170.1751630878,86.8656577917,121.0280975582,131.8960543152,40.0042735219,174.3650591972,101.6679230705,121.98,22.0261751659
2019-04-08,47.7260702629,112.4198937415,111.9910525959,220.9556869338,87.3056808398,171.8944709306,60.1687601219,93.154314296,92.493,171.4300427918,87.9719064003,120.5624722185,132.1897004472,39.7012108438,173.5811507248,101.3072531829,122.51,21.9501062571
2019-04-09,47.5829636055,111.8105972274,111.5221610139,220.9912174965,86.661114526,170.2649785627,59.3930905637,92.3160137095,91.792,169.1982097611,87.7121055907,117.5703982763,131.20272317,39.9264032505,176.2107171195,101.626937856,123.15,21.958558358
2019-04-10,47.8500960327,112.6636123471,111.530387182,218.5396086686,87.0495070484,172.2678962649,59.12486838,92.2792461399,92.3665,167.96017408,87.7037249194,118.5878758705,130.4849215139,39.6970016399,176.4488665288,101.8728491429,123.53,21.9247499541
2019-04-11,47.4517825028,112.7948454424,111.226018962,209.1151269063,87.7849737398,172.1405921736,59.4075890601,92.6469218358,92.2035,169.6866864245,87.7875316322,119.7433165283,131.243507355,39.9958551142,176.1412568751,101.2744650113,121.95,21.992366762
2019-04-12,47.4327016151,113.3760205789,111.8594339062,198.2783052758,91.9002817434,176.392548821,58.6609164948,88.0656826657,92.153,171.6827031349,88.0473324418,121.7524036422,132.5241307643,40.1663278707,177.7189967119,100.5531252363,121.83,21.9416541561
2019-04-15,47.5185656096,113.4697585042,112.3036469839,204.478388471,90.8507955658,169.6624058642,58.4651867932,88.3451161945,92.2435,172.53332629,88.6088374174,120.933247952,132.1407594252,40.2315705306,178.2647557749,100.8072335661,121.6,21.9332020551
2019-04-16,47.5233358315,113.2072923135,113.5375721998,196.2708284819,91.8093813658,171.3003851715,58.8638954446,89.102528128,93.152,172.204867844,89.1871037355,122.4680870347,132.8422474074,39.8864158138,177.4907701946,100.1760612629,120.51,21.983914661
2019-04-17,48.4487588831,114.1446715659,113.9488806051,192.6111805215,94.4537559866,176.4434704575,59.0306281533,88.4407118755,93.241,173.9566462228,89.3345197433,123.0802981295,132.8667179184,39.9137756389,177.4014641661,100.2170464774,120.28,21.967010459
2019-04-18,48.622871983,115.6444783698,113.1262637945,196.9725570957,93.7596076487,174.7545695138,58.8131507071,88.1392178049,93.0845,173.207087205,89.5033143012,124.356456468,137.8994863483,39.8527421829,176.9053195633,100.7416572229,120.37,22.0853398728
2019-04-22,48.7826744172,116.0100562782,113.3812750058,201.7336525006,93.8752990383,173.6427804503,60.0962676398,89.6393346439,94.3655,172.4659501985,89.4695553896,123.5063635038,137.2306257142,40.0674115799,180.0409534528,100.2580316919,120.37,22.0346272669
2019-04-23,49.4862821497,117.5848534222,115.0840918038,204.8159288168,93.990990428,173.2523812371,60.4442315538,89.7275768109,96.1885,173.535545651,87.0642329402,123.2027588738,140.1426165237,39.9432400659,182.3629101938,100.4711548073,120.12,22.1106961758
2019-04-24,49.409958599,117.1817803437,114.5082600364,204.6116280812,93.8339806849,170.1970830474,59.2698533442,86.977362606,95.0875,174.0998204172,87.5115385185,119.4727591332,139.7184609997,40.0000643181,181.1721631472,101.2908590971,120.47,22.2205734886
2019-04-25,48.961557739,121.0625304487,114.8784376011,205.0024642711,93.883562709,170.9269598372,59.6033187617,86.6979290772,95.1125,173.9145361656,87.1655096749,118.084852253,139.0088161805,40.0884575992,191.7698118623,101.1433123249,120.57,22.2628339935
2019-04-26,48.7278168652,121.7561910955,115.487174041,210.5185841339,94.5942383884,172.352765659,58.3491988218,86.1096479639,97.5315,171.4805748605,89.3429594712,120.6004334734,140.5015173518,40.3473236369,190.0134599685,101.4875881267,121.37,22.2374776905
2019-04-29,48.8017553048,121.6437055852,115.0347347951,210.9183029645,95.9577440522,175.6117503948,57.9722379151,86.5655658267,96.9215,170.2593832021,88.4314688588,120.5917590554,140.7462224619,40.3599512484,193.2780914547,100.8400217377,120.83,22.1867650846
2019-04-30,47.8620215875,122.4217303647,116.1534936576,207.0277063463,95.8998983574,174.7630564532,58.1969646095,88.2862880832,96.326,171.5563729634,89.8662226006,120.9387357754,141.627160858,40.9218799643,191.9087323511,101.3564354403,121.2,22.1191482767
2019-05-01,50.2113558808,119.8720587981,116.7704562655,206.0328505901,95.164431666,173.7531106627,57.0298356481,86.631747452,95.576,167.4295873595,88.5580647772,119.8370846892,139.4329717046,40.6756415382,191.541585345,101.7735911505,120.4,22.1445045797
2019-05-02,49.8845956796,118.3066354466,116.2193030024,206.4769826241,95.3710234332,173.9737710875,56.0294393955,85.5801949619,95.041,169.2908518869,89.0897676344,117.2521081248,139.7918725327,40.3494282388,191.0454407423,101.2889550021,119.94,22.1952171856
2019-05-03,50.5047245286,120.8281856356,116.8198132742,206.0328505901,95.9577440522,176.1209667597,56.1599258632,86.2346577005,98.123,168.9118613723,89.5286334849,120.6264567274,141.553749325,40.4946457721,193.9627710065,101.5764510223,120.65,22.1106961758
2019-05-06,49.7247932455,120.1251511963,116.885622619,213.6275083721,95.1065859711,175.1958903634,55.9134514241,87.065604773,97.5275,168.1286143087,89.1910443691,118.6313405871,140.7951634839,40.1768508804,192.3850311697,101.8557328705,120.81,22.1276003777
2019-05-07,48.3843608873,117.6598437624,115.1416749805,211.4512614054,93.5530158814,171.9708533853,55.6162322476,86.9700090921,96.05,164.0355167505,88.3639510357,115.9509454246,138.5438764714,39.9348216582,188.306722535,102.6360792111,121.21,22.1445045797
2019-05-08,48.3939013311,117.6504699699,114.9936039546,212.4283518802,93.05719564,170.5450475634,55.7032232261,86.4037885205,95.8885,164.372397208,88.6762209677,114.4589455284,138.9598751585,39.5412610969,188.0784960177,102.1925139227,120.91,22.1529566807
2019-05-09,47.8739471423,117.6410961774,114.1216301354,211.3802002799,92.9828226038,171.1221594437,55.6524784887,89.1172351558,94.9935,163.8754985332,87.9757235526,113.8083641783,138.9843456695,39.694897038,187.1953586248,102.611436695,121.2,22.1106961758
2019-05-10,47.213271407,119.1690243588,114.3848675148,213.7074521383,92.9745589331,171.4786108992,56.1309288704,89.7055162691,94.499,163.8754985332,89.4695553896,113.9298060303,139.9957934577,40.3578466465,186.8877489711,102.4717957709,121.43,22.1022440748
2019-05-13,44.4692604002,115.6257307847,112.8630264151,212.7836575075,90.445875702,165.4698577927,55.507740658,88.565721612,91.134,160.3045656841,89.5539526685,108.6904575575,136.07235486,41.0250054589,180.1401823734,103.2767846275,122.67,22.1022440748
2019-05-14,45.1732213391,116.919314153,112.5504320271,210.0122736151,91.164815052,166.5816468562,55.5810569183,89.448143282,92.006,161.382583148,89.123526546,110.5728062638,137.1653710182,41.0186916531,179.3364281169,102.9728602633,122.46,22.1529566807
2019-05-15,45.7143613806,118.5597278448,112.6244675401,209.7013811912,90.817740883,166.6834901292,55.9916279758,89.8158189779,93.5575,161.5004913081,90.0518966142,110.4253411577,138.1605051324,41.0102732454,184.8337103156,103.6053515077,122.39,22.1614087817
2019-05-16,45.5132296838,121.2974584274,113.6938693939,210.3320486796,91.9829184503,169.0089115292,55.9842963498,89.7055162691,95.3785,162.0226560172,91.2418982471,109.8268063156,139.3106191496,41.4838086801,185.5481585436,103.2603562835,121.51,22.2205734886
2019-05-17,45.2546317879,120.4883696642,114.0229161181,214.409180752,91.5366802331,167.557644889,55.6543731785,89.4975895758,93.45,162.1910962459,90.6848762061,106.4871553851,138.6254448415,41.8773692414,183.8711897862,103.4903530996,120.65,22.2712860945
2019-05-20,43.8395266351,118.7478880223,113.8666189241,218.5040781059,92.0159731331,167.3963930401,55.6470415525,89.7352200825,92.9485,160.8183083817,90.5835994714,106.2008995911,137.5405855203,41.9552395128,181.3110836359,103.2767846275,120.64,22.2543818925
2019-05-21,44.6799697969,119.3876326258,113.6198338809,222.0127211748,92.3299926193,168.9834507109,55.9036484635,90.1065177491,92.876,161.2394089536,89.7733855937,108.3868529274,138.3399555464,41.8605324259,183.3948909676,103.1125011874,120.36,22.2881902964
2019-05-22,43.7652994613,120.1120493092,114.1463086397,221.4797627339,91.5779985865,165.9366394606,55.3977662676,89.5347193424,92.984,159.1002180487,90.06877607,107.1811088252,138.1034072734,42.4982268113,183.8910355703,103.7039215718,120.24,22.3050944984
2019-05-23,43.0182388731,118.7102559868,114.9936039546,218.9570927806,89.7765183761,162.9237759679,54.1000684606,87.5297119424,90.774,161.7026195826,90.1025349815,106.053434485,136.431255688,42.8349631204,179.4753486057,104.8703339966,121.17,22.2628339935
2019-05-24,42.8530235507,118.76670404,115.0018301227,219.9608311775,90.6607311399,163.7979307278,54.3273488675,88.1534920224,91.164,163.041719401,90.0434568863,106.6085972371,136.6279842471,42.8012894895,179.6638835547,104.9606898887,121.3,22.1867650846
2019-05-28,42.6758361034,118.691439969,113.5275538705,215.0132003183,89.6773543278,160.7765802957,53.2349365893,87.8564538891,91.8215,161.3236290679,88.1613975662,105.4722484789,135.4640069395,42.3382770644,182.8888234727,105.7163937132,120.83,22.2797381955
2019-05-29,42.4723099816,117.5436628862,108.7734270797,215.3152101015,89.4294442071,160.3182855672,52.905013418,86.7128570757,90.9595,160.0097952838,87.9335249131,105.3768298809,134.7344718664,41.8226495911,180.785170357,106.0367464214,120.87,22.3304508014
2019-05-30,42.6925970782,118.2868955874,109.4194582464,216.2923005764,88.4708584071,159.7385650983,52.7657125235,85.6806495623,90.816,160.9277945304,88.8956538929,105.689108929,135.619750382,41.8689508336,181.5988475055,106.948519514,121.69,22.3389029023
2019-05-31,41.9191978153,116.358253768,108.6243429643,214.7822516606,87.5618546312,155.5782182035,51.8859174001,84.5444787023,88.7535,159.8918871237,86.8532397429,103.9282020747,134.6852897266,41.9783901341,176.1015653069,108.287429551,123.33,22.2459297915
2019-06-03,41.495384597,112.7455783599,108.8645340391,210.1277479439,87.9750381657,156.1749892745,52.6997278893,86.1336327157,84.6345,159.6560708035,87.6043755253,104.6568531868,136.4558467579,42.2685389383,162.8842730891,109.0098930856,125.11,22.1276003777
2019-06-04,43.0134500231,115.8690373065,110.7612152849,213.8584570298,90.685522152,161.8784156528,53.95343594,87.1064326024,86.478,164.4397732995,88.3470715799,105.897294961,137.8329466711,42.2261814486,166.2084419276,107.7670288561,125.15,22.1022440748
2019-06-05,43.7078332622,118.3809756761,111.2995745905,215.6438678067,91.0078053089,160.6507723068,53.5062067523,87.3663409691,86.925,166.7979365017,90.0772157979,106.7994344332,138.865771606,43.3423013014,166.8732756954,107.1579430747,125.47,22.1783129836
2019-06-06,44.3495391521,120.2531694423,113.2045382872,214.800016942,91.2061334055,161.8187385457,54.4813130141,89.6164048291,87.718,167.2049882558,90.6257981109,107.0336437192,139.5625185859,43.577385369,167.0320419682,107.5036404101,125.88,22.1022440748
2019-06-07,45.5299906585,123.6212366196,114.7533565971,219.196924079,90.206229252,161.8187385457,54.6792669168,90.2104810958,90.2015,167.3152314393,91.798920288,107.9618064453,141.2019232445,43.2872365648,172.01333378,108.43373086,126.59,22.0092709639
2019-06-10,46.1118359244,124.7501976846,115.1426317873,220.4138458522,91.1813423934,165.4931432827,54.9212105757,90.8119833158,93.0315,167.9512498051,91.7567216485,109.0721319495,140.3986149618,43.0818027399,173.4719989122,107.4131006318,125.33,22.0346272669
2019-06-11,46.645792691,124.2797972409,115.7720980522,218.3974864177,91.4623071969,166.0131866445,54.8698891935,89.9802765425,93.185,167.9173288256,92.3137436894,110.4079923217,140.7019048237,42.7747109398,176.7267075063,107.4789477433,125.18,22.0430793679
2019-06-12,46.4973383433,123.7059086995,117.3457637147,217.1805646444,90.2971296296,162.1682758873,54.2760274853,89.2525331158,92.766,168.7059915992,92.5669355262,110.2518527977,141.7265327353,43.3211225565,173.6903025374,107.5612566327,125.83,22.1022440748
2019-06-13,46.4877606435,124.4867734361,116.5423659818,217.5891661158,90.5202487382,163.216887912,54.7525831771,89.7872017558,93.515,171.5977551025,93.605022057,110.3125737237,141.9642464108,43.3677157952,176.1015653069,107.9316466348,126.6,22.1191482767
2019-06-14,46.1501467238,124.6090775515,116.0288540287,218.9126795772,90.7516315175,163.3959192333,54.5106395182,89.7129422225,93.4835,174.4979988508,93.8497741659,110.3646202317,141.6527595257,43.831530307,179.9318016402,108.2032659698,126.56,22.2374776905
2019-06-17,46.4255055944,124.9853979065,115.4904947232,219.4479838432,90.2558112761,162.6883192491,55.0531798442,90.1436475158,94.3015,175.524108481,93.6725398801,110.4426899937,141.2838934775,43.7065757125,187.5525827388,108.3925764153,126.48,22.2459297915
2019-06-18,47.5173633773,127.1586479566,116.1448083407,219.2070969235,91.4870982089,166.2263191699,55.5297355361,91.2872443292,95.0685,175.9481207249,92.4994177031,113.0536898122,144.0626843738,43.5053776366,187.0167465678,108.9358150852,127.12,22.2797381955
2019-06-19,47.3784867294,127.657272427,116.3270222595,223.2129571807,90.8260045537,166.7889890368,55.2218072429,91.2575405158,95.4395,176.3382119892,93.1914753902,113.2965735162,143.7839855818,43.6790433442,186.0343802543,109.092201975,127.89,22.1783129836
2019-06-20,47.7592002984,128.8426815453,117.78473361,221.0449749034,91.0573873331,166.8401408429,56.1675870005,92.2897480292,95.9095,179.1451730438,94.3055194721,115.9162477526,144.5053236316,43.708693587,188.0685731256,109.3802830878,131.11,22.0430793679
2019-06-21,47.596379401,128.8614975631,117.6853441998,225.0776003739,90.4376120313,167.0447480672,56.9594026115,92.7724349959,95.565,177.5678474965,93.8497741659,116.1417826207,142.8823130196,43.9564849015,189.6661587466,108.178573303,131.98,21.9332020551
2019-06-24,47.5484909018,129.6235462819,118.4887419327,222.7222616035,89.7930457175,168.3661697244,56.4168622855,92.7575830892,95.695,174.2690322391,94.8034634177,116.5581546847,143.1282237184,44.0941467429,191.1149009866,108.9852004188,133.94,21.8993936511
2019-06-25,46.8277689881,125.5310624212,119.4660711336,220.9557575257,89.0493153554,167.1470516794,55.9183117155,91.8144870158,93.9135,173.6245336283,94.2886400163,115.9856430966,142.5790231578,43.6748075952,187.3838935738,109.3226668653,134.2,21.9501062571
2019-06-26,47.8406107472,126.001462865,117.4865653792,217.2175494016,89.6442996451,167.9569552757,56.1602553745,92.0298396625,94.8915,175.0492147678,92.6091341657,117.2347592888,142.2921273425,43.007677133,186.2129923113,108.6230413056,132.97,21.967010459
2019-06-27,47.8262441974,126.2084390603,116.5258010801,219.7780881405,89.9417917899,169.9262998099,55.5883885443,91.4209114892,95.214,175.5580294605,92.6513328051,117.5383639189,142.4970529248,43.3211225565,188.0388044495,109.3885139767,132.84,21.967010459
2019-06-28,47.3904588542,126.0296868916,115.3579755095,217.6993232409,92.3878383141,174.4276587453,56.1822502526,92.4085632825,94.6815,176.3636527239,92.5416163425,118.223642941,143.1118296718,43.3867766655,191.5118166689,109.3144359763,133.2,21.9501062571
2019-07-01,48.2596351156,127.6478644182,115.4242351163,216.4770451669,93.9414084039,176.3543767745,56.1309288704,92.7056014159,96.1095,178.3225892907,93.2505534855,118.492549899,144.9315688428,43.2088752089,191.5118166689,109.0594117597,130.62,22.1106961758
2019-07-02,48.5421772611,128.4945852169,115.9791593236,217.6636362899,94.0405724521,175.6041502852,55.515072284,91.2872443292,96.7155,178.2038658624,94.0860865469,117.8419685489,144.7758254003,43.9797815208,193.4963950799,109.900614119,133.41,22.0937919738
2019-07-03,48.9444406548,129.3224899979,117.726756454,218.7699317729,93.8918263797,175.6553020913,56.042949358,91.5991343692,96.95,179.8659938584,96.2804157989,117.6164336809,146.2348955464,44.2063940906,195.6794313321,110.6840869046,133.63,22.0937919738
2019-07-05,48.9013410055,128.9461696429,116.4264116698,220.3580010954,94.4494183286,177.2410080799,55.8156689512,91.7402274825,97.1455,179.3232581862,95.4955211049,117.5296895009,144.7512343304,44.0750858726,194.8855999677,109.2161063168,132.14,22.2121213876
2019-07-08,47.8932880963,128.8520895542,116.757709704,221.1163488055,93.9334377192,175.4080683619,56.0722758621,91.7847832025,97.616,180.5528936935,96.2550966153,116.9658523308,143.9971081874,44.2911090699,194.2505348761,109.364553792,131.29,22.2543818925
2019-07-09,48.1854079417,128.3816891104,117.1221375416,219.4747490565,94.3329065781,177.1301791667,56.035617732,91.5991343692,99.415,179.7811914096,95.2929676355,116.4887593407,143.874152838,44.085675245,197.6739326353,109.3233183822,131.75,22.2712860945
2019-07-10,48.6618985092,129.6894023441,116.9564885245,220.7951662459,94.0582717376,175.5956249842,56.827433343,93.1511586159,100.8705,178.7211607999,96.0019047785,115.0574803705,143.005268369,44.3652346768,201.1667906388,108.7212813995,133.83,22.1783129836
2019-07-11,48.3075236148,130.2068428322,116.0454189305,233.0001035105,94.9570766701,180.1822369297,56.8714230992,93.1437326625,100.0535,181.5111613647,96.5336076357,116.2025035467,143.0708445553,44.5600791293,199.6783568304,107.2697949756,132.7,22.1783129836
2019-07-12,48.678659484,130.677243276,111.2333149837,237.2290072119,95.9557488174,182.3902898923,56.9154128554,93.5521600959,100.55,185.0643839685,97.0484310372,120.0192474673,145.2020706115,44.2063940906,203.2902895386,107.393501205,133.53,22.1360524787
2019-07-15,49.1359946518,130.677243276,111.5728954687,237.2825376385,94.7906313123,180.378318853,56.5121734238,93.3590853092,101.0495,185.4629554778,97.4619777039,121.1295729715,143.4561046501,44.2318085844,202.3376919013,108.0120323515,133.53,22.1698608827
2019-07-16,48.9659904795,128.9649856607,109.7424738297,236.1227117288,95.8059479953,183.7372874525,55.6690364306,92.6461937892,100.495,184.2418002154,97.8080065475,120.6524799814,143.2675731144,44.0263747595,202.2682316569,107.6903961553,132.4,22.2712860945
2019-07-17,48.6906316088,128.2029369418,109.212396975,237.8981375444,94.8655317233,181.8446706274,55.3391132593,92.1857846825,99.6015,182.8425598105,97.850205187,117.7378755329,138.2182067659,44.4563032796,200.2439616776,108.8532347108,134.58,22.2290255895
2019-07-18,49.2437437751,128.3440570749,109.386328443,232.5004861956,95.4314459401,182.8847573511,54.8698891935,92.5867861625,98.895,181.8503711598,98.0577380958,117.0092244208,142.529841018,44.975182528,199.231826688,108.8614817928,136.48,22.1106961758
2019-07-19,48.5086553117,128.5322172524,107.9286170925,228.9763997778,94.4910296681,182.0322272497,54.979863584,92.8541204825,98.226,180.6631368769,97.6924849134,119.0650614871,141.8003059449,44.4181815389,196.8304868105,108.6058222522,134.47,22.2205734886
2019-07-22,49.6172740692,130.2350668588,106.5454477997,227.7898086549,95.0985552243,182.4414416984,55.0385165922,93.0546212225,99.2815,179.1621335336,97.9388184551,118.1998011856,142.2839303192,44.339820183,200.7599520645,108.811999301,134.45,22.2628339935
2019-07-23,50.0051709131,131.0441556221,106.7110968168,227.5132347841,96.8379092142,187.070680149,55.258465373,93.4333448426,99.7245,180.6970578564,96.7071507468,120.6994420566,143.3331493007,43.9035380394,200.7996436327,108.2182094004,133.69,22.3642592053
2019-07-24,49.9644656887,132.3895008912,107.4896471972,224.0516005307,97.2290558052,189.2872584126,55.251133747,93.9680134826,100.0405,182.0793377715,95.6453682397,115.2893801715,142.5954172043,44.4880713968,203.0819088054,108.6882930717,134.37,22.3642592053
2019-07-25,49.56938557,131.8908764209,108.5994956117,221.8836182534,96.2969618011,187.5395717048,54.9358738278,93.2922517292,98.691,182.7916783413,95.7897706607,117.7365810242,142.4396737618,43.9734278974,199.1623664436,108.1687269086,133.42,22.4065197102
2019-07-26,49.7417841672,132.9727974415,108.2764800284,225.6664350665,96.7213974637,189.3810367238,54.8478943155,91.8738946425,97.1525,183.9449916446,97.4546456318,116.1721204791,142.3085213891,44.2995805678,198.2097688062,108.4243864492,133.64,22.4403281142
2019-07-29,50.2063026099,132.6811491664,110.1731612742,226.4515479899,96.4134735516,187.8294319392,55.2364704949,92.2526182625,95.6225,184.9032593158,98.533416659,117.5180809481,143.062647532,44.7676308286,194.4291469331,108.457374777,134.53,22.4572323161
2019-07-30,49.9908043633,132.0414045629,109.3946108938,227.441860882,96.1970945863,188.7501644487,55.243802121,92.3343037492,94.9265,184.3266026641,102.2793853441,116.1983404882,142.5544320879,44.3461738065,195.5206650592,108.7212813995,134.98,22.4572323161
2019-07-31,51.0108293973,128.2029369418,107.8540750348,222.1601921242,96.53830757,187.66745122,54.5179711442,91.4209114892,93.339,181.214352794,100.2662457106,115.0796200984,141.3658637104,43.8760056712,192.7323323917,109.5954720867,133.21,22.5924659319
2019-08-01,49.9069994896,129.8869705304,107.9120521908,222.3743138306,93.9916935944,180.3953694551,53.1249621989,89.6609605491,92.766,180.4850517345,99.1534976432,110.8144986123,138.9805299321,44.5304288865,191.2438985834,111.7677130626,136.41,22.524849124
2019-08-02,48.8510580813,128.7956415009,108.5580833575,223.0880528519,93.9833713266,178.494227329,52.6044167509,89.6535345958,91.162,179.9083950828,98.9071641015,108.8479979271,137.718188345,44.7739844521,187.5625056308,112.8006100117,135.89,22.4741365181
2019-08-05,46.2938122215,124.3832853385,107.8043803297,218.6361057064,91.1870893142,171.9382708492,51.5266677248,88.1757698824,88.2565,173.7941385259,96.0530927224,106.322137047,132.7999743693,44.0623786257,180.3287173224,114.7507194515,137.79,22.3642592053
2019-08-06,47.1701717577,126.7164715395,108.3096098318,221.5089052673,91.9028043531,175.6297261883,52.0252182947,88.6510308958,89.3915,177.0675130487,97.0724039293,106.6979571779,134.8574272158,44.7718665776,183.0872813138,115.6679319423,138.91,22.3896155083
2019-08-07,47.65863445,127.2715440632,107.8457925839,219.876227256,89.9054600585,175.3995430609,51.6879634974,88.4431042024,89.67,176.3127712546,98.1256921763,105.561756782,133.9311635837,45.0831941267,183.7223464054,115.7092478202,141.02,22.3727113063
2019-08-08,48.7097870085,130.6678352671,109.0633128596,220.9200705747,91.4284350831,176.4737309887,53.0663091907,91.5100229292,91.6445,179.4165408799,99.7565901072,106.6455171596,136.8984860157,45.5808946302,188.6937153251,115.957143088,141.73,22.3896155083
2019-08-09,48.3099180398,129.5576902198,109.3614810904,221.8211660891,91.3285678684,176.3884779785,51.9372387823,90.9085207092,90.379,178.1021029238,99.1959689435,104.3381563557,136.6197872238,45.8477468151,186.4015272603,115.7257741714,141.26,22.3642592053
2019-08-12,48.1873345371,127.7513525158,109.270374131,216.9766624819,89.6141806822,171.801866033,51.6879634974,90.2624627691,89.246,175.5495492156,98.5588994392,102.0133155456,135.2180962407,45.6296057434,183.9406500306,118.1386214444,142.63,22.3473550033
2019-08-13,50.2279893167,130.3950030097,110.5044593084,222.3475486173,90.9956771526,174.0099189956,52.326361438,90.8862428492,91.217,176.6689415395,99.5951991661,104.014776243,137.6935972752,45.6656096096,186.9969007837,117.7337258404,141.78,22.4487802151
2019-08-14,48.7329513039,126.4812713176,107.8872048382,216.9766624819,87.2173675288,166.7207866287,50.2181635875,87.4331745491,88.148,170.9532564918,98.3550371978,100.6935750857,134.4639700977,45.5258298937,178.3242931273,120.3862052055,142.75,22.4994928211
2019-08-15,48.4901878966,126.1980620223,108.1191134622,217.9134449473,87.5502582445,167.2493552916,49.9212343128,86.8465242357,88.806,171.1228613894,99.7141188069,100.7285350979,133.6852528849,45.9896444055,181.1820860392,121.7248396515,143.7,22.516397023
2019-08-16,49.6343005882,128.5109379345,108.7982744323,219.1981751857,89.6474697538,170.0115528201,50.7006736589,86.8836540024,89.6285,172.7001869367,101.2345913571,101.7598554573,135.9590638047,46.0701236359,182.2835270574,120.7497849316,142.78,22.533301225
2019-08-19,50.5596858534,130.6633285794,109.5354125584,218.3238448846,90.4547297395,172.381586502,51.5543453238,88.0089927555,90.806,176.3466922341,102.1349829231,102.5726757405,136.6428547698,46.372979687,184.734481395,119.0227812328,141.11,22.5840138309
2019-08-20,50.5620894515,129.5776929471,108.1688081673,214.2644542008,89.3062567701,170.4889696769,51.2425695853,87.1237262697,90.069,184.0976360524,100.9967520755,101.9696155304,134.6738663283,46.4089835532,182.39267887,120.253994396,142.21,22.533301225
2019-08-21,51.1101098163,131.0220603536,108.9390760968,214.4339672184,89.555924807,171.0857407478,51.7547725842,88.4366214817,91.177,186.904597107,101.2515798772,102.852355838,134.9374965799,46.8600908182,182.1346836765,119.4524663636,141.76,22.5586575279
2019-08-22,51.0668450507,130.0685890591,108.7237323746,207.8229595334,90.4796965432,172.5691431243,51.6434241062,88.3240876064,90.233,187.4303722894,101.4384535985,103.0358959019,134.2042749427,46.9363342996,180.6363269762,118.6592015067,141.4,22.541753326
2019-08-23,48.7065117249,125.9242930367,105.7917447719,205.7888033226,88.2326842118,167.2664058936,50.0993918776,86.411011726,87.481,184.4198853578,99.6546589865,99.6884747355,128.9234314658,46.9956347851,176.3794062844,120.6093109465,144.17,22.4149718112
2019-08-26,49.6318969901,127.868996865,106.6365547591,206.1635163088,88.9400769828,170.2076347434,50.3666282249,86.8311381939,88.4435,185.4205542534,101.3535109979,100.0031148452,129.269446171,47.3599091962,178.9692811109,120.1217835866,144.19,22.533301225
2019-08-27,49.0718586348,128.1427658505,108.171854139,198.8923000291,87.9996607108,168.8606371832,49.8766949216,86.8986585191,88.0915,185.0474234788,102.3983049849,99.0941545284,129.7390375566,47.4425063011,179.9020329641,121.9727349192,145.57,22.516397023
2019-08-28,49.4011515733,127.9728402733,107.3708283756,202.8357081219,88.8818211076,170.8640829215,50.2404332831,87.6488843545,88.2125,188.2190350631,103.1203170897,100.3876749792,131.4443957465,47.1100000072,180.3584859986,122.1297352555,145.16,22.5671096289
2019-08-29,50.2376037091,130.3895595939,107.0036915673,205.7531163716,90.8958099379,174.5043864544,50.7971756732,88.166540181,89.32,192.7729265624,102.9334433685,102.9310158654,134.780966118,47.0950911053,184.1391078717,121.6669974223,144.12,22.6262743358
2019-08-30,50.1727065606,130.1441115379,107.1038197878,208.7686637367,91.4284350831,174.9075375635,50.8342918326,88.3165853481,88.8145,193.2732610102,102.1264886631,104.0060362399,135.6212875449,46.6606031085,184.2383367923,121.7000501247,143.75,22.7107953457
2019-09-03,49.4420127408,128.4259751459,107.4208924858,205.7531163716,90.3465402569,170.6701620765,50.8936776875,87.2287578867,89.492,190.0168469772,103.0863400495,102.28425564,134.7232970005,48.0407414514,180.9836281981,121.8572016771,145.75,22.7615079516
2019-09-04,50.2808684748,129.9269844115,107.5210207062,202.2825603804,91.436757351,173.037602632,51.4355736139,87.9639792054,90.031,191.2380022396,104.65777816,104.0934362704,137.6973757761,47.7340440418,185.6970019244,122.0393128405,146.66,22.6178222348
2019-09-05,51.2639400942,132.2115393942,107.2873881919,204.8341773816,93.5173243245,177.6009300796,52.163050337,88.2565672812,92.036,194.6506812891,104.2755364574,107.493297455,140.3583936279,46.8160816564,189.4280093372,119.8291455388,143.14,22.6262743358
2019-09-06,51.259132898,131.3147099588,106.9786595122,204.3077948534,93.7170587539,177.7381730103,52.6529836402,88.7217072992,91.6755,197.193127181,104.3689733181,107.2398373667,141.0092308115,46.8863664794,186.0443031463,120.6817568949,141.94,22.6347264368
2019-09-09,51.4778603243,129.8231410031,105.9273131977,205.8066467982,96.0389714964,181.8297278835,53.0686846249,89.5694624933,91.5675,198.6776425676,103.7743751141,111.2165387524,139.7734640072,46.8331204014,187.3045104374,118.5378118345,141.39,22.5924659319
2019-09-10,52.0859706414,128.4637363853,108.0967579737,207.3947161206,97.2623448768,184.9605822413,53.4992320732,91.4150180484,91.0275,198.7885546367,101.8291895611,113.8734996782,139.7322717804,46.4561381689,184.734481395,116.4600890153,140.18,22.6178222348
2019-09-11,53.7420497264,128.5014976247,109.4484889495,208.9560202298,97.5286574494,185.9641711724,53.3953068271,90.9873893222,91.1495,198.4984769175,103.009891709,116.3207005309,141.1080921558,46.8693277345,187.0365923519,116.2531445114,141.03,22.6854390427
2019-09-12,53.6218698219,129.8231410031,108.8310315902,205.2891860077,98.1278607377,187.6282417078,53.4324229864,91.0924209392,92.1775,199.4710904466,104.2840307175,115.1495401228,138.924904135,47.0141570667,186.0244573622,115.4915887371,141.32,22.6178222348
2019-09-13,52.5787082502,129.6343348062,109.1230722331,209.3842636425,100.0586268891,188.6232529558,53.9223562897,91.152439006,91.967,199.6246610039,103.7319038138,116.923760741,138.1669671617,46.5349423644,185.7466163847,113.0248102506,140.15,22.5840138309
2019-09-16,52.8551220307,128.6997441315,108.0884139553,210.119228311,99.1681442245,186.3244338657,54.7314885633,93.1180306949,90.392,197.0736834143,101.7187641803,116.3731405491,136.9312003574,46.4966051882,184.7840958553,114.4651439977,141.32,22.6854390427
2019-09-17,53.047409878,129.7004169751,108.1968861941,208.4072984126,98.6771304187,185.2007573701,54.3157875787,92.9454787527,91.1275,196.4082109996,102.9164548483,115.5166202507,137.1371614915,47.3293738487,186.6297537776,115.0859775094,141.6,22.5840138309
2019-09-18,53.5449546829,130.7671719878,108.8143435535,206.6953685142,99.6674802981,186.2043463013,54.0559744633,93.163044245,90.873,196.9371762523,103.1288113498,114.5552199157,138.3811667411,47.6871874932,186.6892911299,115.5743665386,140.71,22.6685348407
2019-09-19,53.1099034284,133.1744509985,108.5640230024,208.7030768767,99.3512341182,184.6174749144,53.6922361018,92.7729268106,91.075,194.6250861963,103.5450300925,113.7249196264,137.3925532977,47.9001718053,188.673869541,115.9220333052,141.28,22.6178222348
2019-09-20,52.3335412448,131.6356804936,109.8490018313,208.7389288117,98.9517652592,183.3394001218,53.5066553051,93.268075862,89.708,191.681650516,103.8338349345,112.0118790295,138.6612738834,48.0748189413,188.4654888079,117.4534226341,142.95,22.6769869417
2019-09-23,52.5714974559,131.3524711982,109.9240979966,205.0461795022,98.9351207235,183.0992249929,53.5437714644,93.7032068465,89.265,193.0296587406,104.6662724201,112.2391191087,137.6973757761,47.9811058439,185.3794693786,117.4285892936,143.75,22.7107953457
2019-09-24,52.3215232544,129.6909766653,109.7655616476,201.6671346243,97.6451691999,178.2013679016,52.8088715095,92.8329448774,87.0805,192.3129961402,104.9975485623,110.1152983687,136.5604703161,48.6690451722,179.88218718,118.8440897003,144.51,22.6262743358
2019-09-25,53.126728615,131.5601580148,109.2982966189,199.1306102199,98.2027611488,180.1570796649,52.9647593787,92.6603929353,88.4165,194.608022801,104.4963872189,110.6571785575,137.5243684235,48.8522116807,181.3904667724,117.1057558675,141.83,22.8037684565
2019-09-26,52.8527184326,131.7300835921,107.5126766879,193.1343740837,97.3955011631,178.6045190107,52.6826765677,90.1471363865,86.992,196.0498796994,105.5921467662,110.4648984905,137.6067528771,49.3527248143,178.7212088095,117.8590338617,141.79,22.8629331634
2019-09-27,52.5955334368,130.0213875099,107.3040762286,192.937188441,97.9697376478,179.2478452486,53.061261393,88.9767840833,86.2725,196.1096015828,105.8129975277,110.6396985514,138.4388358586,49.2547520307,175.7344183008,118.1487561672,141.06,22.8291247595
2019-09-30,53.8333864539,131.2486277899,107.9549096614,194.7835630957,97.9447708441,177.7553283767,52.4154402205,88.9767840833,86.7955,197.9524482696,105.6516065866,110.3949784661,139.3944955206,49.6232148907,176.7068617222,118.4384784726,138.87,22.9051936683
2019-10-01,53.9824095356,129.3983270601,108.463894782,194.6849702744,96.1638055148,173.8610602165,51.1831837304,87.0336991695,86.7825,197.1504686929,105.2014108036,106.9514172662,135.2670343943,49.418749951,174.4543652257,118.7944975194,139.63,22.8291247595
2019-10-02,52.6291838101,127.1137720773,110.1410424742,194.2726730214,94.2496838992,170.0525688881,49.8470019941,84.2428590616,85.6615,192.4324399069,102.8485007679,104.8450765323,132.7048778868,48.7968357595,173.253695287,119.0847255951,141.26,22.8122205575
2019-10-03,53.0762530551,128.6525425822,109.4651769863,193.0268182786,94.1165276129,169.1862228877,50.4631302392,84.8880532801,86.221,193.5074338075,103.4091219316,104.9149965567,133.0673694828,49.0225991304,177.9968376894,120.1710078215,141.9,22.8037684565
2019-10-04,54.5640802737,130.3895595939,111.5261495235,197.0063830685,96.1550619038,172.239878097,51.1980301941,85.4132113649,86.9825,194.4629839414,105.3288247045,105.7889968612,134.8056814541,49.751005478,179.0585871394,121.0582765102,141.9,22.7868642545
2019-10-07,54.5760982642,129.4455286093,111.108948605,198.2970527301,95.9453361537,171.8967707701,50.4928231666,84.970578122,86.633,193.4477119242,104.3434905379,105.0985366206,134.4349514128,49.5295017934,178.2945244511,120.0549165912,140.69,22.8291247595
2019-10-08,53.9367411718,128.0766836816,110.0075381803,197.2842355651,93.8061335027,169.2977327689,49.51295656,83.8077280771,85.2755,193.3879900408,102.721086867,103.1058159263,130.6782203279,48.980002268,176.3794062844,120.3783135899,141.92,22.8629331634
2019-10-09,54.5688874699,130.5028433121,107.8214053675,199.049943366,94.485644933,168.851693244,50.0622757183,84.8805510218,86.0995,195.3246854014,103.612984173,104.3905963739,131.683310662,49.7020190862,178.463213616,119.6983506695,142.05,22.8460289614
2019-10-10,55.3043884859,131.3147099588,107.6879010736,200.5288356866,95.8111116736,171.442153562,50.6635574996,85.9683784831,86.013,197.602648667,103.5790071328,107.2310973637,132.6142549879,49.4123604217,178.641825673,117.9155210614,140.81,22.7530558506
2019-10-11,56.7753905178,131.8622479299,109.5819932434,199.0409803823,97.4301944644,175.5680191678,51.205453426,87.1387307864,86.596,200.2048164423,102.8569950279,112.2216391026,134.7232970005,48.8884190138,182.7697487681,116.4560884519,140.03,22.6685348407
2019-10-14,56.6936681827,131.7395239019,109.0730081229,197.7144587856,97.6902543945,176.5458750494,51.3539180633,87.1612375615,86.8215,199.7952949563,101.973591982,112.2041590965,134.2701825056,48.752109054,181.866765591,117.3018959869,140.59,22.7361516486
2019-10-15,56.5614702877,133.6464664908,110.8419400172,213.8478295556,100.6348039258,177.0948467724,51.5320756282,87.2587669201,88.369,201.0238594142,99.5527278658,114.5202599035,134.8139198995,48.4624503894,187.4335080341,115.8839245311,139.61,22.6685348407
2019-10-16,56.333128469,132.5513905487,112.7860962972,212.4137521538,100.3999110857,177.918304357,50.6487110359,86.3584959176,88.8715,201.2627469476,99.8330384477,113.7860996477,134.8056814541,48.9672232093,188.0884189098,116.0248924536,140.41,22.6093701339
2019-10-17,56.5518558953,131.8716882397,113.6204981342,218.4010253062,100.961976096,177.0948467724,50.5819019491,86.5385501181,89.374,202.0050046409,99.7021419002,115.4292202202,138.0104366998,49.2185446976,188.9219418424,115.7429566086,140.61,22.524849124
2019-10-18,56.8234624796,129.7192975948,106.5531145754,219.8978435943,101.1381457261,177.1463128715,50.18847066,86.0809123585,87.8755,202.9946815653,100.4202230046,115.1408001198,136.4039398543,49.5145928915,184.4169488493,115.7429566086,140.46,22.4403281142
2019-10-21,57.8089376971,130.6822091991,106.8201231632,218.6250999002,103.6464656972,179.4880203775,51.0272958611,87.4838346707,89.283,201.9452827576,101.7965451212,116.4797490615,139.1802959412,49.5827478714,188.2967996429,114.8722723814,139.79,22.4572323161
2019-10-22,57.6767398021,128.7375053708,107.8047173308,223.6085188714,104.6867054177,179.7882392885,51.2871089765,88.3766034149,88.2865,202.3718676387,104.4466063395,117.7658447556,139.1802959412,50.3154139052,180.9340137378,115.543943071,140.2,22.507944922
2019-10-23,58.4506983875,129.5588123275,108.3887986166,222.1027375995,104.9635434078,181.2636007941,51.7770422798,88.5116440653,88.1085,200.2133481399,105.1475902746,119.2193090675,139.9299944691,50.2642976703,184.7146356109,115.6600343013,140.53,22.4994928211
2019-10-24,58.5468423112,132.1076959859,106.386234208,219.1539159421,104.8880421378,181.0320033484,51.2871089765,88.2115537311,89.039,199.5478757252,106.6777869136,117.9067867495,141.2563841723,50.5944233542,184.9428621282,115.4278518407,141.53,22.5671096289
2019-10-25,59.2679217386,132.8534804637,107.0954757694,219.5124352926,105.7269451381,183.7597065972,51.4058806864,89.0292998917,88.0665,199.9659289088,105.361304889,123.0864050244,141.3964377435,50.451723865,186.4412188286,114.8639801506,141.86,22.5924659319
2019-10-28,59.8616104672,136.1198276705,107.7880292941,221.4305138174,106.1296185783,186.7790510738,50.9530635425,88.886756983,88.854,202.0305997338,105.5579223342,123.3770978867,142.2614745065,49.6743311256,187.9395755289,113.8191590779,140.64,22.5755617299
2019-10-29,58.4771379666,134.8359455314,107.7379651838,226.1271173082,106.0625063383,186.6846965589,50.8045989051,88.6241779406,88.1355,199.7611681658,105.6605053491,124.4958249631,142.6569198838,49.540151009,187.8502695004,113.8937891546,140.25,22.5671096289
2019-10-30,58.4699271723,136.516320684,110.8419400172,228.3768262323,105.475274238,185.1149805384,50.2701262106,87.2962782119,88.9995,201.5528246669,106.8060156822,123.623746376,143.8432560159,50.1492861418,186.7984429426,115.5605275324,141.02,22.516397023
2019-10-31,59.7919061226,135.3457222631,110.1744185477,226.4945996424,104.7957628077,183.0306035276,50.1587777326,87.1312285281,88.833,200.1365628613,106.4384265455,121.3862922233,142.3026667333,50.7626809608,190.1722262414,117.1194669107,142.43,22.4741365181
2019-11-01,61.4888463751,135.6761331077,109.4735210046,226.0554134381,107.2118034488,186.4702544796,51.6656938018,87.1837443366,89.572,202.4913114055,105.8913171327,127.2794293421,145.0954997109,50.2025322198,192.1270359763,116.7592839181,142.56,22.4656844171
2019-11-04,61.8926508545,136.4596788249,108.6641512228,225.1949669971,108.0674845092,188.5975199063,53.2023027985,91.2049548145,90.233,200.4266405805,101.7879965366,129.419985874,148.2920165113,48.9011980725,193.2185541024,115.2225403548,142.15,22.550205427
2019-11-05,61.8037177251,136.3747160363,108.8226875718,224.3434835398,108.3023773493,187.5424648761,54.2564017237,91.4825383736,90.0855,198.1060188268,101.6426705988,128.9354977701,148.8522307959,48.3708671352,192.8216384202,113.9266917285,139.85,22.6347264368
2019-11-06,61.8301573041,135.9971036425,109.2732645638,224.5406691825,108.4701579494,187.3537558463,53.0686846249,89.9520776693,89.7885,199.6502560967,102.8565696085,128.1603168038,148.9593305856,48.4518011738,190.0729973208,114.6161496515,140.45,22.6347264368
2019-11-07,62.5416223392,136.1859098394,109.6654334271,229.8646815366,109.0573900497,191.5310875512,54.1970158688,91.4450270819,89.41,198.737364451,102.2581686882,129.4992657456,148.011909369,47.5146702003,188.9517105186,112.5394691606,138.27,22.6854390427
2019-11-08,62.7127843168,137.7907625132,110.9754443111,230.3217937084,109.3761731898,191.2051355906,53.1800331029,90.7248102798,89.294,198.6520474747,102.3265573648,130.5122863265,149.2888684,47.299556045,189.3684719849,112.0659860087,137.39,22.7361516486
2019-11-11,63.2093951252,137.9323671609,110.1243544374,227.7404543852,108.9902778096,187.8769945198,52.8569101096,90.6347831796,88.5825,197.7647509218,102.0102597355,130.3713443327,148.9758074763,47.3293738487,188.1479562621,112.1407465064,137.06,22.7023432447
2019-11-12,63.1515375553,138.8386369061,109.5986812802,228.7801605015,108.3527115293,189.0607147976,52.1280047527,90.7473170549,88.9,198.8909350082,101.9589682281,128.9090711462,149.947944029,47.5423581609,192.970481801,112.6557632681,137.43,22.7361516486
2019-11-13,63.7566313073,139.0652043424,109.5319291332,227.2743792297,107.7822574891,188.1257473318,51.6996789244,91.7376151577,87.6555,200.324260209,103.1386728995,127.2794293421,149.8985133568,48.5412545849,191.7003516179,113.3867548009,137.98,22.7276995476
2019-11-14,63.3154673367,139.7732275809,109.2732645638,229.3000135597,107.8829258491,188.2201018467,51.4742442779,91.4975428903,87.73,201.8173072932,103.0104441308,126.3544975073,148.7451310062,48.9587038368,191.6606600497,114.5580025978,138.56,22.7107953457
2019-11-15,64.0676157455,141.5763267615,112.5941838747,241.4627825234,108.6631056395,188.9234718668,51.9927439648,91.4000135317,86.9745,202.4486529174,103.0446384691,128.0017570607,150.4838717527,49.2888295206,193.5956240005,114.4334017683,138.21,22.6600827398
2019-11-18,64.3906538442,141.9256182258,112.5023996727,244.6267157911,109.5775099099,188.4774323419,51.4892732543,89.8165749684,87.6265,203.7795977467,104.1986973868,126.4866306265,148.8693267738,49.4464379116,195.8778891732,114.6410698174,138.62,22.6178222348
2019-11-19,64.1953845457,141.972819775,112.4940556543,245.79190368,109.5439537899,188.7433405202,50.9632590792,88.225560144,87.6395,192.6969225333,103.7969139118,126.1254667672,149.1342777447,49.5529300677,197.7830844479,115.5963428432,138.69,22.6431785378
2019-11-20,63.4480576011,141.727371719,113.4285857117,246.9839805203,108.7469959395,186.9162940046,51.1210633318,88.8998473791,87.2765,188.4652005118,104.5406407698,124.6631935808,146.7331595709,50.0981699068,195.9870409858,116.7925108059,138.76,22.6431785378
2019-11-21,63.1635912157,141.5947568812,113.8457866301,247.8713159126,108.9986668396,187.1907798661,52.3534393991,89.9832527119,86.7355,186.4517198726,102.8736667776,126.2840265103,146.1618590399,50.0811311619,196.4038024522,116.0615192731,138.0,22.6769869417
2019-11-22,63.1081443779,141.6989542538,115.2058616243,248.1312424417,109.72012342,188.9492049164,52.1280047527,89.8771850569,87.286,186.0166032937,102.8309238548,126.7420879904,146.3771317037,49.7062787725,197.2869398451,116.2110402685,137.74,22.7446037496
2019-11-25,64.2146704024,143.2524423544,115.2559257345,253.3566619744,110.3073555202,191.0678926599,51.7823382947,89.6877785302,88.692,186.3322761058,103.0189927154,128.9795421432,146.1452996042,49.5316316365,198.2494603745,116.551615869,137.08,22.7615079516
2019-11-26,63.7132381298,144.0102414279,115.2475239321,252.2183630367,110.4583580603,190.8105621647,51.6545919951,89.2407791272,89.847,188.3457567451,104.5149950161,128.6888492808,147.8095228902,50.0342746132,197.4357832259,117.23276707,137.74,22.7361516486
2019-11-27,64.5690480181,144.2849435921,115.734828473,251.5640652222,110.7855302304,191.2394463233,51.6245340422,89.4529144371,90.9255,190.2568570128,104.0875657873,128.3364942961,148.5546974958,49.9064840259,200.4424195187,116.8921914695,137.01,22.7699600526
2019-11-29,64.4268148254,143.3945296807,115.5163816099,250.8470265213,110.5338593303,190.9392274123,51.1962082139,88.7407458966,90.04,188.1324643045,104.3440233246,127.4908423329,147.8343620437,50.0670789674,200.0851954047,116.6429898106,137.86,22.7446037496
2019-12-02,63.6818986128,141.6610643001,115.4071581783,250.6588038623,110.2905774602,187.7389358663,51.4141283722,88.4907292814,89.08,185.6668036912,104.9082299065,125.9316715257,144.3320413971,49.5167736345,198.160154346,115.0900564462,137.79,22.6516306388
2019-12-03,62.5464438033,141.4337245781,115.2391221297,248.1850203443,108.8728313896,183.080829573,51.0083460085,87.8012895241,88.498,182.5783291513,105.1048473518,123.3770978867,142.8665313393,49.7266176914,197.2869398451,117.5031947854,139.11,22.6262743358
2019-12-04,63.0985014495,141.9452389527,117.1043222691,250.3540624144,111.0204230706,186.2724949962,51.5869616011,88.5967969363,88.0345,183.8239570044,106.4555237146,123.4299511344,143.4129927168,50.1612946664,197.1777880325,116.3299102826,138.92,22.6009180329
2019-12-05,64.0242225681,142.02101886,117.2555547129,252.7561420624,111.6244332308,187.3076297281,51.406613884,88.1346450112,87.024,182.8795088367,106.5324609758,124.2491764738,144.0753701441,50.225532643,197.8227760161,115.7640709479,139.0,22.550205427
2019-12-06,65.2609281249,143.7450117522,117.9445025121,252.1018442478,113.2854611716,193.7513434338,52.2332075877,89.4074568707,87.58,183.9785030682,106.1648718391,125.7202585349,145.2759292309,50.189131123,199.4997447734,115.123341113,137.62,22.6347264368
2019-12-09,64.3472606667,143.3755847039,118.0453241413,249.7174983138,112.7569522813,191.3360290595,52.3459249109,88.8695423348,87.4755,185.9103288658,106.7461755902,125.8171561556,144.4727966004,50.1634359323,199.7875086431,115.3729761136,137.58,22.6093701339
2019-12-10,64.7233348711,143.1577174702,117.6168322174,251.4990096155,112.8324535514,191.3964119189,51.895055618,89.3165417379,86.9605,185.3694176425,106.2332605157,125.8523916541,144.1002092976,50.2019787183,199.3211327164,115.3812972803,137.97,22.5840138309
2019-12-11,65.2753925174,143.6976493101,118.4486106579,252.3807677345,112.5640045913,190.801209448,51.8199107358,88.0588824005,87.436,182.0209195933,106.5666553141,126.8477944858,145.7313137122,50.4867670812,200.7004147121,116.2883044491,138.92,22.4994928211
2019-12-12,65.4417330308,145.1564125266,118.7510755454,255.1790001325,115.7853921127,194.993505112,52.8569101096,90.0135577562,88.0165,182.0552631631,106.4897180529,129.2966616294,146.8739147742,50.0842090945,195.2329011896,114.3744361112,138.43,22.533301225
2019-12-13,66.3312931682,146.3783635326,118.7846827551,256.8615385841,114.7703194823,194.0877622217,52.0228019177,89.3695755653,88.047,183.8067852195,107.2590906647,128.1955523023,146.5344463427,50.73729519,192.613257687,115.6975016144,139.05,22.533301225
2019-12-16,67.4667479776,147.3256123744,119.1291566548,262.7549219305,115.2149380725,196.7101035424,52.6014175103,90.4302521149,88.4605,185.0517396224,107.3360279259,128.0458014338,146.054222708,51.2768941935,196.3938795601,114.6573557785,139.04,22.4910407201
2019-12-17,67.599338242,146.5299233473,120.6162756849,261.3513069655,115.9196165928,199.3928277224,52.3609538874,89.8544562737,89.533,186.9320500654,107.1223133115,128.9354977701,146.3026142432,51.3518384995,196.8602554867,114.4992536115,139.01,22.533301225
2019-12-18,67.4378191927,146.2268037179,120.305408995,263.5377071994,115.8021701727,198.7889991288,52.5037291635,89.8165749684,89.2015,187.1724550535,106.0109973167,129.5961633664,144.596992368,51.4524779962,200.9385641215,113.5589617758,139.02,22.5755617299
2019-12-19,67.5053196909,147.496117166,122.1201983198,265.0852826735,115.2233271025,198.3490668678,52.1430337291,89.4983720035,89.614,189.0785231738,106.7889185131,127.7462996968,146.1370198864,51.5295635682,204.4711136932,113.7400461732,139.38,22.5755617299
2019-12-20,67.3654972303,149.1064401971,122.7167262924,263.2587837128,115.1310477724,197.4778284685,52.556330581,90.6726924691,89.325,189.9113547399,107.1650562344,129.9925627241,146.0625024258,51.9706643409,204.7092631025,113.8900660186,139.52,22.6516306388
2019-12-23,68.4647910586,149.1064401971,123.0359947847,265.5081666694,115.0974916524,197.6158464327,52.8193376685,91.1651494386,89.65,188.211348038,106.7718213439,130.8117880635,146.0790618615,51.1291468473,204.5901883979,113.7233773015,139.95,22.6397976974
2019-12-24,68.5298808247,149.0780227319,122.6075028608,265.0133024189,115.4162747926,198.3231884995,52.6164464867,91.1727256997,89.4605,189.4648883333,107.0453760503,129.9132828526,145.9797052474,51.4995858457,203.53836184,114.0484203,141.27,22.6397976974
2019-12-26,69.8895337176,150.2999737379,122.5234848365,266.0120284517,116.6410731731,199.444584459,52.6991058571,91.3697084875,93.4385,189.5936767198,107.0453760503,130.5651395742,146.4516491643,51.8100693993,206.1877740188,114.3234566833,142.38,22.6053120954
2019-12-27,69.8630156647,150.574675902,122.456270417,266.2999494701,116.7249634731,198.9701477069,52.5187581399,91.1424206554,93.49,188.863875863,107.7891029084,130.6179928219,146.1204604507,51.9278390231,206.4953836725,114.4484732212,142.33,22.493233889
2019-12-30,70.2776615824,149.2769449887,122.0781893077,264.3924727229,116.297122943,198.2283011491,52.210664123,90.8014889073,92.3445,186.5800284756,106.4042322072,129.9485183511,146.0707821436,51.6666045849,202.8338365041,114.0317514283,142.63,22.4501268865
2019-12-31,70.7911475153,149.3811423613,122.5570920462,264.5094406366,116.9430782532,198.340440745,52.4360987695,91.3015221378,92.392,187.498718966,106.7718213439,130.0894603449,146.5510057784,51.8528947171,203.6673594367,112.9149370231,142.9,22.3897770831
2020-01-02,72.4063380086,152.1471089795,122.6411100705,263.1778059263,118.3608243239,202.127308639,53.2777214497,91.9985381562,94.9005,188.5977131975,105.4980822422,132.5999896108,149.68901884,51.0948865931,208.1624295378,114.1901057096,143.95,22.4673696875
2020-01-03,71.7024042414,150.2526112958,121.2212054598,260.5145365057,116.8088537732,199.7637510013,52.8493956214,91.6803351913,93.7485,187.9709430499,104.7885497225,130.7589348158,148.0910332967,51.4589017939,207.0609885196,115.9486716759,145.86,22.493233889
2020-01-06,72.2737477442,150.6409833209,121.0699730161,262.3230404028,116.7159741005,201.8081420967,53.255177985,91.3697084875,95.144,188.8552899705,104.9338756603,130.6708460696,146.9732713883,51.7158537003,210.9606850974,115.290251243,147.39,22.441505486
2020-01-07,71.933834521,149.2674725002,121.8093316299,260.7394748013,114.7317265484,203.1365650026,52.8193376685,90.2029642829,95.343,187.6189214601,104.2841832325,128.9443066447,147.0560685667,51.6708871167,211.417138132,114.7235096046,147.97,22.5190980905
2020-01-08,73.0909859192,151.6450670933,121.7925280251,266.2369667473,115.6267488485,205.0946948703,52.0228019177,89.1725927776,94.5985,190.4265082859,104.7287096304,130.0894603449,147.1802643343,51.6473331919,213.5604828159,113.9650759414,146.86,22.5794478939
2020-01-09,74.6434973784,153.539564777,122.1538055296,264.7253814005,116.0489291787,209.2697382888,52.4210697931,89.0286438173,95.0525,193.3457117133,105.8742199635,129.7635319841,148.2649073714,52.0520324446,216.616733569,114.3651288626,146.03,22.6225548964
2020-01-10,74.812248624,152.8291281456,121.8765460494,265.5441567967,114.8921550739,208.8470582733,51.9551715237,88.2179838829,94.158,192.5128801473,105.9768029784,128.7240847793,147.9419983756,52.1505306754,216.3785841596,115.3819300375,146.91,22.6053120954
2020-01-13,76.4105639927,154.6667908988,122.4142614049,257.1944472617,115.8462826202,211.5211563306,52.4511277459,88.3846616264,94.565,191.7573216131,106.7547241748,129.3318971279,150.0864452963,52.7607914531,220.198897601,115.0318837314,145.82,22.6053120954
2020-01-14,75.3787706627,153.5774547307,123.1032092041,259.3448573682,117.197259677,211.909331855,52.000258453,88.111916228,93.472,191.3022693141,106.5923010678,129.2085728832,149.4075084334,53.0455798161,217.3708733652,115.6236286774,145.69,22.6139334959
2020-01-15,75.055732564,154.5720660147,123.5148975232,266.6958408705,115.4409895032,211.5211563306,51.9175990826,87.9831197898,93.101,192.8305581673,107.6779713089,128.2307878007,149.6393405329,53.8699671825,219.4447578048,116.3903967765,146.54,22.5794478939
2020-01-16,75.995918075,157.4043400518,124.5147120124,270.5917721514,115.8885006532,215.4115376978,51.7147079008,88.558915631,93.897,196.4623906667,107.7720057392,130.2568289626,150.9061373625,54.0177145287,220.0599771122,116.0236815986,146.31,22.6139334959
2020-01-17,76.8372635708,158.2852814747,125.3296868481,268.5493324268,116.6906432807,215.1872585059,51.5193312072,87.566425431,93.236,199.1154314287,108.0626576148,131.0848631767,151.7092699931,54.259677574,220.4271241182,115.0318837314,146.58,22.6915261004
2020-01-21,76.3165454416,157.7169321696,125.4137048724,270.402823983,115.5423127824,211.9438363461,50.7829113621,85.8466141684,94.6,200.0083642418,107.7891029084,129.3729008953,149.8049348897,55.0069793685,219.7325216744,116.240376931,146.74,22.6742832994
2020-01-22,76.5889581666,156.9591330961,124.5567210245,270.456809174,115.4072150768,213.1083629194,50.4898463216,85.5359874646,94.373,199.9654347797,107.977171769,126.5166736695,149.0763197198,55.6515004004,219.6134469697,116.6487642881,146.79,22.6570404984
2020-01-23,76.9578001747,157.9253269148,124.7919714926,269.4400880776,115.2890045843,211.8403228729,50.1742378166,85.687512686,94.229,200.6093767122,107.4863975286,126.6231169202,148.6871729813,55.6900431864,218.0654758091,117.4655390023,147.12,22.7173903018
2020-01-24,76.7360128234,156.3339488605,124.6155336415,263.4567294129,112.4266219452,208.6831619407,49.8360858469,84.7404800524,93.082,199.1927044606,107.6153915251,124.5208627198,146.6586421103,56.4694639692,216.259509455,118.4156646903,147.98,22.7518759038
2020-01-27,74.479567597,153.719542057,124.976811146,255.6108816602,111.4809380055,205.4224875354,48.6487967088,83.6343459364,91.417,198.4972471735,108.0883695125,120.3961867571,143.6862234056,57.1161262671,213.213181594,120.2575750152,148.99,22.7863615058
2020-01-28,76.5865474345,156.7317933741,125.6069463283,257.2124423253,113.5074035906,209.2524860433,48.5811663148,84.1874129944,92.6625,200.7896804533,108.3807559047,121.2920841168,145.2759292309,56.9169885396,216.1106660742,119.3157837631,147.66,22.7863615058
2020-01-29,78.1896842674,159.1756953861,126.480733781,254.5401753728,113.3385314585,207.130459843,48.1753839512,83.6191934143,92.9,200.9270547322,107.5465947269,120.4405381116,145.4498033056,56.9062822102,221.5087193523,120.4826047834,148.46,22.8208471078
2020-01-30,78.0763798596,163.6656548965,126.3295013373,252.8126492621,114.740170155,210.5895350719,48.6863691499,84.3995483043,93.534,199.8709899629,108.3119591065,120.0768570052,147.660487969,57.799190085,207.9143572364,120.4992736551,148.47,22.7518759038
2020-01-31,74.6145685934,161.2501703498,125.0776327752,245.1377546141,111.7595770234,205.0860687476,46.6800007963,81.1720610891,100.436,195.8442064115,107.1682123371,116.5110081084,143.4212724347,57.4287510866,200.3531134902,121.5994191886,149.33,22.6570404984
2020-02-03,74.4096563667,165.1812530435,126.1698670911,246.5503671109,112.6123812905,206.172960216,45.6354869343,80.5205026372,100.21,198.7977534087,107.5895927258,115.1095053081,141.8481260449,57.1311151283,202.6155328788,121.5010445084,148.36,22.7691187048
2020-02-04,76.8661923557,170.6184613958,127.3713248386,252.6866838166,114.2335537587,208.7004141863,45.0643858299,80.9523495181,102.4835,201.7684721907,108.0625707132,118.4269866201,145.0689362849,56.645047772,208.2120439981,119.8647792395,146.43,22.8036043068
2020-02-05,77.4929826964,170.4100666505,129.3793556193,266.0840087063,116.1755832778,210.7361791589,47.1383845774,83.5510070646,101.9935,204.4386847376,109.0515246867,121.9130030789,146.4682086,57.1097024694,208.4898849756,118.5540973659,146.61,22.8898183117
2020-02-06,78.3994179583,173.9433048307,128.9928727076,263.141815799,116.192470491,208.5969007131,46.4996530791,82.9524824402,102.5115,205.0654548852,109.3353114792,121.744467932,146.0128241188,57.4565875431,209.2241789877,119.0883880659,147.4,22.9329253142
2020-02-07,77.3362851112,174.1895895296,127.614977109,260.2266154872,115.8209518004,205.3017218167,46.1915590622,82.5357880815,103.964,203.7432274505,108.4237539035,118.3028028276,145.1268943098,57.7156807154,210.6927670119,120.5743840755,147.79,22.9846537172
2020-02-10,77.7035980299,178.7458564589,127.5897717018,258.2561560172,116.3022373769,204.7496499597,45.7106318164,83.1797702723,106.6955,206.585157846,108.5011503014,119.145478562,146.5096071892,58.1867592105,211.417138132,120.908315763,148.17,23.0191393191
2020-02-11,77.2347907521,174.7105763926,127.6989951333,261.639227984,116.5217711486,203.9732989108,46.1451725125,84.255599344,107.54,207.4695047667,106.7726307476,120.8042192179,148.3311451141,58.2745511119,205.5924004955,120.2988904332,147.66,22.9932751177
2020-02-12,79.0689388132,174.9663335799,126.9428329146,273.0570958719,116.5217711486,205.8624197965,46.7093130652,84.8844290127,108.0,207.4265753045,106.1620591639,123.8201113197,150.0119278358,57.8698518593,209.1348729592,119.6894651035,147.54,23.0536249211
2020-02-13,78.5058867734,174.019084738,126.1026526716,271.9054117981,116.4204478694,205.6036361135,46.4501133518,84.5965310921,107.4935,208.0876890219,107.4605987292,123.9354248413,149.1342777447,58.9854513863,211.4965212684,120.1486211739,148.38,23.0794891226
2020-02-14,78.5252190323,175.5725728387,126.1362598814,268.8282559134,116.065816392,204.5081185223,46.2366547643,84.3768195211,106.7435,210.3801223017,108.4753515021,122.4008679777,149.7055782757,59.6385374818,212.5285020422,120.6745635817,149.0,23.0708677221
2020-02-18,77.0873822782,177.3534006614,125.3044814408,271.8514266071,114.5290799898,201.1698090121,45.6496436486,84.4994602472,107.7835,209.4442600264,107.3832023313,121.1501597826,148.5546974958,60.392263074,216.1205889662,121.5010445084,150.91,23.157081727
2020-02-19,78.2038202284,177.8838600128,125.1364453922,274.7036441961,116.0911472118,204.7237715914,46.0003256138,84.8827125161,108.511,209.1866832534,107.8733795182,121.3985273674,149.7469768649,58.8141501154,215.8129793125,121.4926962162,151.79,23.2001887295
2020-02-20,77.4015314849,175.1673508307,124.6575426537,271.8424290753,116.0911472118,200.7557551193,45.6343966066,84.1698632959,107.655,212.088714896,108.853733892,121.4606192636,149.6145013794,59.3194888647,212.9254177244,122.4444015256,152.41,23.2691599335
2020-02-21,75.6495455241,169.6298513439,125.9682238328,271.2126018474,114.6726213021,198.9356432158,45.0778795748,83.5566596657,104.7985,210.6462849671,108.9569290893,121.7089868485,148.9355645165,59.4393997544,208.55934522,123.5881175554,154.7,23.1312175256
2020-02-24,72.056161905,162.3161727765,123.3888704868,249.9424366095,111.5907048913,193.6909605745,42.9661642624,80.2606901531,100.4645,205.8038416345,106.0330651674,117.2383703211,145.118614592,58.6578377056,199.1722893356,125.433090129,156.09,23.1398389261
2020-02-25,69.6154642216,159.6376567298,122.3233508047,236.9859907793,106.6089769944,187.713057498,41.31948373,77.1946720019,98.637,203.8119145899,104.4249400103,114.4264944498,138.9336653651,57.8848407205,195.2527469737,126.1009535041,153.3,23.0708677221
2020-02-26,70.7198195101,161.6322963391,121.5030697796,236.635087038,106.9298340454,186.134477032,40.412284733,75.148104886,98.9795,202.0088771789,103.3327908395,113.7612241332,138.4203228589,57.7006918542,195.6794313321,125.433090129,153.97,23.0881105231
2020-02-27,66.0969931057,150.2438539984,117.6469033111,228.4653281395,102.4800533646,177.4307191617,37.9803815393,72.1510721432,94.215,192.9507606614,97.6054573925,109.3438292312,132.8480727522,55.0840649404,188.2868767509,126.7938617557,154.0,22.9501681152
2020-02-28,66.058328588,153.8816967144,113.7230847993,229.4010714495,98.0387162903,174.2649321068,39.2153919386,71.5455335583,94.1875,187.0350807746,97.3732681987,110.2042455073,135.0295954762,54.4187932552,190.9859033899,129.6573259763,148.38,22.8725755107
2020-03-02,72.2084034437,164.1208467088,118.4079887983,245.7315917147,102.6067074636,181.8163835653,41.0755310585,74.0366733062,97.6975,197.4240106193,102.8168148533,113.1846565255,136.7531649566,57.7752934405,194.9252915359,128.7049878663,149.2,22.7518759038
2020-03-03,69.9151142342,156.2562676779,114.6617569001,235.1954819458,98.7564228518,176.5737666906,39.1086626448,72.350363323,95.4495,195.7068321326,101.6214704852,110.3284292997,134.7964556431,57.0863389445,184.4566404175,130.7032009428,153.89,22.6570404984
2020-03-04,73.1581006611,161.9932311255,121.3339396713,260.4065661237,101.1966251606,181.1827560291,39.9624969949,75.5236921095,98.7915,206.9886947904,107.0650171398,113.0072511078,142.540028671,60.7614805843,190.281378054,129.3153207307,154.16,22.7346331028
2020-03-05,70.7850658838,157.9279656361,120.0908333755,254.5941605638,96.2317844769,172.5463259128,38.2014636478,74.4965760289,96.2015,201.6053402345,104.5969320057,108.1906940158,137.3193616941,59.4567730074,183.7421921895,132.534199536,157.49,22.562205093
2020-03-06,69.8450347958,153.4637722249,120.1077463864,255.41293596,91.2585001865,167.3905073307,36.3565715698,73.0632125432,95.0545,196.1962280013,104.6227308051,107.6939588461,136.5783100818,58.5223784722,179.6936522309,139.4317969759,157.55,22.4328840855
2020-03-09,64.3208418213,143.063151405,115.3805598603,246.0285102649,78.8970601169,149.9961294883,31.9120588365,61.8339210644,90.0305,180.6986921586,99.8069549337,92.312909127,127.2776960257,56.2531346009,168.1930203387,143.2108443005,157.81,22.1914848717
2020-03-10,68.953334355,152.8463837744,119.7779426752,251.9308911431,85.0271185121,160.0126524574,33.0937045889,65.1375556223,94.591,193.7835922274,103.6681752306,94.4595146818,134.6299271909,55.0582291468,176.8160135348,135.8701284796,154.48,22.5190980905
2020-03-11,66.5585507864,145.922134845,111.4567413485,249.9334390776,81.0248489813,149.1975851962,32.0035410883,63.6428717736,91.043,184.072947885,95.9629338364,89.314757567,127.7189964241,51.9428630351,168.9273143508,130.8704154262,153.93,22.5535836925
2020-03-12,59.9855827677,132.0831352701,106.0530343893,225.3071944684,74.3459561568,130.78766733,28.3442510163,58.4536360527,83.8305,164.7915032993,87.5783240604,81.8371192088,112.281808904,44.9736577112,153.2789135795,131.6814056707,147.79,22.7949829063
2020-03-13,67.1723500058,150.8612424489,113.5624111964,245.7405892465,87.7375162323,153.7805350468,29.0608619887,63.9418085434,89.25,177.8302559608,98.0956345794,88.3833791238,124.4050802251,47.7014869189,168.967005919,128.7049878663,143.28,23.6571229557
2020-03-16,58.5308302871,128.6257599473,107.5075533204,203.2843045288,74.6077079615,134.2422393766,26.2935238717,53.4253662847,84.4575,142.6308116074,93.3056575074,82.8572003609,112.6315186537,43.3546146455,144.8841469006,137.0406298634,141.64,22.8984397122
2020-03-17,61.1044372503,139.2163464443,115.5074074415,220.6100819945,79.1672555282,137.7228509109,28.0621807399,54.1842057771,90.392,150.1358761367,101.6816676836,88.8801142935,109.7422500078,47.7445465749,148.2678530915,127.902358346,143.56,23.3036455354
2020-03-18,59.6086037196,133.3559053065,114.1289970591,196.0757693789,70.8334158091,121.534969336,25.249101497,42.1960748059,91.5,134.5637318772,101.0022993018,88.8091521264,99.5923408455,45.3504297012,145.8268216459,120.6870533877,140.7,23.6571229557
2020-03-19,59.1518791036,135.5500088767,107.4399012771,198.5508804454,72.0239643404,129.7547676478,26.2477827458,43.9896954244,94.0465,139.3192451158,95.3093642539,91.372660413,99.0511233758,44.5882737899,151.9492460441,123.9728179863,138.04,24.2175139878
2020-03-20,55.3965878165,130.4589287311,101.3850434011,186.6179544642,70.5041151515,120.1375168247,24.9594076996,45.5227045,92.3045,131.5547889553,88.0857004468,84.7110869764,93.6722543693,41.2834451918,148.5754627452,133.2950254354,140.11,24.1485427839
2020-03-23,54.2197365572,129.1576638431,93.9856011644,176.0219497889,66.7298229991,117.1516555583,23.9759734928,41.5598760396,95.1415,140.4086899668,84.0180897555,81.4734381024,86.4782252338,39.1110855465,146.9580313402,138.7880212148,146.3,24.1140571819
2020-03-24,59.6593508992,140.8975426864,100.7846315168,198.5508804454,74.6668132078,133.3221774747,27.0177583651,51.0108769907,97.005,159.7160737156,88.8080668275,89.8913251747,99.5090766194,44.4655537703,159.7387163075,136.2045574464,153.4,23.8381723661
2020-03-25,59.3307024982,139.5487863791,100.9706746359,211.8207277327,77.4532033874,134.6501913519,28.4281097471,53.0957693335,94.292,157.1567429545,86.7871608815,92.8451253803,107.9520691465,45.2707693376,155.0054967971,135.8952106521,151.3,23.6140159532
2020-03-26,62.4528623071,148.2777092407,107.0339890173,230.700224554,82.848668008,143.9028893459,29.5945084575,58.5456165972,97.7745,168.7861344198,92.3425023331,98.0164933078,114.4050466697,49.7554325102,162.0805188326,136.5640685857,153.24,23.2346743315
2020-03-27,59.8671726821,142.1893092905,104.1503206713,219.0111963785,76.9465869911,137.4364165452,28.1689100336,52.7201821099,95.005,164.7569177485,94.741790669,93.5281362386,109.3009496094,49.9384360482,155.5810245363,140.2093443236,152.25,23.0450035206
2020-03-30,61.5756610605,152.1910021885,112.4799785035,226.9875579542,78.9477217565,138.5474346908,28.5882036877,55.1500014948,98.1975,169.5556629257,98.8953973581,99.0897960852,109.7006178947,52.9655298651,164.6703936591,139.0555643882,152.92,23.1484603265
2020-03-31,61.4500013778,149.7974346573,110.8901554858,225.2712400613,76.0177902646,134.1814805717,28.9465091739,55.5409188091,97.486,161.4367048692,94.5955974729,102.9306233795,111.3992081073,51.8050721359,165.5138394838,137.9268666253,148.05,23.1312175256
2020-04-01,58.2166810804,144.4783956992,108.9282462299,214.3771380678,71.2302653195,126.1092393574,28.6110742507,52.5515511116,95.385,154.4504236023,94.0194242883,98.7704663332,108.0020276822,46.9845436465,158.3693572039,139.8565359769,149.45,23.277781334
2020-04-02,59.188127089,147.4703551131,112.5983695793,217.1955127129,73.8900014001,130.1366801353,30.7990247729,58.3463254174,95.9415,156.7676555077,98.3794213718,103.5515423416,110.5832186915,48.7542955081,156.9702294241,140.7440355467,151.9,23.3984809409
2020-04-03,58.3375076983,146.1121005221,113.4609331314,207.3041016989,71.7284381092,127.5327313565,29.8918257759,57.5721558342,95.3295,154.5109483162,98.9641941562,101.7153962679,106.1202561722,47.7187107813,152.9911497099,141.0789410447,152.65,23.5278019483
2020-04-06,63.4267248481,156.9781372507,118.1881196575,224.3317818463,76.3453429298,137.3409384233,30.8523894198,61.6192997938,99.8795,165.4313359896,101.3118848935,106.8246722991,111.5740629821,50.489599645,164.2734779768,140.7105449969,156.88,23.5364233488
2020-04-07,62.6920990107,155.2874427248,116.2600364233,224.0607842843,77.35235729,144.102525419,31.4394005355,62.0255471989,100.58,166.2613892095,96.9776866093,108.1463426614,112.6065393858,49.1935039994,167.528186571,139.2369608056,156.04,23.3208883364
2020-04-08,64.2966764977,156.8451612768,121.1478965522,241.937590126,80.4758086104,153.5982586323,33.4291395122,65.9040601601,102.15,168.4489252992,98.9813933558,113.0072511078,115.9454348527,50.2721483822,172.9361627412,138.223871674,154.65,23.4071023414
2020-04-09,64.7606507107,156.8546595606,119.4312259533,238.595286861,87.6955895313,159.9345339941,32.8802460014,64.623997582,102.138,174.2506514503,98.6030109659,110.9049969074,119.4258795039,52.8083621207,173.8391459182,138.4750507975,158.69,23.2346743315
2020-04-13,66.031746732,157.2060960632,118.1965761629,238.0352252328,83.7955423908,155.5251807286,32.598175725,65.0839003047,108.4435,171.8815412187,99.7123593362,101.2452719108,114.8546734907,50.855606721,173.442230236,137.2107825425,161.41,23.2001887295
2020-04-14,69.3665613886,164.9851905394,123.4903485517,244.3494684281,81.4998910105,154.7005969487,32.3465995325,64.8539489433,114.166,179.1272141168,104.0207588211,103.3209152985,117.0611754825,52.1839971087,176.7961677507,137.1772919927,162.68,23.0708677221
2020-04-15,68.7334299103,163.2565028781,124.8687589341,254.4486442396,77.48036759,154.9523119973,30.8600129408,63.2289593232,115.384,171.6135031998,104.2443484152,98.9301312092,112.2734824814,51.0730579838,175.6054207041,140.8110166463,161.85,23.243295732
2020-04-16,69.2795662236,168.1576173466,126.5685165222,269.5793414528,74.5275966696,153.6676972664,29.84608465,61.3126979787,120.4095,172.7980583156,104.4851372087,100.4292069892,110.1835504062,51.1290355366,174.8909724761,142.4101903994,161.71,23.3467525379
2020-04-17,68.3395351356,169.6393496278,128.5557952943,262.4701720756,81.2268023705,159.2661871409,32.9488576902,66.8162005601,118.75,181.0726513508,107.2284095354,104.074888324,115.1710775499,53.0193544351,177.8579172007,140.5012290606,158.57,23.2864027345
2020-04-20,66.9210306404,166.2769571436,128.2598176049,254.8641738347,78.2654974301,156.5841198987,31.3936594096,64.056784224,119.6805,178.1588186937,103.7111732294,102.5535872909,112.9895548259,51.157024313,176.8656279951,141.6315351165,159.7,23.3639953389
2020-04-21,64.8524789404,159.4001996334,126.5769730276,247.682738441,75.9954481098,150.8641124146,31.225941948,62.5774304661,116.406,173.4551837813,102.9200100505,98.3028932278,109.90877846,50.6855210798,169.4829963059,143.4149068935,158.61,23.3984809409
2020-04-22,66.7204584546,164.8142214301,129.3760763194,250.2391487761,76.2429346898,152.7476353646,32.117893903,64.7236431719,118.1745,176.5332978049,102.679221257,99.0098507667,110.7663999889,53.2152758699,180.8744763855,141.9496953396,161.73,23.4674521448
2020-04-23,66.4618894921,162.8195818208,131.5071156836,257.7457812443,76.2856047898,151.9404112432,33.1241986728,66.5325938811,119.9725,174.9337160791,103.3591916108,101.0412350874,112.1402597196,51.9170272415,183.7025006213,142.7032327102,163.34,23.4760735453
2020-04-24,68.3806161857,165.792544667,130.9574428317,263.1295994766,77.41209543,153.6329779494,33.3376572604,66.6935598341,120.511,183.4590543578,102.8224855907,102.0524528329,112.8396792189,51.6069977183,188.6044092966,143.0381382082,162.64,23.4243451424
2020-04-27,68.4289468329,165.3176304743,130.4754220232,265.5595442828,80.7488972504,159.3095862872,33.497751201,68.7631220861,118.8,188.2837386981,101.6711646121,103.0905170673,116.4699994772,52.4466610103,186.0542260384,140.3756394989,161.56,23.3639953389
2020-04-28,67.3197584798,161.2903581203,128.0230354533,260.4828566208,81.3206765905,162.3214870413,34.2829738623,68.9164229937,115.704,188.1713356579,101.1863978843,103.323186637,118.868009189,51.5208784063,181.499618585,141.9915585268,160.84,23.3381311374
2020-04-29,69.530885589,168.5280504169,127.0505373308,259.841495724,83.5139197308,164.9427954786,36.1812305872,72.5266593667,118.6355,191.7855257192,101.3508723098,107.439648256,121.6989928766,50.6230845786,192.6926408235,141.2547664312,161.73,23.243295732
2020-04-30,70.9977207314,170.2187449429,126.8814072225,264.1955232205,81.7217755305,159.205428336,35.4265020098,70.5184174777,123.7,190.0735409533,102.034739658,104.1464789608,118.1519368445,49.7597384758,203.1315232657,139.6053568534,158.8,23.0967319236
2020-05-01,69.8547009252,165.8115412347,125.4015187751,257.0050545748,79.5797365103,153.719776242,32.8878695224,68.5561658609,114.302,188.9840961023,101.1258020433,99.2246226772,114.2801503306,48.8834744761,200.7103376042,140.7994682675,159.78,23.1225961251
2020-05-04,70.8430626604,169.8673084403,125.3846057643,259.7421299512,78.6324602901,152.7910345109,34.2143621735,70.0891749365,115.7995,191.8114648824,100.2168644287,96.3967925216,112.5732336954,49.5379812474,203.6772823288,140.1371784197,160.34,23.2519171325
2020-05-05,71.9063368987,171.6909789402,126.4247559302,264.7104185884,78.5129840101,154.7613557535,34.1762445685,71.2006065163,115.89,195.0711530477,100.4246215977,97.4617032447,112.2984617492,49.5401342302,205.4733257908,139.2401529297,161.02,23.2691599335
2020-05-06,72.6482123332,173.3816734662,125.2239321615,260.8532199555,77.0365985499,153.5635393153,33.5358688059,69.023733629,117.563,193.6099135253,97.9055659228,96.3520483735,110.7747264115,47.9383150269,206.8625306785,136.9933974968,158.95,23.3812381399
2020-05-07,73.3997538971,174.3884915546,124.8095633962,257.4476839261,77.83879643,158.2506471171,33.7264568305,71.0089803819,118.3805,198.391365927,97.1005068927,96.0119928485,110.5665658462,48.3301578965,209.631017562,139.2820700087,161.39,23.3122669359
2020-05-08,75.1420737285,175.4143062108,125.7482354971,259.2543343396,79.1103654102,160.9153547008,35.2054199013,73.1781882239,118.9805,202.6972670049,100.3726823055,100.3253287188,113.9970519618,49.4604738666,210.712612796,137.4712521971,160.42,23.3036455354
2020-05-11,76.3244595661,177.3709526847,126.094952219,260.780953939,76.7805779499,158.9797527752,34.869984978,71.5685286945,120.45,204.5389475864,99.818663188,97.1932383565,111.8072028152,48.9545229085,211.5362128366,136.3981749754,159.42,23.3898595404
2020-05-12,75.4522077187,173.3531786146,124.4290206526,259.8866619843,74.2715760696,153.8152543639,34.2982209043,69.8285633937,117.8475,201.3743696858,99.1607654859,93.9627108686,106.2368260887,49.0729369625,208.4799620836,137.798205413,160.04,23.3467525379
2020-05-13,74.5411891226,170.731652271,124.4205641472,251.1244074788,71.7113700692,149.1194667328,32.5957480171,67.9889525029,118.396,198.953381128,98.6154029171,93.4973717291,102.3900188426,49.5444401958,203.5185160559,138.7622982294,161.58,23.3898595404
2020-05-14,74.9991213424,171.4725184115,124.8518459233,262.515338336,74.6897430496,151.4196214874,32.8833804227,69.023733629,119.4425,202.7404989434,98.5201808813,95.0276215918,106.5365773027,49.9987195666,205.2153305973,140.1204115881,163.01,23.4157237419
2020-05-15,74.5557266533,173.9705670651,127.219667439,262.8315021583,73.3072318094,149.1802255376,32.6501649587,68.3415445903,120.489,206.9339969811,99.2127047782,96.5757691137,105.1613707952,49.0557131001,209.2539476639,139.7599247089,163.93,23.4329665429
2020-05-18,76.3123449571,175.6327667395,127.2873194823,264.9994826546,77.1902109099,157.8687346296,35.2466304578,71.9287858272,121.313,212.1391223805,100.597752572,102.9294381343,114.0750568773,50.6919800282,211.5461357287,136.6915945282,162.69,23.243295732
2020-05-19,75.8713731898,174.4169864062,126.0188436703,261.1061510134,75.6711553497,154.3534037782,34.1582916259,69.651623834,122.4665,205.8704912932,97.3342337079,100.29848223,110.6454260141,49.6262535422,215.2076828971,137.2029828916,164.26,23.226052931
2020-05-20,77.3469325649,176.8295505051,124.8856719449,260.1486262943,77.94120467,157.486822142,35.2699520042,72.2785206044,124.897,205.9483087826,98.0613837996,103.529009718,114.0666714718,50.1192866034,228.1967485976,137.6137702656,164.65,23.1484603265
2020-05-21,76.7702771769,174.7056148289,124.0653909198,259.173035071,76.9512583499,156.3237250208,34.6402702515,71.5324197465,122.337,208.2741870756,96.6243967136,102.0703504921,115.4586487903,49.2817762942,229.6057992695,137.9574903131,162.25,23.2001887295
2020-05-22,77.2645532238,174.7818098308,122.9406756999,261.9101104474,76.3538769498,156.1761679233,34.6713656467,70.1645681738,121.844,209.1388258463,97.4727384872,100.6474865847,116.7080742148,50.3475027802,233.098657273,138.7874484768,163.21,23.2691599335
2020-05-26,76.7412021153,172.9340810363,123.1024733613,266.3815702209,81.7729796505,170.176732524,35.6897398394,72.5116771224,121.093,209.6576091087,96.9793152107,105.0682084103,121.5380678021,50.446539989,230.409553526,136.9263301704,160.89,23.0967319236
2020-05-27,77.0755653235,173.1626660418,123.3834903522,274.4030980569,86.5093607511,181.9813003213,35.9462768498,72.9779901586,120.5195,213.8770463095,98.589433271,109.5515720432,124.5987408218,51.9148742587,227.373148557,136.6748276966,161.18,23.0881105231
2020-05-28,77.1094862287,172.7721666574,125.1547489617,274.5837630983,85.220723731,174.6555244236,35.0134149939,70.623109326,120.055,211.9575482386,100.4679043413,108.0481686693,123.7350440518,54.1173756632,223.7215242806,136.1718227489,161.72,22.9674109162
2020-05-29,77.0343756529,174.5341760748,126.6705375795,275.3786892802,83.0445486307,171.6349438402,35.3476904922,71.2681756927,122.1185,214.8454417326,100.3467126593,107.5022900633,122.3011397056,55.0216284392,223.3543772746,137.1442989811,162.91,22.9329253142
2020-06-01,77.981738076,174.1341523152,125.3420936224,276.3542805035,84.1454372108,174.6398001016,35.977372245,72.1153110417,123.552,213.8165215955,101.4980336379,107.8333967587,122.5778580882,55.3424228764,230.1217896564,136.2222816903,163.66,22.8036043068
2020-06-02,78.342753424,176.1152223629,126.2447542599,276.6975440821,84.4270598709,178.317255003,36.7780786714,73.5919689895,123.6205,218.5028637325,102.1992140835,110.3569667078,124.397491089,55.5480763156,230.9255439128,135.7270195126,162.6,22.7777401053
2020-06-03,78.7740335041,176.5438192482,126.5853809156,275.8303518836,88.9842265515,183.9338903986,38.2784314897,75.5271680896,123.92,218.3212895907,102.6060718729,113.7306754694,128.5901938557,56.1931786828,228.3852835467,133.9222505599,159.6,22.6397976974
2020-06-04,78.0956154006,174.2198716923,124.9503729683,269.2631776305,90.8361088917,187.6462854891,38.1695976065,74.8276985353,123.03,216.5381874247,100.4592477926,115.4041066058,130.7368576723,54.5284682118,224.5451243212,131.9831732201,161.28,22.5535836925
2020-06-05,80.3198576113,178.2963042904,125.4357659527,281.7019657275,94.9239044722,190.3541501433,41.2635894288,78.3483619583,124.15,221.7135327357,102.4329408987,120.9165856435,135.3152890936,55.0674966998,228.990579962,131.0430145099,158.01,22.5966906949
2020-06-08,80.7947502838,179.4011318169,124.9844356339,279.5610849875,96.8184569125,192.8785788048,42.5540483296,80.2369297548,126.203,223.3400698334,103.0562124059,123.2432813412,136.6150269513,56.3880082568,229.6157221615,131.5466709618,159.72,22.5363408915
2020-06-09,83.3460869373,180.7726418499,124.2946666562,279.3171871817,94.3350570922,190.5113809942,41.605638776,78.9079376017,130.043,223.3313717741,102.4415974474,120.0843444901,132.5732614841,55.9961843358,236.8296646858,133.0408517691,161.26,22.4673696875
2020-06-10,85.4903727288,187.4778020113,125.8615492723,276.1916819663,90.5118161317,186.5107293438,39.3745441705,75.838043447,132.3725,221.3221200651,103.2120302827,118.5182993089,129.2358700818,55.5892070035,234.904623627,135.0135062057,163.57,22.3552914811
2020-06-11,81.3859432026,177.410537394,119.9601924627,256.3004609135,82.9592084307,169.5734726841,35.899633757,69.4573267356,127.898,208.2924271644,100.6410353155,108.7730238674,120.2802569721,53.757809008,222.6994663989,137.565365562,162.39,22.5794478939
2020-06-12,82.088590524,178.8106205527,121.0501977608,257.5831827071,85.229257751,176.2557838469,36.6692447882,71.8044356843,127.251,210.8844488496,100.087016198,110.2048366044,121.1774953641,53.4504112357,226.8174666019,136.2390702386,162.62,22.6397976974
2020-06-15,83.1037947575,179.9535455802,120.2837877856,258.6039401907,86.4069525111,180.2127602609,36.6459232418,70.9028971477,128.634,209.9363603809,101.0132669101,110.6164827663,122.9552013372,53.8097635611,230.7072402876,136.3146187064,162.33,22.544962292
2020-06-16,85.3062306721,184.3633313113,123.0173166974,264.6742855801,87.0982081312,183.077855766,37.4699512146,73.0790246498,130.7635,217.4079933593,102.2598099245,116.4332220106,125.0347819095,53.7231726393,233.8329512851,134.2244444311,162.25,22.6139334959
2020-06-17,85.187507504,185.0014644517,122.6426273761,264.3129554974,84.8964309709,180.1079396936,36.249456953,71.1438255497,132.049,218.1908187005,102.0866789503,114.7508420446,124.3891056835,53.902848802,233.7138765804,134.7784665281,162.56,22.6311762969
2020-06-18,85.2214284092,186.9825344994,122.1231717262,263.3012312659,84.4355938909,178.0552035848,36.4748985682,71.4547009071,132.699,216.7643369677,103.2553130263,114.1781169497,124.2968662226,53.8876953907,234.1207151547,136.2054931419,162.24,22.7173903018
2020-06-19,84.7344211277,185.8681825976,122.4808297147,264.2135897247,83.4712496308,176.1247581378,35.744156781,70.4365841115,133.7505,214.5376337751,102.9436772727,114.0617821649,121.89864024,52.4329679049,236.9487393905,136.3146187064,164.03,22.7432545033
2020-06-22,86.9513945731,191.0303939718,122.1061403934,265.5108889738,82.5666435106,177.6883315994,36.0862061282,71.1826849694,135.691,216.720846671,101.9308610735,112.5673276206,121.5380678021,53.4785532853,237.3754237488,136.3314072548,165.09,22.6225548964
2020-06-23,88.8073526705,192.3066602525,121.6548100747,269.9833961752,83.5736578708,178.8762980283,36.3038738946,71.0661067103,138.2205,217.7211234958,101.9135479761,112.9789737825,121.4709845578,52.6494452094,240.3721371496,135.3996428188,166.48,22.544962292
2020-06-24,87.2397222671,188.4302395342,119.0660474915,262.3447530442,80.7830333304,172.9714060727,34.5936271587,68.1127908147,136.72,214.085334689,100.7795400949,109.2294141773,116.0120855555,52.3160701605,232.21551988,136.8518522551,165.9,22.6484190979
2020-06-25,88.3978788866,190.8113333415,118.9383124957,268.7314570397,83.5992599308,180.9028289954,35.1144750282,69.3329765926,137.729,213.4329802381,102.0520527554,111.6008540231,119.4584872298,51.7727121264,233.8627199612,137.2463831424,165.8,22.6829046999
2020-06-26,85.6817835508,186.9920588746,117.3543985468,260.2581878184,79.0164911902,165.2583593319,33.9095284643,67.1957085102,134.6435,209.6319283038,99.7494107983,109.5247255544,115.8946898781,51.1362688514,214.4138515327,138.7153811272,166.54,22.7173903018
2020-06-29,87.6564648164,189.001702048,118.401825513,262.870930362,79.3663860102,168.9969595641,34.4536978803,68.1361064665,134.019,214.0766366297,101.8529521351,112.0840908218,120.1125488614,51.5735530064,218.9386903099,138.2788788688,166.63,22.7260117023
2020-06-30,88.3881871994,193.8305602892,119.7558164693,267.5793101542,80.2709921303,172.6220041819,34.7646518323,69.3485203605,137.941,217.8950846827,103.5063529389,113.2026945226,121.2445786084,51.9913542039,225.3191099015,137.607336933,167.37,22.6915261004
2020-07-01,88.2210055954,194.9639609414,119.5429248095,270.1013324706,79.5882705303,172.5783289455,33.9794931035,68.0972470468,143.935,215.842342677,103.8612714361,112.8089460199,120.8420791428,53.3097009879,235.7183007756,137.3401102504,166.62,22.6397976974
2020-07-02,88.2210055954,196.4497634772,120.0453491266,270.5821496748,79.8442911303,172.4298331419,34.2671255091,68.6335070384,144.515,216.1467747541,104.6403608201,114.2944517346,121.6051510463,53.3400078105,231.6201463567,137.4829802709,166.98,22.6570404984
2020-07-06,90.5809314268,200.6785860789,121.7569980714,274.7099200128,81.8606481478,181.1299402244,34.5081148219,68.8355760207,152.852,217.0600709855,105.2896019734,115.8247015973,123.4499402637,53.461235101,238.4272503067,136.9199043079,167.98,22.5363408915
2020-07-07,90.2998724982,198.3451141478,121.6462944083,269.1215540167,79.551316179,174.1419024071,33.6141222099,67.0791302512,150.006,215.1464979293,105.8003383473,113.8291125951,121.5632240187,53.4092805479,239.0027780459,138.8444475246,169.04,22.5880692944
2020-07-08,92.4029686191,202.7072780028,122.0039523967,270.672869902,80.3957733915,176.6663310686,33.5363837219,67.1102177869,154.0555,216.7295447303,106.380327111,114.6613537485,122.0831191618,54.8272068919,241.701804685,138.2897756805,170.09,22.4673696875
2020-07-09,92.800327794,204.1264099119,121.3397304182,264.1410135429,78.6551575046,171.9319354474,32.1526386356,64.3045676861,159.1315,215.6770795494,106.0254086138,112.5136346429,118.5444780266,54.5501159422,242.6147107541,140.4916548193,169.63,22.544962292
2020-07-10,92.9626635545,203.507325522,121.2375424215,264.204517702,82.9549957599,179.5576317155,33.1554651307,66.2397667861,160.0,217.5471623089,107.2459819821,114.5539677932,119.4501018242,56.1975082289,243.1803156012,139.7857088359,169.19,22.51047669
2020-07-13,92.5338063962,197.2212378707,123.6559916768,271.8975929693,84.1441293856,182.4576674097,33.1632389795,66.371888813,155.2,217.1209574009,107.3844867615,116.8448681725,120.3221839997,55.470144486,237.1571201236,140.2479353726,169.4,22.475991088
2020-07-14,94.0650929727,198.4403579001,125.963737269,279.8900449865,84.6266763642,186.9387466601,34.2593516603,68.6645945741,154.2,224.2272718868,108.2847678274,122.4915796542,124.1878559507,56.836116277,237.8814912437,140.449634225,170.19,22.4328840855
2020-07-15,94.7120130928,198.145102268,126.2532699263,275.8529948756,85.9364467346,189.4631753216,34.6946871931,69.0842763067,150.4435,224.2359699461,107.7740314535,123.816006436,127.39946627,56.0676218462,238.4272503067,139.7941129547,170.34,22.3725342821
2020-07-16,93.5465877079,194.2210596735,127.0963208991,278.6471778737,86.1777202238,187.51525978,34.4226024851,68.6723664581,149.995,224.4795156078,107.99910172,123.9949830281,128.3637879063,58.0981789618,239.0722382903,140.4580383439,168.73,22.4501268865
2020-07-17,93.3575998076,193.2305246497,127.181477563,278.084712465,84.5835918125,184.6676343694,33.8317899763,67.7630560376,148.0985,226.4800692574,108.7522214578,123.4312067629,129.9737857687,59.6135200927,240.1637564164,140.1638941841,170.12,22.3552914811
2020-07-20,95.3250123078,201.5357798496,127.3943692228,275.2996014897,83.842537524,184.9296857876,33.0388573987,66.2708543219,159.842,226.2974100112,108.4146160581,121.3845388348,128.6237354779,59.3862189231,243.5276168232,140.508463057,170.94,22.3208058791
2020-07-21,94.0093657713,198.8213329092,127.5135885523,276.7964852386,85.6607056039,185.200472253,34.7102348907,71.0272472907,156.9145,228.2544733641,108.26745473,122.5025424607,129.7725360359,59.8191735319,239.8859154388,140.5925042455,173.0,22.1828634712
2020-07-22,94.2734642473,201.678645478,127.7435115449,278.248008874,85.0402880601,179.9419737955,33.9017546155,70.7552313529,154.9955,230.6464396843,109.1937054421,123.5033360291,129.6467549529,60.704565707,238.0204117324,141.012710188,175.63,22.1225136678
2020-07-23,89.9824697427,192.9066958919,127.4028848892,274.8550723763,85.2901784597,177.3389297085,33.9717192547,70.7319157011,149.3275,229.4635036132,109.8954918461,123.1607220147,128.908839266,60.8236282245,230.8064692082,142.6599174826,177.18,22.0794066653
2020-07-24,89.7595609372,191.7256733635,126.1340505968,272.8773714232,84.6869947365,175.9849973814,33.7618253371,70.0479899147,150.4455,230.7682125151,109.7212757842,124.0443055255,125.3031148866,60.6677645653,228.9310426097,142.6515133638,178.7,21.9845712599
2020-07-27,91.8868862761,194.1543890469,125.333577956,270.8905984473,83.4978611108,177.3389297085,34.2593516603,70.7552313529,152.7605,232.6035030372,110.0348646956,126.1270380867,126.4183738226,60.1005940277,231.6995294932,142.1220538762,182.23,21.8207646505
2020-07-28,90.3774059958,192.41142838,125.0355296323,272.0971774692,83.8597713447,176.1160230905,33.8551115227,69.2552577533,150.0165,230.7421183371,111.3937499785,124.4500326478,127.4665495142,60.6223043314,228.3455919784,143.1053357817,183.75,21.8552502524
2020-07-29,92.1097950815,194.3544009268,124.7885753069,278.2207928058,85.8933621829,176.9545876286,34.2282562651,70.0013586111,151.6765,230.2028386576,111.7683145115,126.7040722161,129.6215987363,60.9253725576,231.49114876,142.861616335,185.13,21.7517934465
2020-07-30,93.2243391087,194.2020109231,125.0440452987,276.9053495113,83.6012640348,174.2903982107,32.5491049243,67.0480427155,152.594,231.6380184498,114.4773742741,123.2779320723,125.0767089372,61.1202021315,232.6918186987,143.8028776463,183.76,21.6655794416
2020-07-31,102.983868112,195.2592165735,124.1243533283,274.6827039446,83.2738214422,172.9189957891,32.7123557491,65.2371937584,158.234,230.9247775834,114.2160501812,119.806711137,125.2528024534,60.7651793523,251.7140027689,143.7104323389,185.43,21.794900449
2020-08-03,105.5788173579,206.2408212128,125.4783442846,275.4356818305,82.8085082843,174.1681075489,32.8445111787,65.9133476608,155.5945,231.5249436783,114.3641338338,118.8149337269,124.5484283886,60.0919349355,250.0171882274,142.9877957755,185.64,21.794900449
2020-08-04,106.2838876012,203.1453992633,125.3676406215,276.2430918527,82.334578216,176.1334931851,33.7929207323,67.2190241621,156.9415,232.9949157078,116.5418346076,118.5805136118,123.5421797246,61.7068556265,247.9036122196,144.3507862383,189.59,21.7173078445
2020-08-05,106.6691321671,202.8120461303,126.3724892558,283.4734939612,83.7649853311,178.6491867993,34.0883269867,67.7708279215,160.2515,232.6556913933,116.2369564993,121.6910882161,126.4686862558,61.4319294499,247.1990868837,143.088758032,191.35,21.6224724391
2020-08-06,110.3907400492,206.0598580834,125.6486576125,284.9159455739,83.790836062,178.413340523,33.9250761619,67.9806687878,161.25,234.2996246097,115.6010678733,121.1681510363,127.9445176297,61.2219464646,263.2344804452,143.8880425626,193.89,21.6224724391
2020-08-07,107.8854389098,202.3739248697,126.5428025836,287.610336322,85.634854873,181.9248295261,33.7695991859,67.4599525641,158.373,236.2740840813,116.3327753333,121.6460074248,130.0660252296,62.2978386676,266.3701143347,142.9289011258,190.81,21.7517934465
2020-08-10,109.4535341632,198.3451141478,126.0574095993,289.4882450252,86.7205855747,182.8944197733,34.6014010075,69.7371145573,157.408,238.9617844193,116.8118695035,128.0474797989,133.6885204201,61.4016226273,260.9720610565,142.2894735013,190.15,21.7862790485
2020-08-11,106.1984014468,193.7067434112,125.1547489617,286.2676769593,89.4607630601,184.3619077149,34.9589980523,69.651623834,154.0335,239.1270475469,116.0540296343,128.5073038708,134.4012798904,60.1352303964,254.1550342145,140.5941489441,179.94,21.8207646505
2020-08-12,109.7278294629,199.2404054193,127.4454632212,292.3640762278,88.7024749509,185.296557773,34.9512242035,70.506531067,158.112,244.9199550715,117.9965387244,128.5433685039,134.2251863742,61.6072760665,257.8860416273,139.3195004558,179.1,21.7517934465
2020-08-13,111.6697430894,198.7737110331,126.0318626001,291.6836745237,88.211311062,182.0296500934,34.095081719,69.8070615127,158.051,244.9895395462,118.2752844235,126.830298432,134.0658636691,61.5661453787,259.2851694071,137.8303071723,183.33,21.743172046
2020-08-14,111.570220016,198.9641985377,126.2362385935,293.6613754769,88.2457787034,181.662778108,34.2456993783,70.2189713613,157.401,244.0240549588,117.682949813,126.1901511946,135.1621375574,60.7218838914,259.2256320548,137.2918418043,182.54,21.708686444
2020-08-17,111.278932972,200.2785623193,126.8749135729,290.7674002289,85.9192129139,177.3826049449,33.8017736456,70.5453904866,159.1205,250.7128625961,118.0313819368,125.0721475687,133.8803403957,61.2609123794,259.1462489183,137.6367961807,186.5,21.6138510386
2020-08-18,112.2061967287,201.431011722,127.811636876,287.4107518221,84.7214623778,175.8452366251,33.6353014959,69.1075919585,165.6245,247.8946913679,118.9111730494,124.7565820291,132.7166034988,61.2739010177,260.3171501809,138.6211781816,188.18,21.4931514317
2020-08-19,112.3469854666,200.2118916927,128.0671068678,286.1315966185,84.9196513155,177.3389297085,33.2627209702,68.1296915359,163.024,246.0333066678,118.2665736204,124.4410164895,132.2696610674,61.1202021315,260.5652224823,137.7545854799,182.24,21.6655794416
2020-08-20,114.8399170845,204.8710906982,128.9442205061,284.2536879152,83.9028558964,176.3169291778,32.7553772757,66.8836571265,164.8685,244.1371297303,119.2073403546,123.9541439428,131.696225495,61.0704123515,266.9357191818,138.9997866435,183.5,21.6052296381
2020-08-21,120.7578988612,203.3816746227,130.0853198027,284.9885217556,83.8597713447,176.8235619195,32.5096326737,67.0965870573,164.236,246.3551348636,119.7212777372,124.8106789787,132.8177980116,61.1353555428,264.9511407707,139.8327252597,182.03,21.708686444
2020-08-24,122.2021971209,204.0213597321,130.4259464583,280.1803497135,86.2208047755,181.1124701299,33.4688293461,68.7684813281,165.373,249.4168517535,120.6533336684,127.7409304176,134.3947458356,61.1829805498,269.297367491,139.6055601825,181.0,21.743172046
2020-08-25,121.1996842112,206.675575559,130.3487967036,283.2466933932,86.5999488301,179.9419737955,32.4065784858,67.9246478989,167.3245,248.877572074,121.1324278386,127.2630740291,138.7461098847,60.897230508,278.6546546992,138.5370429678,181.22,21.6655794416
2020-08-26,122.8478834016,211.1438237856,130.5545293829,280.1622056681,85.3849644733,181.0076495626,31.7169081511,66.8599982454,172.0925,253.9224464948,120.5488040313,127.8761727917,139.4038742177,60.3971679348,301.5666124551,138.0069911212,183.36,21.6397152401
2020-08-27,121.3793112216,216.3281374332,131.1374386408,282.7477321436,88.1940772414,183.5670184132,31.5028725299,66.9625200639,170.0,251.0520869106,120.3920095756,129.2646611658,139.9773097901,60.6742588844,290.9590408479,135.6596186575,181.24,21.6655794416
2020-08-28,121.182692467,218.5527140075,131.7032035088,285.1971782782,88.5559874753,181.4356668789,32.2559608265,67.5303332124,170.09,249.0167410236,120.8798145489,129.4990812809,141.9927671695,60.8200267898,291.3956480983,135.5586564009,184.39,21.4931514317
2020-08-31,125.2922671789,215.3256458439,131.5060430245,283.546070143,86.3328246098,180.0467943627,31.6614174345,66.1896632783,172.548,247.9294836053,120.4965392127,128.3089483888,139.6062632433,60.7373524554,290.9391950638,136.4589031881,184.83,21.4672872302
2020-09-01,130.2829851989,216.9869176204,129.8858981753,283.8000867792,86.2897400581,180.5653066324,31.2571279279,65.5193283112,174.956,248.7123089464,120.3658771663,131.6809915831,141.6470192508,60.2935218181,293.1619228842,138.0178613908,185.05,21.5103942327
2020-09-02,127.5837252582,221.1687396787,131.8660752132,290.5224556154,87.5908935182,184.5903679795,31.0668740425,65.6060775422,176.5725,251.112973326,122.3954942874,134.5841945471,145.4418134797,62.7150095598,300.1674846753,139.3318359042,182.62,21.5879868371
2020-09-03,117.369259583,207.4680212915,128.1971757663,286.8845745043,87.3151523876,182.4108587784,31.0034560807,64.8884248128,168.4,240.122408999,120.435563591,132.3211388205,140.2387289481,61.0462933892,288.8752335163,139.727712841,181.14,21.5966082376
2020-09-04,117.4469361281,204.556021913,127.3742450493,283.0471088934,89.2022557501,185.3813188992,30.979674345,64.6124045322,164.731,235.7768954982,120.1742394982,133.6014332953,140.5676111146,60.3348589853,280.5499270818,137.0744950735,181.64,21.6310938396
2020-09-08,109.5433476684,193.4904242749,126.2341431183,278.7378981009,86.1001680308,177.9463802537,30.2662222746,62.2780615881,157.492,235.4271559811,118.414657273,133.9079826766,138.5268551071,60.4632217677,269.0691409737,137.9167864282,181.29,21.743172046
2020-09-09,113.9126533279,201.7299503851,128.3257586908,283.0652529388,86.9187745123,177.7178833213,30.0838956344,63.1140087235,163.4305,242.22958959,120.339744757,137.6677206766,139.7749207646,61.4335573766,271.6094013399,137.5461782321,183.05,21.708686444
2020-09-10,110.1938887333,196.0778073292,125.9341162944,276.3338120799,86.0226158379,175.7756593962,29.3308073379,61.6313855022,158.7555,238.4349158287,119.0766783082,135.1161478852,138.5268551071,60.2456577298,266.0228131127,138.2452800566,182.46,21.7517934465
2020-09-11,108.7471630815,194.7984371105,126.6798972567,274.637343831,87.091112719,176.5753986595,29.2515348856,61.2686159906,155.811,241.608801947,120.3310339539,138.6955627198,140.3652220891,60.5154371368,264.5542250885,138.5400820308,182.45,21.708686444
2020-09-14,112.0047231899,196.115997485,127.16851237,281.0960766417,88.2974801653,176.9445090887,29.0612810002,60.9531642414,155.1485,245.3859887324,120.7578633055,138.407045655,142.068663054,61.3356535596,264.097772054,138.5316591172,183.89,21.6569580411
2020-09-15,112.1843502004,199.3335181097,127.6314108983,279.8753852501,85.5486857696,174.0092023421,28.7521184364,60.2118526307,157.8065,249.6965282815,120.7578633055,133.9801119428,141.9253041609,64.3336860016,270.3194253727,138.1947425753,183.45,21.6742008421
2020-09-16,108.8733874673,195.7722860829,127.2113733448,279.2286010053,85.9105960036,176.3644784142,29.9729142012,61.9547235451,153.905,246.2428505494,119.9477586177,136.2431676694,143.3588930919,60.9940780201,261.4880514434,137.7820198115,183.97,21.7000650435
2020-09-17,107.1353747716,193.7291127485,126.1569933636,277.8257168688,84.9282682258,171.2232974359,29.964986956,62.1361083009,150.4365,244.7826880653,119.790964162,138.7316273529,143.645610878,60.8134998687,252.8551353552,138.2031654889,182.96,21.6224724391
2020-09-18,103.7370259253,191.3231329342,127.8800045524,280.5950465929,84.7473131088,171.2496624666,29.4814249972,61.6787032646,147.7455,240.6120443231,119.6603021156,137.3972359284,142.2626192035,60.2478333702,250.5827930746,137.7735968979,183.2,21.6483366406
2020-09-21,106.8829260001,193.3758538075,124.382549005,272.5512369007,82.1277723681,170.493864921,28.87895436,60.1724211621,148.0235,238.1288937512,119.0853891113,131.0318281874,136.0813210484,60.0911872629,246.2365663543,138.4726987224,179.52,21.8035218495
2020-09-22,108.562681287,198.0350528131,123.6196236527,268.0601857361,81.2316136936,168.4022391555,28.1655022896,59.5651765448,156.4495,238.9682685924,120.1742394982,132.6727689931,137.1860278128,60.4958563734,252.7856751108,138.3632008463,178.65,21.8811144539
2020-09-23,104.008893833,191.5140837131,123.816784137,266.128942639,79.9132264129,163.5686502016,27.2617963338,56.7418833894,149.993,233.0576707522,118.7369569875,130.1752931514,133.9056390239,59.4624271934,247.0998579631,138.5485049443,174.79,22.0018140608
2020-09-24,105.0769463275,193.996443839,124.0139446213,266.602643776,79.8442911303,171.4693710554,27.2063056172,56.6235889834,150.9895,232.3144742783,119.2683159763,130.8605211802,133.8803403957,60.3827230737,247.6059254579,139.0791484978,175.44,21.9673284589
2020-09-25,109.0190309892,198.4169543709,124.8625919232,275.5665268306,80.5422608671,171.3287575585,27.4599774645,56.6472478646,154.7565,234.8063683381,119.878072193,131.5547653672,136.1825155612,61.3138971558,252.8551353552,139.0791484978,174.94,22.0276782623
2020-09-28,111.6211952487,199.9636556801,126.1055601938,276.2315303499,82.8602097463,174.9495551022,27.9911028946,58.303369548,158.7025,238.1114067753,120.2177935137,133.1506253816,138.8388715214,61.8186457237,254.8397137663,138.6832715611,176.7,21.9587070584
2020-09-29,110.7764628212,197.8822921899,126.0626992189,277.069616977,82.1622400094,172.9458127722,27.1745966363,56.7024519208,157.244,237.9190500409,119.5644832815,132.9071891083,138.7292441326,61.596730405,259.7713911178,138.8433069185,178.19,21.8552502524
2020-09-30,112.4465085399,200.8133866463,127.6228387034,284.0111605619,82.9549957599,176.6193403772,27.2142328624,56.7813148581,157.4365,242.8154032812,121.071452217,134.4760006478,138.8135728932,60.3870743544,259.8805429304,137.512486578,177.12,21.8552502524
2020-10-01,113.3980462169,202.8470124417,126.2855762881,285.1954134045,83.5581794831,174.4925612375,26.2629634353,55.5352804487,161.063,242.7367118898,121.2892222943,132.2760580291,138.0293154193,61.5184073514,264.5740708726,137.7391134899,178.7,21.8207646505
2020-10-02,109.737539031,196.8607055227,125.3597792315,284.2024629442,84.3509352336,175.6789876171,26.1440547569,56.1425250659,156.25,244.2143613499,120.3136123477,135.1882771514,139.6568604997,61.1724805312,257.9356560876,137.2247840382,178.54,21.8724930534
2020-10-05,113.1164687411,200.861124341,127.0656460304,289.8231091278,86.1174018515,177.3487728921,26.7465253941,57.3333554192,159.96,246.6537944821,121.4198843408,138.3890133385,142.2794849556,62.6388621465,262.6093382457,134.5435255851,179.41,21.777657648
2020-10-06,109.8734729849,196.5933744323,125.3769236214,286.4525433451,85.2304899988,176.7248004999,26.4690718111,57.01790367,154.998,241.731210778,121.6115220089,136.6218463169,140.7362686359,63.1544889163,256.6655259045,135.2686457957,177.3,21.8380074515
2020-10-07,111.7377100663,200.336009699,126.7656192064,294.3961470276,86.7173716342,178.9306747316,26.5562715086,58.185075142,159.7845,247.2570951492,122.5609995462,139.5430815975,144.6659888818,64.6426269354,256.1296897335,134.2821450441,177.22,21.81214325
2020-10-08,111.6309048168,201.0520751199,127.6314108983,293.7038145965,88.4998905538,182.7799692076,27.9514666685,59.3207014392,159.5275,248.769718561,123.3885258402,141.2471355111,146.5465202441,65.4954779639,261.7262008527,135.0072652546,177.85,21.8035218495
2020-10-09,113.5728184433,206.0454379886,129.4144274519,298.6503476236,87.9955681278,182.3932820913,27.5392499167,58.3585736041,164.3325,249.9938068711,124.4947978333,143.3028195975,147.052492808,65.9023227147,262.4108804046,134.9819703636,181.08,21.6742008421
2020-10-12,120.7870275656,211.3825122593,130.1602084143,300.590700358,89.0737746937,188.1760121489,27.4520502192,58.7607745844,172.1465,250.8594121761,125.8623939192,146.6117496838,147.8789146623,66.5027994593,273.6237484271,135.4119835117,180.56,21.6483366406
2020-10-13,117.5828700819,212.7764529453,127.177084565,301.9115977593,87.6303691296,185.267070433,27.1270331649,57.8853959803,172.1815,253.8759155116,125.6184914325,146.1699579284,144.6659888818,65.5890305002,274.0107412173,136.3816210026,177.72,21.777657648
2020-10-14,117.6702561951,210.8669451562,126.9542074958,293.1936749105,87.143437132,185.6361808622,27.0715424484,57.5305127624,168.1855,251.0167949588,125.4704077799,147.5133655112,146.2851010861,65.4084523487,269.7240518494,136.6935913258,178.27,21.725929245
2020-10-15,117.2041969248,209.7212404827,126.1741377535,295.6714962427,88.4477192683,183.3248465079,27.3093598051,57.9721452113,166.9325,251.4102519156,125.2874809149,148.8026761443,145.5598737446,64.9341627461,264.6633769011,136.4575056758,178.92,21.829386051
2020-10-16,115.5632799104,209.7212404827,126.9542074958,300.5269328972,88.2651197693,181.2244323988,27.0319062222,57.483195,163.6355,251.5151737707,125.7752858882,152.1476708637,147.4572708591,66.4875699766,263.8794684288,136.0780823098,178.3,21.8035218495
2020-10-19,112.6115711982,204.5273792962,123.7139177973,295.3526589389,86.7782381339,180.7674385341,26.4928535468,56.2135017095,160.3605,248.0789830146,123.6150067207,151.0476995543,144.6997203861,65.1713075474,259.3843983277,135.5637528581,178.39,21.7345506455
2020-10-20,114.0971351224,204.9379234709,123.9110782816,294.6147783216,87.2738653457,182.8239109254,26.7148164132,56.5289534587,160.8505,250.0987287262,124.1115224971,152.3640586623,146.1080106888,65.484599762,265.4968998338,134.2737134137,179.25,21.6655794416
2020-10-21,113.475722762,205.081136555,123.3796021935,294.0499808121,86.4043439215,178.3242790264,26.2867451709,55.8901636665,159.247,248.760975073,124.7822543354,150.9304894968,145.7791285223,64.7644627966,276.5807702597,133.8099737441,180.6,21.5535012351
2020-10-22,112.3882511311,205.1670644056,124.365404615,296.7282141637,89.4563641204,180.512576571,27.6343768594,57.8853959803,158.82,245.8319066168,123.903072979,152.9681412666,149.1354131959,65.7630817305,275.9754738443,132.4187547355,178.83,21.6397152401
2020-10-23,111.6988717938,206.4464346243,124.5025597345,301.1646075048,90.2650190449,180.1961962031,27.0794696936,57.2308336007,160.22,247.4407083957,124.7177061206,152.9320766335,148.0307064314,65.9371329608,282.5940428452,133.2281912496,178.64,21.5879868371
2020-10-26,111.7085813619,200.5746981726,123.4138909734,294.2959410178,88.0303489847,176.7687422176,26.4373628302,55.9453677226,160.352,241.355240797,123.7716805369,148.0426769475,143.502251985,65.8457560649,274.9732617467,134.4676409119,178.55,21.6655794416
2020-10-27,113.2135644224,203.6012680185,122.7109709859,291.9729835189,86.3695630645,171.9703066379,26.0172188332,54.8176277192,164.3165,242.0547198314,124.7001871283,143.2439896862,140.618208371,65.9480111627,281.1056090369,135.3698253599,179.02,21.6224724391
2020-10-28,107.970397631,193.5095193528,118.6048895956,280.5768273184,83.943598291,166.7763955983,25.0263131799,52.7435324681,158.139,235.8293564258,120.5832239399,137.1209010257,135.9042306511,64.7992730427,265.6060516464,135.4962998153,176.13,21.760414847
2020-10-29,111.9707397015,195.4572172977,117.6019427842,276.6414640262,84.4913967883,166.9257974387,26.1361275116,54.2577008644,160.5505,235.7506650344,120.5043884746,140.3049071291,138.8051400172,64.4076577745,278.6645775913,134.1809654798,175.4,21.8466288519
2020-10-30,105.698358688,193.3090210349,117.5333652245,277.9714710648,85.2478804273,166.1348465189,25.8586739287,54.8097414255,151.8075,233.1975665591,120.0926921557,142.4638628346,139.1002906794,63.7114528533,261.0812128691,132.857199514,176.2,21.8724930534
2020-11-02,105.6109725748,193.1753554897,118.8877720296,284.3117785912,87.1695227748,167.154294371,26.9447065247,56.899609264,150.224,236.7211921946,121.3190216161,148.1061756447,146.403161351,65.3823446642,259.3447067595,133.8516689994,177.91,21.8983572549
2020-11-03,107.2324704529,197.0898464574,118.7249003252,292.738193048,89.9172104752,173.9476839372,26.4849263016,56.5762712211,152.4205,242.5181246916,123.7016045677,152.1156648121,151.125571947,66.156872639,263.2543262293,133.0751301201,178.92,21.777657648
2020-11-04,111.6114856806,206.5991952474,119.4963978724,322.9912983572,87.1695227748,173.8949538759,26.3422358875,56.5999301023,162.058,247.1958907337,123.1935537913,140.8128967069,150.8725856651,63.8071810299,285.1640718876,135.9618289975,178.82,21.743172046
2020-11-05,115.5729894785,213.18699712,119.8049968913,322.8455441612,90.7345606139,178.3682207442,26.2946724162,56.8917229703,166.1,249.9326024556,124.7177061206,147.9428932805,154.5577525052,65.0516473266,292.407783088,136.1981669173,182.93,21.5362584342
2020-11-06,115.4419103087,213.5975412947,121.9394734387,316.5234559093,89.5259258343,176.8742023402,25.9855098523,56.110979891,165.5685,248.524900899,125.462263293,146.3100696377,155.3926072355,65.8957957936,291.1475757969,134.5522421188,183.19,21.4586658297
2020-11-09,113.1367681112,208.5087030366,125.2226241119,318.8373037709,101.6470544875,188.8878679767,29.2753166213,62.6171722185,157.187,236.047943624,120.8722873127,154.9549637021,166.1192255892,65.7130420018,276.6204618279,131.7246277213,175.08,21.5966082376
2020-11-10,112.7963462676,201.4626192946,127.1085070052,322.1987599164,101.3166363463,191.1201072391,29.9094962394,65.5114420175,151.751,240.9442968644,122.8606929377,156.2975075861,170.3272307453,66.1307649545,270.3293482648,130.964970122,175.66,21.5966082376
2020-11-11,116.2200173797,206.7519558706,126.6970416467,320.3859421035,99.8036690682,191.6298311651,29.6011509174,65.0303780999,156.8695,242.8503772329,124.4461617401,153.7212747275,168.058787084,67.4796619894,274.3481195472,131.4376459616,174.9,21.6224724391
2020-11-12,115.9476799048,205.6921790476,127.1256513951,322.8546537985,98.5776438601,188.5187575475,28.5868570948,63.6187315222,155.514,241.5301105556,124.5162377092,153.4219237263,167.1143049648,66.7225391375,272.9589146594,133.6744155596,175.96,21.6224724391
2020-11-13,115.9963115968,206.7137657148,128.4972025902,324.002468092,99.1950040713,192.535030551,29.2765768942,65.4798968426,156.4405,242.343254933,126.3820103882,155.762304281,170.7575391533,67.1750723363,274.8144954738,133.4971621197,177.16,21.5793654366
2020-11-16,117.007850789,207.4011885189,129.3115611123,325.0500763759,101.9948630572,195.4351839234,30.9643618149,70.1564690246,156.553,244.441692036,124.7615036013,157.1048481651,176.730748695,67.6624157812,276.8089967769,133.1764178,177.15,21.5276370337
2020-11-17,116.1227539958,204.7565202309,128.0257318669,320.7503275936,100.9601325624,197.4301379099,31.3781936945,69.6596325196,156.783,238.2338156063,124.2797313133,155.9437291302,173.9686688218,66.6703237684,272.879531523,134.0458037192,176.5,21.4931514317
2020-11-18,114.7999719752,202.0641142482,126.328437263,313.8361129204,100.2123441376,197.1225458855,30.1934985097,67.4507563046,155.273,235.925534793,122.3701611536,156.6966422544,170.3932157345,65.9567137242,269.8728952302,134.4340731589,175.49,21.5017728322
2020-11-19,115.3932786168,203.346878665,126.1312767787,306.9947753452,100.4818957791,197.3598311614,30.3476711708,68.611216635,155.851,236.8873184652,122.2212497191,156.8417821337,171.7573103958,65.3823446642,270.8354157596,135.1262056383,175.16,21.4672872302
2020-11-20,114.1288546266,201.4035863022,125.4626455711,304.8995587775,99.6210695691,196.287653248,29.9744110441,68.6592356831,154.97,235.9080478172,122.0197813077,156.2340088889,171.1472804851,65.7478522478,267.6203987336,136.3247765172,175.69,21.4931514317
2020-11-23,110.7343625297,201.1355459763,124.1939607156,305.2275057186,102.490490269,201.1036655149,31.9380838845,72.8528992217,154.9195,237.2982623979,121.5467685159,158.5471757162,173.3332209983,64.8950012193,266.3601914426,135.7001691577,172.23,21.5276370337
2020-11-24,112.0182391967,204.7253717696,124.1939607156,306.0929212574,107.2293820308,208.723159375,34.0640437366,76.5263564054,155.903,238.9682685924,121.1525911893,160.4702791178,176.1376640597,65.2518062415,274.7847267976,134.349666759,169.59,21.4241802277
2020-11-25,112.854704298,204.7349446383,124.0299456149,303.5240035527,106.1076993936,207.8794783939,33.1146647187,73.7412516126,159.2535,239.5365953078,121.4766925467,158.4111070793,175.9597386691,66.4179494845,273.4649821543,133.9360753993,169.51,21.3896946258
2020-11-27,113.3993792476,206.0368547927,124.306181574,307.8510812467,105.40338704,206.8776072289,32.6115749827,73.0769881131,159.767,241.3115233574,121.4153760737,158.81931299,177.4255049821,65.6835664706,275.6678641906,135.2359339582,167.79,21.3465876233
2020-11-30,115.7920584907,204.926402014,124.893182987,306.3935392866,102.4991854832,202.6416256366,30.9400187631,69.7716769653,158.402,242.5530986433,121.6431229735,157.4676978635,172.7740269135,64.3371976117,274.8343412579,135.0671211583,166.67,21.3983160263
2020-12-01,119.3616246785,206.9749959333,127.2843505075,310.8117133532,104.1164953322,205.0584201135,31.2402497346,69.987762682,161.004,241.8448761211,122.0810977808,157.1683468623,174.7057882972,64.8267862877,284.340471847,133.0776648443,170.18,21.2086452154
2020-12-02,119.7117728604,206.1708749556,127.8799842942,316.6145522818,106.1163946078,209.9798928817,32.4087162182,71.9245309575,160.1765,238.3474809494,121.1963886701,157.7216926524,176.2308630738,64.9666687665,285.3029923763,132.0214929011,171.46,21.1827810139
2020-12-03,119.575604123,205.0891407833,128.6223684342,317.6348316539,105.4207774685,208.0537150299,32.6278036839,71.8685087346,159.3365,235.7450886823,120.3029200632,158.4111070793,176.417261102,64.1273738935,279.6767125809,133.0861142198,172.81,21.0707028075
2020-12-04,118.9044867743,205.2040152086,129.7186798967,319.8758024175,106.3772510351,211.685178778,33.8206132192,74.6536135274,158.129,232.0964643889,120.4167935131,165.287108864,180.196057493,63.4017335345,277.543290789,131.1343084688,172.32,21.096567009
2020-12-07,120.3634375323,205.1370051272,128.596471313,318.0199394923,105.9772711799,210.6867471392,33.1876938739,72.6368135051,157.9,230.9095625103,120.6007429322,162.112174003,178.8573807446,64.0574326541,283.3779513176,132.3172210452,174.89,21.1310526109
2020-12-08,120.9761968506,206.7835385577,130.8236237329,318.0199394923,106.0816137508,211.0313385898,34.2750168517,73.261061131,158.8645,230.1007108597,120.9248442896,162.230100155,179.6792265964,64.4158815061,281.2147608495,132.9424748356,175.5,21.1569168124
2020-12-09,118.4473488702,202.7533608005,132.1616416596,314.8658867376,105.2555683979,214.5479385211,34.7294204842,72.3807119149,155.21,233.4943710459,119.4882869217,163.3458629776,179.8232614365,64.4071388512,275.7770160032,132.5031073072,172.5,21.1655382129
2020-12-10,119.8673942746,201.5280335964,131.4278898933,310.5142081543,104.577341687,215.9439756797,35.7112569044,74.7096357503,155.0745,232.8173973818,118.6999322686,162.2391713975,179.59450022,64.066175309,274.9831846387,133.677570508,172.17,21.1051884095
2020-12-11,119.0601081885,204.1509996426,132.0321560538,308.1555252247,103.9599814758,212.047441585,35.5408555422,73.989350028,155.821,232.5888088719,119.5758818831,162.6383060657,181.8482218343,64.5207933652,271.440712175,134.1507355386,172.49,21.1569168124
2020-12-14,118.4473488702,205.0508493081,128.6827950502,307.2961601263,102.8643844814,210.1035923768,34.2587881505,71.5803944457,157.8485,233.4943710459,118.9977551375,161.5134720007,179.4928285682,64.302226992,272.0757772665,133.7789630146,171.54,21.096567009
2020-12-15,124.3804152859,204.9838392267,129.9776511083,310.5324925181,104.6208177582,214.2033470705,34.9241648981,71.5243722229,158.256,235.60441883,119.6985148292,164.8607604684,181.4584805025,65.4912280622,273.425290586,133.3311461107,173.94,21.027595805
2020-12-16,124.3123309172,209.9138666493,129.2007374735,310.2308005155,104.9251502567,215.3873279519,35.4597120364,70.9801563438,162.048,237.0199092185,120.2416035902,162.8288021574,178.1880423704,65.0803232806,273.5443652907,132.9762723378,174.9,21.0017316035
2020-12-17,125.1779750336,210.0478868123,132.610525093,312.3609288976,104.0556288325,215.9704827144,35.2811963237,70.7560674524,161.804,240.8707464246,121.1000342125,162.5294511562,179.569082307,65.6223678861,272.3635411361,132.6247174795,176.74,20.8896533971
2020-12-18,123.1889388336,209.2533387034,133.3788063542,309.3531510533,103.5426111922,213.9382767239,34.6726200301,69.77968014,160.0825,237.7760096745,121.792034408,164.1532035565,177.9592811539,65.1415218651,274.2687364107,132.2271816555,176.44,20.9155175986
2020-12-21,124.7208371294,213.0824862161,132.0925826698,307.2504492168,107.4293719583,227.0592588796,34.0397006849,68.8993309239,160.309,238.250770426,120.4605909938,163.4275041597,178.4845846881,65.0453526609,270.6865723788,132.7515906149,175.88,20.9586246011
2020-12-22,128.2709506405,214.3748235017,131.8336114582,306.2722357538,105.7946716809,220.9714765865,33.4635817937,67.5147817021,160.326,237.4155431781,119.6109198677,160.179999359,176.1800272479,65.3163749636,265.0305239072,133.4367055457,174.49,21.0707028075
2020-12-23,127.3761275089,211.5795458174,131.160286308,308.6309186834,108.7510445231,226.590967934,33.8936423744,68.5792039362,159.2635,237.2133302654,119.4269704487,161.8491079717,177.9169179657,64.9841540764,266.0426588968,132.5147607622,175.65,20.975867402
2020-12-24,128.358487686,213.2356521167,131.6178021152,311.5564168906,108.2728077398,226.3347332656,33.7556984145,68.2910896473,158.6345,238.1892273656,120.6357809167,162.8832296121,177.5271766339,65.5524266467,265.3381335609,133.0391697217,176.35,20.993110203
2020-12-28,132.9493194044,215.3512561175,132.2393330231,316.2737827498,108.9858153076,229.3653708948,33.8692993227,67.9469531355,164.198,236.7209857825,121.4766925467,161.8037517594,177.8745547775,65.998302048,274.8641099341,133.0983771848,175.71,20.993110203
2020-12-29,131.179125818,214.5758537461,133.0594085265,317.5536882155,108.6988732377,227.9693337362,33.4879248454,67.7148610694,166.1,234.0306748577,121.2489456469,160.2434980563,177.188271128,65.8584195691,274.6458063089,132.9292130044,176.35,20.9241389991
2020-12-30,130.0605969036,212.211355157,134.7081919071,315.3961332877,109.0032057361,229.2416713998,33.7556984145,68.2910896473,164.2925,233.2130313413,120.6795783975,163.3186492502,178.7302911799,66.3654935549,269.7736663097,133.2167921112,177.7,20.8379249941
2020-12-31,129.0587840498,212.9197474469,135.8562976119,320.5980347874,110.4900873715,233.0056703212,33.4473530925,67.5868102744,162.8465,233.529538509,121.8796293694,165.1147552573,180.2130027683,67.4495827659,271.0537193848,133.4113309187,178.36,20.8982747976
2021-01-04,125.868545059,208.391780513,135.0966487245,319.5192573235,109.4466616625,234.1454728115,33.6745549087,67.7948928164,159.3315,232.0349213285,120.7233758782,165.2326814093,176.1884998856,64.8879848722,266.8662589374,133.2506249472,182.33,20.9155175986
2021-01-05,127.4247592009,208.5928107574,136.6850054891,315.2224318316,110.0379362309,239.3850299955,35.2974250248,69.6276198208,160.9255,233.9075887369,121.494211539,166.5842965358,176.6206044056,65.3688308932,268.8806060247,132.2610144916,182.87,20.7948179917
2021-01-06,123.1354439724,203.1841398957,137.9712291734,328.4511690375,115.2048588235,252.3027915521,36.1981179393,71.8685087346,156.919,235.2439523336,122.7730979763,175.85510633,179.8402067118,68.5686425967,261.2796707103,129.5459293952,179.9,20.7689537902
2021-01-07,127.3372221554,208.9661526399,138.4373773543,333.7170658106,118.9880970608,257.6925552659,36.4821202096,72.2046420717,158.108,234.0922179181,121.6256039812,176.190742301,180.1367490294,69.3205109204,266.6678010963,128.4040711771,179.48,20.8896533971
2021-01-08,128.436298393,210.2393441879,138.1525090215,332.2177479794,119.1194594996,256.3053537855,36.8878377386,72.8929150952,159.135,236.5803159302,121.5730470043,176.2179560284,177.9508085163,70.9291594271,265.5068227258,127.989618935,173.34,20.9241389991
2021-01-11,125.4503125084,208.2003231374,137.5741399823,329.8042119584,120.8972311713,259.6187331177,38.0076181187,73.3090801792,155.7105,238.4617752044,120.7496543666,175.85510633,176.5358780291,69.6702171175,254.8595595504,127.7781637094,173.0,21.0534600065
2021-01-12,125.2752384174,205.7496687292,136.5037256409,326.714154477,122.7976077859,267.0230314655,38.8515105791,74.7016325756,156.0415,242.9456267457,120.048894675,179.1933235552,176.9764551868,69.7226730471,249.1538966186,127.6766652011,174.12,20.9413818001
2021-01-13,127.3080431402,207.0994432275,136.2965486717,324.5840260948,122.9114552328,267.6680359755,39.2896855104,74.6296040034,158.2945,240.9410813507,120.2328440941,177.6965685493,175.4005445843,71.549887927,249.6996556816,129.114560735,173.37,21.010353004
2021-01-14,125.3822281397,203.9212507919,138.6790838185,320.460902059,123.6295698983,272.0240253376,40.8232977701,76.4223151344,156.3735,235.9209259976,118.9539576568,179.0663261608,176.7476939703,72.153131117,243.7459204484,127.9050368448,173.28,20.9672460016
2021-01-15,123.6606662453,203.5670546469,138.3769507383,321.1648500651,121.4139234306,265.9627500792,38.8596249296,73.7012357391,155.2125,242.2950286789,118.06048905,176.5445207569,174.5109176313,71.7247410255,249.4218147041,128.4125293861,171.13,21.1051884095
2021-01-19,124.331783594,207.1951719153,140.5177794209,321.978504254,120.8884736754,259.9456532118,39.6304882348,75.6380040146,156.038,240.1849808947,117.0268685048,176.9708691525,175.1802560055,72.3979254549,259.086711566,128.8269816283,172.58,21.044838606
2021-01-20,128.4168457163,214.757738253,140.1724844721,320.7443096978,119.07567202,256.649945236,40.1903784248,76.3342802128,163.169,241.1608779949,115.5640326485,175.4023341894,176.298644175,73.4820146659,265.4175166973,128.9538547636,175.39,21.0362172055
2021-01-21,133.1243934953,215.3608289862,139.6113801803,324.5474573672,118.0773174852,255.6780206319,39.0381406424,73.6372103416,165.3495,245.3370142343,115.4507723633,175.2655433496,173.8839424454,73.1847643984,270.7659555152,128.0488263981,175.28,20.9413818001
2021-01-22,135.2641879403,216.2989701269,141.1824721974,317.7365318535,117.1665379095,255.6956919883,38.4863648029,73.4131214502,164.6115,249.6889877891,114.5607236641,175.0375586166,171.3590964263,73.6218971448,272.3833869202,128.4632786403,173.9,20.9844888025
2021-01-25,139.0088282191,219.7260571508,143.2801390115,317.9742285828,115.7040360909,250.0850363191,38.0563042222,72.7488579507,164.7,250.638509292,116.5346930564,170.8426395292,171.0371361957,75.9474433555,275.8663220317,129.9772980554,174.05,21.010353004
2021-01-26,139.2422603404,222.4064604097,147.1647071857,313.6774030909,115.2311313113,248.954069507,37.2205261124,71.5163690482,166.3065,248.4581265817,117.2837439419,170.724087468,170.3508525462,74.5136479474,279.875170422,129.7320099937,173.62,20.9500032006
2021-01-27,138.1723631179,222.9521139303,144.9202900183,304.4255150105,111.9733428292,241.5055927682,36.7985798822,70.5880007839,161.629,240.9410813507,113.1331207999,164.7235292952,168.9274494214,70.1073498639,270.0415843952,130.0618801456,172.52,21.079324208
2021-01-28,133.3383729398,228.7245538058,146.0252338546,309.1428808697,113.9437794111,242.9988223872,37.3746987734,71.2442611086,161.881,244.4578276576,114.877968745,168.1068227331,171.8589820475,72.0919325325,262.9566394676,129.3429323787,172.68,21.027595805
2021-01-29,128.3487613476,222.0522642648,140.8199125012,304.9649037424,112.6826999986,239.5970862728,36.3847480026,68.1870483763,160.31,238.1013087079,112.9833106228,166.738914335,165.5299217247,70.701850399,256.3380704667,128.5647771485,172.61,21.0534600065
2021-02-01,130.4691031158,229.4138003581,140.4573528049,305.3488753821,113.514662111,242.7425877189,36.4496628072,69.155432514,167.144,237.4419187754,113.6530502381,168.4533595272,165.69090184,71.427490758,259.9896947431,128.7134504718,174.23,21.1569168124
2021-02-02,131.2958418787,229.2797801951,139.1970262417,309.6639852378,117.008902983,253.5574578593,37.0257816985,69.675638869,169.0,239.2794187207,113.4944276977,175.5482444185,169.5544246073,72.5028373141,265.0206010151,127.8835874359,172.11,21.1827810139
2021-02-03,130.2745763481,232.6207114,138.5495982127,308.9051841403,118.3487998587,254.9534950179,38.4782504524,71.1962420605,165.6265,241.0465837399,113.6354255114,174.5907085399,168.7241061179,72.6077491732,264.5939166567,126.7488767541,171.85,21.1741596134
2021-02-04,133.6301630914,231.6729973906,139.835821897,301.070334254,121.0723810897,259.548047692,39.2166563552,71.2282547593,166.55,245.1348013217,113.7059244183,174.7730963263,169.9526385768,72.5640358986,264.4351503839,126.4101571476,168.15,21.2689950188
2021-02-05,133.21679371,231.8548818974,141.9593858322,296.6729447612,120.8359286999,259.3271557365,40.5311811492,71.4363373012,167.6075,245.1699687848,114.1817920396,176.0042138846,171.9267631487,73.0885951942,266.0327360048,125.3516583773,169.81,21.1482954119
2021-02-08,133.362907479,232.1133493545,142.3651073971,296.517527669,122.7275478185,265.2028817523,42.275766524,73.2130420829,166.147,246.1986170795,113.8292975053,180.0623421322,172.7231910876,72.9137420957,264.5244564124,125.9020777378,171.52,21.1396740114
2021-02-09,132.4862248647,233.3578222962,143.5304778494,301.3537418928,122.237128047,265.4767877771,41.7889054892,72.7968769989,165.25,243.3324688394,113.3886793373,179.9073125137,171.1642257604,73.2896762575,267.3723264323,125.9952256296,172.08,21.027595805
2021-02-10,131.8822879526,232.4483997619,143.9966260303,304.8003444683,122.3071880144,268.8520168569,42.1933408771,74.0453722509,164.329,245.0205070667,112.9921229862,180.3085656438,171.2828426875,73.359617497,269.7736663097,126.8335566557,172.71,21.0189744045
2021-02-11,131.6290240862,234.0470688485,143.3491980012,304.4986524656,121.9656456735,267.1202239259,41.1368565985,73.6452135163,163.1065,243.5874329467,113.0890589832,180.883087171,171.2997879628,73.3945881167,268.3050782855,126.1391814624,171.21,21.010353004
2021-02-12,131.8628061167,234.5257122876,143.7980814347,300.0829786091,123.6996298656,270.6544952136,41.6981138715,74.0693817749,163.8855,243.9830669062,112.4633811847,180.5547891555,172.4774845958,72.6776904126,268.4142300981,124.5726032823,170.69,21.027595805
2021-02-16,129.7392860064,233.2908122147,142.4945930029,296.7735087621,126.6771784783,275.6378177293,42.9526889523,75.5659754423,163.4475,242.1191913635,112.7277520854,184.5582010671,172.3673403064,70.9816153567,271.8574736413,122.6757734859,168.24,21.027595805
2021-02-17,127.4501702911,234.3055363056,143.0039030524,298.8213575072,127.0712657947,276.3270006304,43.6212454099,77.8297902333,165.432,246.9810931328,113.2036197068,184.4852459526,171.0625541087,70.5357399554,271.4605579591,123.4548285808,166.33,21.11380981
2021-02-18,126.3494465642,233.912148632,143.0729620422,300.2383957013,127.5003830948,273.8176680161,42.9361813855,77.0832993345,166.4115,248.8537605412,114.1465425862,182.3148312943,172.4351214076,70.57945323,267.3127890799,122.9552171612,166.32,21.044838606
2021-02-19,126.5053012512,231.2064090236,140.6904268953,296.7369400345,129.6284546032,278.8716759576,43.2250638054,77.7324218552,162.495,245.8557343146,112.0227630167,191.4251012254,172.4690119582,68.2801349841,259.5431646006,121.3208950599,167.01,20.993110203
2021-02-22,122.7355660095,225.0081544596,140.6041031581,299.5344476952,130.8457465361,279.976135735,44.8180440067,79.833956016,159.037,242.5236171888,111.5468953954,198.8574035216,172.5198477841,65.6573385058,258.3226488777,120.3978841321,169.51,20.9327603996
2021-02-23,122.5991931584,223.8183966176,139.3619714011,301.2440357101,131.8966460464,282.0436844383,45.4370777637,80.8400959231,159.725,234.9538207632,112.3752575511,200.7907140575,173.7229623301,65.3163749636,263.8050467383,120.0506965355,169.12,20.9500032006
2021-02-24,122.1024063436,225.0465337448,141.2295121547,303.7124248224,134.2173824652,292.142864643,46.7989520291,83.8260595184,157.9765,228.5621343505,112.4986306381,202.8790542119,178.7980722811,64.4858227455,262.2719599158,119.2631734503,169.0,20.9155175986
2021-02-25,117.8553661229,219.7118130984,141.3771781678,300.6589360686,132.3958233139,289.5981893158,46.023096387,83.0471124935,152.858,224.4123737083,111.5468953954,202.2862939061,174.2991016901,65.084694608,252.7261377585,117.3155357129,165.82,20.9844888025
2021-02-26,118.1183709072,222.9644575213,137.6420966605,303.7215670043,128.8840674501,282.2822477502,44.8758204907,81.140315089,154.6465,227.1290602304,108.8591245709,196.8693766497,172.2223898969,64.5749846044,255.6335451307,121.1938752074,161.81,21.1396740114
2021-03-01,124.4791903203,227.3396960371,138.389112962,305.9431172055,131.8003135913,292.6111555886,46.5513385263,82.8036915483,157.307,230.0127922021,109.5288641862,200.4076997061,175.5161909787,66.7104937577,262.8673334391,119.5948866418,161.53,21.1569168124
2021-03-02,121.878365231,224.3940858959,138.1285258801,305.9339750236,131.3711962913,293.5158093795,46.2789636733,83.1201387771,154.7265,228.843474055,109.1851820152,196.8146603138,175.8225910794,66.3853339278,257.0029042344,119.6033649408,162.41,21.079324208
2021-03-03,118.8976443422,218.3397536515,135.6963797823,304.3158088277,133.910870108,296.6111444092,46.6503839275,84.0532524006,150.25,226.2674573852,108.5330671267,195.9847958857,176.1885689773,63.7313266672,253.4405859865,118.3061851836,160.62,21.1396740114
2021-03-04,117.0176471803,217.5433834831,132.9602154224,305.1751739261,131.8528585668,292.0523988354,48.4579624979,84.791629268,148.8785,220.6142876969,107.6430184274,194.0332465711,172.7245456174,62.6503899353,255.6533909149,117.5431382675,159.04,21.2776164193
2021-03-05,118.2742255942,222.2160614594,135.5921449496,317.3251336681,132.159370924,290.3495211113,50.2903024186,88.442943447,150.023,222.8913809306,111.0181535938,200.7724752789,175.8225910794,62.1318918281,262.2421912396,117.7720523423,159.14,21.3552090238
2021-03-08,113.345321118,218.1766416893,136.7213556378,320.1317835107,133.910870108,296.3982846937,50.2407797181,89.0514958101,147.5975,227.7356989684,112.1901979206,202.0674285624,176.7758358369,62.2725014843,253.3413570659,116.8563960431,157.49,21.4759086307
2021-03-09,117.9479048433,224.3077325042,136.9819427197,321.7865184341,132.9650605486,293.2053889611,49.464924076,88.8486450224,153.1425,232.9492753683,111.194400861,197.7083604672,176.6992358117,65.049542194,263.6909334797,118.4757511649,160.84,21.3552090238
2021-03-10,116.8715334113,223.0028368065,138.2414469489,319.6106791425,135.8550342021,303.3428329122,50.9836202265,90.3659689146,152.882,235.5252920381,112.2166350106,201.5932203177,181.2101261821,65.4362187485,262.8574105471,118.7131435388,161.66,21.3207234218
2021-03-11,118.8002351628,227.5219976419,138.2327607128,322.8104428067,135.1456770327,303.4137861508,50.6039461888,90.2199163474,155.6795,237.8341900708,111.8377033862,200.4076997061,180.861170512,65.787742889,271.7681676128,117.856835333,161.52,21.2172666159
2021-03-12,117.8943297947,226.1979123016,138.6323275718,326.622732658,136.748298786,309.3649890302,51.148695895,90.5201355132,154.4745,241.5938899324,112.9216240793,208.8340154382,182.4612599264,66.4995792734,266.3304227664,115.3557371082,161.49,21.2862378198
2021-03-15,120.7776415041,225.2959990988,139.3445989289,324.6594366412,136.0652141042,306.9171023019,49.8445981136,89.4571973856,154.084,246.4063057553,113.2917433404,210.4207891799,184.0102826574,66.3677577208,271.6391700161,116.0340010336,162.2,21.3293448223
2021-03-16,122.3167065382,228.0784972777,140.169791355,325.3199848338,134.4363198632,303.067889113,48.788113835,87.3394351617,154.593,249.5379145813,113.626613148,206.5176905508,180.2739036524,66.2447242716,277.1265293227,115.5676945849,162.35,21.3293448223
2021-03-17,121.5276921853,227.4356442501,139.6486171912,323.0998089644,135.8200042185,305.9414952724,49.0027122041,87.6558823906,156.7865,247.7244122951,113.1683702534,213.0562926935,181.312259549,64.1180032218,281.8200572649,114.70290808,163.51,21.2258880164
2021-03-18,117.4072838978,221.3717171844,139.3880301093,332.1548237707,138.0619231739,308.6465874904,46.8897436468,84.4832960706,151.3995,250.4933206637,113.4151164274,210.366072844,183.0059712164,62.5097802791,276.471618447,113.5413811078,162.56,21.3552090238
2021-03-19,116.8812743292,221.016708796,139.0145219585,335.3933447703,135.8637916981,305.2763086615,46.6256225772,83.882857739,153.748,255.7480541174,112.8070633557,205.4507220003,181.2101261821,62.2549252773,287.8730214187,114.2450799304,163.24,21.3638304243
2021-03-22,120.1931864279,226.4281880129,139.4140888175,336.5676526681,132.2119158996,300.9570302676,46.1469031384,83.2012790922,155.5435,255.6065124756,114.7193462045,206.1164374207,180.5462592974,63.0019140758,291.2765733937,115.5253030895,163.0,21.3207234218
2021-03-23,119.3652084032,227.9537646007,139.2837952765,338.0722346623,130.8895340157,294.251949229,45.577392082,82.7387792962,156.875,256.5265331476,116.8519381373,199.0306719187,177.5333249746,65.049542194,288.3890118056,116.5681338748,161.81,21.4500444292
2021-03-24,116.9786835086,225.9196624837,140.6388481024,339.9988335573,131.9054035424,291.4847729273,46.5018158258,84.9539098981,154.3535,258.9769728221,116.8166886839,201.7482499362,180.6228593226,64.0037578761,279.9644764505,117.1955280058,162.37,21.5017728322
2021-03-25,117.4657294054,222.926078236,140.6909655188,340.4483732994,133.5956002549,293.1699123418,46.369755291,85.254129064,152.313,262.8959070308,117.6274261129,204.502305511,182.0357042311,64.5486202938,276.5906931517,116.2713934074,161.78,21.5621226356
2021-03-26,118.0696663175,226.898334257,143.2620913935,345.3933104631,135.8200042185,290.3672594209,47.6325841552,87.2096106576,152.6015,268.761038815,119.3634616946,209.2899849042,185.9933721976,65.084694608,280.8376909514,115.8644350522,162.24,21.5362584342
2021-03-29,118.2450028404,225.7085764149,144.2262635966,347.7602748198,133.7094477018,288.894979722,47.376716869,86.7552248931,153.7865,267.3367760439,121.2316827267,209.9465809353,186.2912611843,65.7350142679,288.5775467546,114.8809523604,160.31,21.5879868371
2021-03-30,116.7936060678,222.455931992,143.331581282,342.7144205711,135.2857969674,294.4648089445,46.7906982457,85.9519357737,152.7645,269.6545204292,119.3634616946,212.5547262809,185.6188831857,65.2253042642,285.779291195,115.4829115942,157.57,21.6742008421
2021-03-31,118.9853126036,226.2171019442,142.7582897019,341.3474527837,133.3153603854,290.0213623832,46.080872871,85.0269361817,154.704,270.0349135916,119.3458369679,211.4512801731,184.7507495672,66.4468506524,292.2589397072,114.8385608651,159.96,21.6569580411
2021-04-01,119.8132906283,232.5304943639,141.4379818202,336.7603125576,134.6114697815,290.5889882912,47.3684630856,85.8058832066,158.05,272.2465017455,118.3324151816,212.244667044,184.5209494917,66.5874603086,296.357094126,116.7419932668,161.98,21.5621226356
2021-04-05,122.6381568301,238.9782142819,141.959155984,339.6135137783,135.320826951,286.9526348179,46.6338763606,84.7997432995,161.3365,279.0139614965,120.2446980305,213.1292478081,186.6231946266,67.4750587632,306.5280584828,116.2326107058,161.92,21.4931514317
2021-04-06,122.9401252862,237.8172409038,141.9244110398,334.2832568356,134.3694762603,290.0745773121,46.5018158258,84.0451383691,161.191,277.5808523727,120.2887598473,210.3295952867,186.5551057154,68.1605308372,303.8984920881,117.0221536753,163.22,21.4414230287
2021-04-07,124.5863404176,239.7745844503,142.1155082332,335.448390453,136.4747801037,289.6222504166,46.7081604115,84.5400942912,163.9695,276.4219801801,120.5002565679,210.1198493323,185.9678388558,68.0287092845,310.6758273619,116.2071415778,162.76,21.4672872302
2021-04-08,126.9826062301,242.988849588,141.5595891251,334.7603194191,136.6421473548,293.6931924758,46.2211871893,83.5907526046,164.965,278.1558652928,120.9584994625,210.1836850576,187.1253503471,68.3362929074,310.6063671176,117.1664787343,164.51,21.3724518248
2021-04-09,129.5493381066,245.4835031277,140.0655565222,345.228173415,137.6639684671,293.4005103669,46.1138880047,83.5096122896,168.61,282.4021145483,120.1741991236,210.4299085692,193.1852634485,68.4944787706,310.0506851625,116.7419932668,163.27,21.3896946258
2021-04-12,127.8398070086,245.5410720556,140.4043197287,345.2098248541,137.3732779782,294.3140333127,45.8084980179,82.5846126975,168.9695,283.7821455563,120.6588791083,210.594057577,194.5640639014,68.2308356653,309.1377790934,116.6910550107,162.28,21.3810732253
2021-04-13,130.9471598306,248.0165359526,138.528092739,343.5768029336,135.7348406776,290.6244649105,45.9818274699,82.9578581469,170.0,283.4371378043,119.0638413404,209.1531940644,194.9045084576,69.4611701569,307.3715043075,117.5654950737,163.43,21.3034806208
2021-04-14,128.6093395257,245.2340377737,138.9102871258,344.6134966247,133.1979055023,297.427106652,47.3106866016,84.6050065433,166.65,283.1009764049,119.495647145,212.0987568149,195.2279307861,69.5402630885,300.4850172211,117.1919478623,162.72,21.2776164193
2021-04-15,131.0153462562,248.9856129046,139.3185402208,357.8061119149,134.0435505607,300.2652361922,47.0300579651,83.915313865,168.9545,285.5071843163,120.9408747358,212.044040479,195.6194420258,70.4630139572,305.4464632488,119.1530707221,165.35,21.2776164193
2021-04-16,130.6841550463,250.1753707466,140.9254938925,358.7235399601,135.0389452649,303.6000384018,46.7659368954,83.5420684156,169.972,290.2311366131,120.9496870992,212.8100691819,197.5514648825,71.1309098241,303.8191089517,118.227692403,166.35,21.2517522179
2021-04-19,131.346537466,248.2564064853,141.3163745153,357.6501491472,134.4663730899,304.2918324772,46.6173687938,83.7854893609,168.6005,289.1430352414,120.3856958442,211.9254884178,196.5811978972,70.1202779203,299.9094894819,117.888104029,165.89,21.1310526109
2021-04-20,129.6613586629,247.7958550626,144.6084579834,363.7877427697,131.4889977801,294.3495099319,45.635168566,82.2194812796,166.7345,286.5864393354,121.3903052671,207.5846591013,193.4831524352,70.7705975802,300.3163280561,118.4314454274,166.48,21.1655382129
2021-04-21,130.0412544624,250.0218536057,144.7040065801,365.8794787128,132.607715722,297.3561534135,46.2211871893,83.3554456909,168.101,288.346863506,120.5971925648,211.989324143,196.1811755436,68.5208430811,299.1454267936,118.6691572892,168.13,21.1396740114
2021-04-22,128.5216712642,246.7500195402,143.4792472951,363.7969170502,129.8153252687,293.4359869862,45.6186609991,81.9111480823,165.452,284.3748511815,119.4073472641,208.7337021556,195.1257974192,68.8284267041,294.2335952262,119.1870295595,167.04,21.2000238149
2021-04-23,130.8400097333,250.5687584202,143.7745793213,367.2556207806,132.2994076278,300.9747685772,45.8662745019,82.3979899728,167.044,286.5245148671,118.7953657621,210.7855647527,191.0745071997,68.758121876,298.8080484637,118.9068691509,166.4,21.079324208
2021-04-26,131.2296464508,250.9525512724,142.5585062724,363.1730659794,132.6253333274,304.6732061342,45.9570661196,82.3736478783,170.45,283.074437347,116.4183941312,211.1977741488,188.5381952556,68.4856906671,300.7033208463,118.7370749639,166.84,21.079324208
2021-04-27,130.9081961589,251.3555337673,141.7420000824,361.9253638379,133.2331407131,307.431513281,46.5595923098,83.3311035964,170.8715,283.605218504,116.3474397542,210.9962495552,189.7382623164,67.9144639388,301.2292341252,117.7013304233,166.42,21.0879456085
2021-04-28,130.1191818059,244.2457711792,140.6996517548,362.007932362,134.0964033769,308.7441481933,47.9627354923,85.3758395366,172.925,282.8267394738,116.5425642911,212.7916504805,189.687195633,67.7474899721,304.7320150208,117.7777378074,166.91,21.010353004
2021-04-29,130.0217726266,242.2788328113,142.6279961609,368.3932315567,136.7038089737,313.0545574324,48.6477995167,86.7389968301,173.5655,287.8072359964,117.5270562725,208.3672696289,190.5638403653,67.8617353178,326.9692161169,117.4296597241,166.22,21.0189744045
2021-04-30,128.0541072032,241.9622037082,141.3511194596,365.8703044324,135.4881942022,309.045699457,47.2446563342,83.6313227622,173.371,286.3298951096,118.3341623114,208.9535229923,189.8318845694,68.1165903196,322.5733749363,117.7013304233,165.66,21.1914024144
2021-05-03,129.1061263405,241.6551694264,143.5053060033,372.3840435534,135.0917980811,310.56232493,48.5487541156,85.6273745134,169.3245,292.1684878359,119.7355112579,209.0084842451,189.9680623919,67.4047539352,320.0926519225,117.7718552878,167.81,21.096567009
2021-05-04,124.5376358279,237.7500771546,145.7289824355,377.3748521194,136.9592642517,310.278511976,48.8541441024,86.0979883409,165.5935,294.3800759898,119.32752359,213.8084336575,191.866040793,66.5171554805,315.9051914751,118.5710578865,166.58,21.1914024144
2021-05-05,124.7811587763,236.4835607422,145.1209459111,378.4390686518,138.7562600008,317.1787144204,50.3233175523,88.4104873209,163.527,293.7431386015,118.3696394999,217.9030469922,192.5128854499,64.8386277097,312.5909455286,118.7666074585,167.27,21.1827810139
2021-05-06,126.378669318,239.6114724881,145.7029237274,380.7051159235,141.5486504541,324.5844586892,50.8020369911,88.45917151,165.3185,298.6351715979,119.8596814178,217.1610700792,194.6151305848,65.0407540905,317.5523915563,118.9621570306,170.06,21.079324208
2021-05-07,127.0507926557,242.2308587048,146.3630776682,383.1638230847,142.0331346022,328.9480828572,51.5283699326,89.2705746609,164.5805,300.1125124847,119.8685507149,220.7518719298,194.7257750656,65.4977354731,316.6196397031,118.3755083145,171.59,20.9241389991
2021-05-10,123.7723143259,237.1647930549,147.9005414514,386.1362899512,142.0155169968,326.9879996436,51.652176684,88.905443243,159.5245,301.7667804238,122.1036135917,222.2358257558,196.5556645555,65.7350142679,303.6107282185,117.1767044165,172.11,20.9241389991
2021-05-11,122.8551209836,236.2532850308,146.6931546386,377.7051262157,139.6547578754,319.2186200274,50.0096737821,86.5767161999,161.1955,292.5134955879,121.5005013869,219.2037966422,195.0406862801,65.0934827116,304.1664101736,116.5135363027,172.14,20.9068961981
2021-05-12,119.7913049254,229.3162292262,146.1024905863,371.8978066894,138.694598382,314.3228465707,50.2737948518,87.120356311,157.597,280.429377915,120.214453303,217.3900752993,187.2785503974,62.8700925231,300.2170991356,115.2892259387,170.43,21.062081407
2021-05-13,121.9379276414,233.1829422127,147.6312681334,374.8244021537,142.2621634722,318.2341438432,49.6541644688,86.5604881369,158.0735,287.8780068173,122.1479600774,219.90913272,191.1681294527,63.8279958059,302.9062028826,115.4677712001,171.13,21.027595805
2021-05-14,124.3577568848,238.0954907217,147.8571102711,375.9620129297,144.4731729478,327.0678220369,50.8850518511,88.8243029279,161.145,286.2945096991,122.4051696941,221.8877378213,194.3132417398,64.2586128779,313.5038515977,116.5475449239,172.69,20.9413818001
2021-05-17,123.206386519,235.2458287936,148.0047762842,374.8886221168,145.0545539255,327.4935414679,52.0740723156,89.9115831501,163.5195,283.0921300523,122.1568293745,224.2327512747,193.5526031704,63.1864642495,313.0275527791,116.30098242,174.7,20.9155175986
2021-05-18,121.8208391296,233.2309163193,148.0568937005,376.494121196,143.010911701,323.3339078606,50.6003568103,87.2420667836,161.614,280.2082190996,120.9062584791,219.3595201918,190.0058053466,63.5292002865,307.5699621486,116.0034069843,175.04,20.8206821932
2021-05-19,121.6647211139,233.8066055977,147.7355029662,375.6867845162,141.9186201672,317.8527701862,49.3862161952,84.7935702776,161.59,278.173557998,121.1545987988,216.9778659032,189.1511552685,63.8543601164,311.1719719647,115.7228358593,175.16,20.9155175986
2021-05-20,124.221153621,237.0378913611,148.5954403365,374.8977963973,141.6719736918,319.09445186,49.2689888254,85.0893618018,162.384,279.4562791273,122.396300397,215.2557466483,189.8434218317,65.2868209888,316.1532637765,116.6750772535,175.96,20.8120607927
2021-05-21,122.3867669365,235.7780745902,148.4998917398,377.6409062525,143.2839845844,324.8416641788,49.3359758938,85.5494819506,160.154,279.3412765433,122.396300397,217.3167936289,190.7578974152,65.4186425415,313.7916154673,117.0491720869,176.04,20.8810319966
2021-05-24,124.0162487254,241.1731677846,149.0644970839,377.0170551817,144.0591592213,326.6421026058,49.913739359,86.7655137724,162.2495,278.51856575,122.3608232085,218.9747914221,192.2962675557,65.0583302975,322.1268447939,117.4827820075,176.35,20.8293035936
2021-05-25,123.8211012058,242.0771584446,148.6537066199,378.9436540767,142.5704715664,323.2895620866,48.7833325793,85.3440711699,162.9525,280.2082190996,122.7776801736,217.2526721673,191.4758034808,64.4783154657,325.2624786834,118.5710578865,177.95,20.8034393922
2021-05-26,123.7723143259,241.8559692405,147.7709441335,379.0904425639,142.552853961,325.8527478275,49.3527226609,85.5494819506,163.258,280.7213075513,122.5027319626,217.7473234426,191.6723729987,64.5661965009,325.1334810866,118.3670061592,177.64,20.8810319966
2021-05-27,122.2404062968,239.759480263,147.5436983449,378.6225542609,144.7726722393,329.3738022882,49.0345340859,84.6374580842,161.5055,281.9951823279,119.7177726637,221.0175179851,197.6549235449,64.1531556358,330.1842331428,117.8866343845,177.71,20.8637891956
2021-05-28,121.586662106,240.1153063739,147.928268141,377.9069603856,144.6757754097,331.0589417027,48.8754397984,85.27833972,161.1535,282.1190312646,119.602471801,220.834313809,197.3472495168,64.3464939131,326.1952305366,117.7038380454,178.38,20.8810319966
2021-06-01,121.2646686986,237.9226481773,144.6769053198,373.1363345505,146.2701686969,340.3316533111,50.625476961,87.6282390514,160.9325,279.8189795845,117.8552202663,222.3732288878,199.090735676,63.718144512,326.5921462188,117.6777126226,177.9,20.8465463946
2021-06-02,122.0257440252,237.8264789581,145.2625002365,372.3381721511,146.2789774996,341.2215488589,51.0273993715,88.803188717,161.6995,278.5539511605,118.3696394999,223.014443504,197.2019590035,64.2394105306,326.6119920029,117.950173863,178.77,20.8465463946
2021-06-03,120.542622876,236.2973883736,145.1226566743,374.2739453265,146.3758743292,345.9201973514,51.2283605768,88.4005835869,159.3505,276.9532197105,120.489401514,223.3625314385,195.8857978834,63.9390199436,323.5259725737,117.5074243473,175.27,20.975867402
2021-06-04,122.8356062317,241.1827847065,145.0614751159,372.1455122616,146.6137120019,348.349612197,51.4544419327,89.1071966725,160.311,276.5797157054,120.5780944853,223.5274151969,196.6122504497,63.9125148918,327.8027390495,119.1166485486,177.16,20.8982747976
2021-06-07,122.8453636077,244.0870951248,144.0738299578,367.2005750979,145.9266253919,345.4218558446,51.1195065906,88.5320464865,159.9005,275.6459556929,120.9949514504,219.6251662471,195.0226013046,64.0273701162,333.9847008,118.7505287567,177.87,20.8637891956
2021-06-08,123.6649831901,242.8945968073,142.8064976754,368.5675428853,145.3452444143,342.3428172491,52.0238320143,89.3372567469,163.2055,276.4818932279,119.5936025039,219.9915745992,196.407134431,63.7358145465,331.107062104,119.5849413055,177.32,20.8896533971
2021-06-09,124.0455208534,243.8755228427,144.7293466556,367.9803889364,143.5306310598,340.6342177973,52.4592479591,88.5566957802,164.0575,273.3160021379,119.5492560182,214.944299549,194.6978342749,64.0097000817,327.703510129,120.6407286122,176.98,20.9068961981
2021-06-10,123.0502685033,247.3856993416,146.0316398286,368.338185874,141.2931951761,332.7675411545,52.5429817946,89.0743309476,167.4825,274.1786185304,120.4361857312,206.7733932973,193.3645801532,64.9462119117,329.8964692732,121.3644537821,177.74,20.8896533971
2021-06-11,124.260183125,248.0107992661,144.1787126295,365.0354449112,141.1962983465,336.4250118561,52.0573255485,88.6635093862,167.3415,276.3662848454,119.6113410981,202.1658082697,192.4501045697,64.9285418772,328.7057222266,121.1686222655,175.74,20.993110203
2021-06-14,127.3142418072,249.9341836491,144.5370617576,366.2005785286,138.8003040143,331.8598476957,51.973591713,88.7128079735,169.1935,275.0768067329,119.6556875838,200.617732982,190.7322579129,64.7695115665,334.1732357491,120.2405511653,174.71,20.975867402
2021-06-15,126.4946222247,248.4627945961,143.7679221655,367.2280979393,136.695000171,330.4182169083,53.865976396,90.6272364498,169.1565,272.5245293654,119.4250858584,201.0299423782,190.1596423606,64.8755317736,334.153389965,120.0958061313,174.05,20.993110203
2021-06-16,126.9922483998,247.5203362485,143.7154808297,364.4482909623,137.6551596644,330.1512482439,53.6733885743,90.1096012824,170.7625,269.2608157979,117.766527295,198.9230943536,187.1598205867,64.7606765492,328.5271101696,119.9936331662,171.11,21.1655382129
2021-06-17,128.5924580608,250.9054927625,144.4059584181,364.5400337668,133.6823896504,321.6972405395,51.9066046446,87.973329163,174.462,269.5631761829,118.8397122478,191.8605733669,184.8522653761,65.8915587591,333.9152405556,121.7901744702,165.85,21.3293448223
2021-06-18,127.2947270552,249.491805241,141.5741262835,358.5492286315,130.2998094167,310.4222639486,50.5752366597,84.6538909467,174.345,269.1096356054,117.1013300103,191.3201210476,181.6131415804,64.7430065147,327.1180594977,124.0805517726,164.93,21.3983160263
2021-06-21,129.0900842358,252.5692202538,143.1998076941,366.5605759081,132.5108188924,318.1732541702,52.4090076578,87.1352531777,172.698,273.5472189029,118.0237369118,195.3048118766,184.6044168534,65.6706833274,329.7277801083,122.0030348143,166.95,21.2948592203
2021-06-22,130.7293234007,255.3388937654,143.007522796,367.1314995072,132.3170252331,318.1643552147,53.4138136841,87.4228282707,175.272,278.0915176305,118.0680833975,195.2315302062,184.1685453137,65.4763129476,336.4158093536,122.301039296,166.25,21.2603736183
2021-06-23,130.4561168733,255.1128961004,142.1422407549,364.2492561766,133.1186262781,321.296787543,53.8073627111,87.3160146647,175.191,277.1666505705,117.899566752,195.8361039872,183.4591857489,64.8048516355,337.9637805142,121.9860059868,166.14,21.2948592203
2021-06-24,130.1731529698,256.4736905513,142.7890172301,367.2972515198,134.3430498523,328.1489832613,54.0250706835,88.0308441816,172.454,277.317830763,117.9793904262,200.9200198725,186.0487754853,64.3896058241,340.5338095566,122.1818375034,166.04,21.2776164193
2021-06-25,129.8804316903,254.8676645915,143.5231959317,372.8959861683,135.6996054668,328.1667811723,54.1422980532,88.1623070812,170.073,278.9096692605,119.6645568809,198.1444766054,186.9461580672,65.255437516,338.7377660946,120.9131898526,166.59,21.2862378198
2021-06-28,131.5099134793,258.4259257001,143.3571317015,369.6822388125,135.9462519422,328.1133874394,52.760689767,85.4426683446,172.1945,279.487711173,120.0193287661,198.1078357702,185.2795904151,66.3951547431,352.8977330576,122.1562942621,166.58,21.2948592203
2021-06-29,133.0223067564,261.0032607733,143.3658719242,366.5882012436,135.778884691,331.5928790314,52.4341278084,85.2536904264,172.407,283.009320363,119.2033534301,197.0360913403,184.5616843495,65.4498078958,349.1766485368,122.3606401924,164.83,21.3465876233
2021-06-30,133.6370214432,260.5224146775,143.9864277315,368.7429774076,137.0121170679,337.7420572669,52.8193034519,86.0589006867,172.008,283.5873622755,119.673426178,199.3536241673,187.4674946148,64.7430065147,345.0288796577,122.9055626732,165.63,21.4069374267
2021-07-01,133.9395000987,261.1955992116,145.0527348932,372.8407354974,138.3686726824,333.7019314797,52.9700243558,87.2667160773,171.6485,285.943994688,119.9483743891,198.5108849575,188.5529002139,65.5469930857,351.6573715507,122.9119501864,166.2,21.4672872302
2021-07-02,136.5642342377,267.0138369702,147.6922821298,376.9569104774,138.236540642,332.963318175,52.8946639038,87.1516860401,175.549,286.9755771781,120.5337479997,199.4727068817,189.1511552685,65.6265082411,351.9649812044,123.6536675802,167.29,21.3810732253
2021-07-06,138.5742536899,267.0234538921,146.8095196434,377.7856705405,135.9153220528,329.1367673194,51.3874548643,85.4426683446,183.787,283.916401518,120.6047023767,195.5887783495,186.7923210532,66.3774847086,350.0597859298,125.1030004187,168.12,21.4586658297
2021-07-07,141.0623845652,269.2064951668,148.0681117032,379.0748528609,136.0747950856,327.1878960696,50.5836100432,84.5717266344,184.829,287.6692274731,121.509370684,196.6605227794,188.6554582233,66.5541850539,347.7874436491,126.2113137657,168.76,21.4931514317
2021-07-08,139.7646535596,266.7926477661,147.7796843562,377.500208741,133.7269976575,319.4191079371,50.3575286873,84.3005844039,186.5705,283.276108938,121.4916320897,194.2971889084,187.4418551125,66.3774847086,342.9847638943,126.7057920282,168.65,21.4069374267
2021-07-09,141.5892828682,267.2927277057,148.3652792729,379.4892328925,138.0061907057,330.8275688603,51.2702274946,85.5083997944,185.967,286.4331070756,121.5359785754,199.1612597825,191.7321985042,66.2537944669,347.7179834047,124.9239651857,169.21,21.3552090238
2021-07-12,140.9940829333,266.696478547,148.1292932617,383.1081518347,139.9818843904,338.6052559483,51.2199871932,85.6809448502,185.9275,286.121853738,121.6335408438,200.2238440035,192.3133605572,66.3421446395,350.4368558279,124.7619809273,169.0,21.3810732253
2021-07-13,142.1064237952,270.2162719679,147.9457485863,385.410263121,137.8998753505,334.5829280721,50.9771590702,85.3933697572,183.868,281.9510590155,121.4827627926,197.1185332195,191.5099894839,66.1389392425,349.3751063779,123.8071263514,169.22,21.5103942327
2021-07-14,145.5312627647,271.6876610209,148.9508741896,381.9110539657,137.4303158648,333.1768931065,49.8467522906,83.7829492365,184.084,283.880829708,122.3785618027,193.8666590946,194.6636482718,66.8810806927,344.9494965212,125.2138317534,171.04,21.4069374267
2021-07-15,144.877518574,270.2643565775,147.1591285489,386.800738338,137.7315427047,332.2425027813,49.3610960445,83.2324483442,181.56,286.9844701306,123.4251388641,193.6559742922,198.9710846651,67.8706026263,341.8039397397,126.5949606935,171.07,21.4672872302
2021-07-16,142.8382269938,269.9950827638,146.9231425377,386.4784427579,134.5863801123,324.6338958474,47.9962345254,81.0304447749,178.6815,285.943994688,124.6224939767,190.4865420466,196.8515524715,68.8424545254,338.5293853614,126.3562470495,169.41,21.4931514317
2021-07-19,138.9938208571,266.3983539676,145.8568353759,376.6806571231,130.2097313219,315.6637487253,46.3466779654,78.8448740682,177.4795,283.5695763705,124.5604088968,187.0423035368,188.587086217,68.0207979198,334.3518478061,129.1270304171,169.61,21.5276370337
2021-07-20,142.6040499703,268.61986293,147.22905033,380.281159175,132.6372652664,324.5983000255,46.8574543622,79.3132106482,178.6595,289.3322095906,123.895211612,191.5369186701,196.2789369193,68.1798282306,339.0255299642,127.8823092735,169.39,21.5535012351
2021-07-21,141.8722467717,270.6201826883,148.1380334843,381.8189695143,135.4280433413,332.3759871135,48.3646634017,82.0164165224,179.26,290.2303977931,123.4606160526,194.0881653748,198.1506205901,67.0401110034,343.5602916335,126.2624666894,168.76,21.5017728322
2021-07-22,143.2382794091,275.178603676,148.5663043935,382.8595238157,133.7181380446,331.6729696307,47.8203934708,81.1947733995,181.9015,290.4971863681,122.9903659188,192.6421518996,198.9112591596,67.2521514178,348.4820460929,127.4560349093,169.09,21.5276370337
2021-07-23,144.9555775818,278.573377112,150.1482846909,384.6367537288,133.4612092695,332.8654296648,47.7617797859,81.2276391244,182.832,295.9930310132,124.7664967474,192.9829321453,195.9883558927,68.2063332824,366.938625316,126.6034861808,168.56,21.5362584342
2021-07-26,145.375144749,277.9771279533,150.218206472,380.8060405483,134.356030176,334.5117364283,48.9675470175,82.9448732512,184.991,294.5168008981,125.2038354941,194.3644736822,195.9285303873,67.9501177817,369.5880374947,126.2283647403,168.16,21.4672872302
2021-07-27,143.2090072811,275.5632805526,150.9086840604,382.242557991,134.1788379173,333.5684471476,48.4232770866,82.6655145894,181.3195,291.0307635181,125.7125764852,193.3237123911,196.8771919739,68.7894444218,364.973892689,127.5753917313,168.44,21.4328016282
2021-07-28,141.4624369804,275.2555390513,150.4891533738,376.7819500197,134.4003282407,333.0256108634,48.7498390451,83.1338511694,181.516,289.4833897831,123.8471928512,194.7420950356,196.988296484,68.7806094046,370.4017146433,127.5839172186,169.29,21.3724518248
2021-07-29,142.1064237952,275.524812865,150.4891533738,379.461607557,135.5520779224,335.9800640822,49.3443492774,84.2759351102,179.996,291.1819437106,124.4898130505,195.7736460498,199.0309101705,69.0544949398,355.5570681284,126.8763017739,171.17,21.2948592203
2021-07-30,142.3210860668,273.9957222805,150.5066338191,379.5905257891,134.4712051442,333.6040429695,48.2055691142,83.6514863368,166.3795,291.8578081006,126.9442652005,190.4224751637,199.8086417415,68.8247844909,353.5526439332,127.4730858839,169.82,21.3552090238
2021-08-02,141.9893352834,273.9091699832,150.5678153775,382.6753549128,133.9307687551,336.5495972328,48.2139424977,83.5035905747,166.574,290.9951917081,126.6318803814,188.9580411346,198.6377711346,69.628771062,349.2361858892,128.6084446342,169.61,21.3293448223
2021-08-03,143.784692464,276.1210620237,152.4207425767,388.5043006899,135.4546221801,338.4806705716,48.733092278,84.3005844039,168.312,295.1926652881,128.4794134544,192.0342736234,198.8343406526,70.1677071151,348.5316605532,128.6767307932,169.49,21.3379662228
2021-08-04,143.3846400488,275.5344297869,151.520499645,388.1727966647,133.9927860456,336.255931702,47.5943121148,82.4108052213,167.736,293.7431140306,127.1227708114,188.3685834122,196.2191114138,70.565282892,356.1524416518,128.9413396592,169.53,21.3724518248
2021-08-05,143.4919711846,278.4291232833,151.8089269921,378.6420559391,135.6849721164,341.98685903,47.8957539227,83.1749333256,168.7995,296.2331407307,127.1852477752,190.8277273478,196.4669599364,71.1130539624,360.1712129342,128.2840853791,168.86,21.3724518248
2021-08-06,142.8089548659,278.3714217518,151.3019940791,382.2609748813,139.5389037436,354.080539525,48.4483972372,83.766516374,167.247,293.3251452631,126.2123921958,191.8961194697,196.2960299208,71.2190741696,360.7070491052,126.1416071417,164.64,21.4931514317
2021-08-09,142.7600945419,277.2847095754,151.8264074374,378.3473856944,139.3882903237,355.8514316652,47.8957539227,82.3697230652,167.0935,292.3647063931,126.8996387978,192.3934744229,195.0567873077,71.1748990833,358.8216996147,125.6892113386,161.72,21.5362584342
2021-08-10,142.2812633671,275.4671113335,151.8788487732,379.1853542027,141.0981956204,363.0506866471,48.7163455109,83.87332998,166.034,294.7835894731,126.9799663227,197.1643978636,198.1762600925,71.1483940315,358.345400796,125.1087789874,161.77,21.5535012351
2021-08-11,142.5353370517,275.9575743511,151.9050694411,375.4651423639,142.7815220782,368.3188682902,48.8586930313,84.5059951846,164.6055,299.6924992532,127.2923511418,204.1549980401,200.1419552719,72.7740372081,357.1844224255,125.0319570586,164.0,21.5103942327
2021-08-12,145.4962726836,278.7080140188,153.1287006104,373.826039128,143.3396776932,369.3066523483,48.7498390451,84.3334501288,165.175,297.0423994082,127.5868853998,202.8471387185,199.0223636697,73.3306432958,359.8536803884,124.8270985817,164.04,21.5362584342
2021-08-13,145.7014860442,281.631558281,154.0464239873,377.242372277,141.7360877518,365.5512931365,48.2568153896,83.7747328052,164.6985,294.6413022331,128.2027297574,201.3090224741,198.8679098219,73.7282190727,360.3795936673,126.7988614217,166.39,21.4328016282
2021-08-16,147.6754431322,283.3145196161,155.4361193867,384.1855399167,140.8058283935,363.3888469553,47.5512815377,82.9202239575,164.9495,297.9583735157,129.095257812,200.5169386597,200.5669021478,74.1699699359,363.7335311821,127.1061491371,167.22,21.4500444292
2021-08-17,146.7666411065,281.852747485,156.8607756766,388.3937993482,139.1047827098,360.3810000036,47.2282660392,82.7641117641,162.098,285.2414514405,129.3094645451,196.5841504181,198.6019059729,74.1788049532,355.6860657252,127.0549345178,166.97,21.5793654366
2021-08-18,143.0239402913,280.1313184623,154.8680049152,384.2868328133,137.8378580599,354.8903444735,46.2337183202,80.5538917637,160.061,285.9528876405,127.8992702189,193.2408198989,196.0019328682,74.5852157474,352.7091981085,127.4817230113,167.1,21.5793654366
2021-08-19,143.3561904942,285.9511277819,156.0741556392,394.0201593321,136.6861083782,350.2361907584,44.8226506164,78.5462921861,159.3875,287.1534362281,129.4076426311,188.3041114738,195.4098597849,74.7000709718,352.3817426707,128.4206576971,166.61,21.6828222426
2021-08-20,144.8122281482,293.2644312151,156.8345550087,395.6960963486,137.0759313474,352.2829505184,44.8311510242,78.5546224748,159.9975,292.7915681131,129.4968954366,188.7554150425,195.3841174769,76.2285289586,356.5989717942,128.5060153958,166.7,21.6569580411
2021-08-23,146.2975819965,293.543859146,156.1615578656,391.6904227103,138.8301347087,357.2485676752,46.6757395287,80.5788826298,163.2935,291.4576252381,128.8364246762,192.6237313457,196.5940059514,74.5675457128,360.5482828323,128.4206576971,168.73,21.5276370337
2021-08-24,146.2096334134,291.5878636296,154.2096482971,389.8947759069,139.6895171635,363.5757250203,47.0582578821,81.5035446759,165.289,288.9320267281,127.7921668523,195.8012768805,197.7352482713,74.337835264,362.6916275163,127.4219726223,168.65,21.5103942327
2021-08-25,144.9783532496,291.0001014301,153.1897315856,386.5152765385,142.5688913678,367.6336487184,47.1432619606,82.061674019,164.959,288.0249455731,127.3369775445,197.7999069705,197.9240251964,74.6824009373,365.5494204282,126.3635371584,167.48,21.4931514317
2021-08-26,144.1770439367,288.1865512292,152.3720397394,383.8540358914,143.3042392415,367.0018228794,46.5057313716,80.9870667763,165.8,285.890636973,127.1138455309,194.5578894974,198.1128021215,74.3864278589,361.570340714,126.713503723,167.67,21.5535012351
2021-08-27,145.2128828047,288.7935843205,152.0467214779,385.6128489142,144.4559889232,373.4802624676,47.4067746041,82.1699677722,167.4815,287.5802979481,127.0156674449,196.0223235264,198.3359021239,74.0314037431,369.7567266597,127.5756164799,170.19,21.4586658297
2021-08-30,149.6298560905,292.5225018813,152.6885656153,385.1892604376,142.1436299468,368.0607985813,46.888249725,81.9617105546,171.0785,290.8884762781,127.5690348387,194.7513053125,198.9622982845,74.5106862994,377.7248089802,127.9085115049,169.35,21.4586658297
2021-08-31,148.3692597324,290.8748406335,152.2225691868,383.319946073,141.709508913,369.7604990777,46.3442236223,80.6122037846,173.5395,290.0703246481,127.0870696892,194.2171092516,198.9966213618,74.546188711,376.4546787971,127.0378629781,169.69,21.4586658297
2021-09-01,149.0337601382,290.8266634041,152.7589046989,384.3144581487,141.5057378154,369.8946290259,45.7066930332,79.729193182,173.95,289.2788518756,128.3812353684,191.5369186701,197.1860790347,75.7443951018,379.1040909759,127.2507006927,169.7,21.4155588272
2021-09-02,150.1477755245,290.1714530833,153.8051985667,390.1710292613,142.1613491727,370.6457567355,46.8202464622,81.3952509227,173.156,292.9435512103,128.4794134544,195.0552444506,198.1900290454,76.7562138318,372.3862930544,127.8062313223,169.25,21.3638304243
2021-09-03,150.7829597359,290.1618176374,153.9019148066,389.3883114239,141.3019667179,367.7932598381,46.6417378972,81.2119845713,173.9025,295.267506886,128.5686662598,193.756595406,195.9504482522,76.0550412031,373.3587364758,126.6438903126,171.06,21.3207234218
2021-09-07,153.1184832211,289.2368148316,151.5103859659,387.8965433103,141.0538975557,366.9080021803,46.3697248459,80.853782157,175.4645,294.0250844286,128.0867011103,191.7855961467,191.29109051,75.4692514121,379.2330885726,125.5755621786,167.71,21.4241802277
2021-09-08,151.574496984,289.2657211693,151.1411057772,382.5096029002,140.4248650372,362.150860019,45.9447044532,80.2956528139,176.275,296.3758549775,129.0595566898,190.4408957175,192.5524636004,76.7207114202,374.658635335,126.4302246858,167.29,21.4586658297
2021-09-09,150.5582022457,286.4136291848,147.7736221523,381.736093508,141.0361783298,361.7752961642,45.9787060846,79.9707715544,174.208,296.5456825076,128.5151145765,189.1975083343,191.29109051,76.1881752465,375.0853196934,127.9600705736,168.03,21.4069374267
2021-09-10,145.5744492019,284.9297705172,146.8064597535,373.2735324192,139.4148691625,360.7916765444,45.8852015982,80.0290835754,173.4575,296.7065717467,128.6400685042,188.8198869809,190.8105674279,75.3804953831,375.7699992452,126.8319160641,167.18,21.4414230287
2021-09-13,146.1412289599,286.1631075916,145.7777506566,383.0787667015,141.6297723966,365.9601505466,47.06675829,81.611838429,172.8585,299.8349736178,130.0234869887,189.9159099335,191.8660020546,75.0698492818,373.6068087772,127.6011123206,167.74,21.4414230287
2021-09-14,144.7438236946,288.8610324418,144.8985121122,381.2489491823,139.1579403874,360.9794584718,46.3952260695,80.1373773285,172.5,297.7523518007,129.8003549751,186.3515327684,188.9399597156,75.1231028992,373.6266545613,129.1480514586,168.82,21.4414230287
2021-09-15,145.6330815907,293.7076617262,145.4436400097,385.8512174882,140.1236381974,359.4235510732,47.9593011147,81.836756224,173.7895,297.9758090773,129.5236712782,189.4830269186,190.227075114,75.0964760905,371.0367797348,128.6950803298,167.83,21.3983160263
2021-09-16,145.3985520357,294.093079562,145.2677923009,385.2227953099,140.0616209069,354.7111188947,47.4492766434,81.0703696633,174.412,300.6751729775,128.6222179431,187.5212379363,188.4765981722,74.5550643139,370.1834110181,128.1053631998,164.03,21.4931514317
2021-09-17,142.7307783476,288.9381160089,144.854550185,388.2909741805,139.6983767765,350.0433966989,46.888249725,80.6038734959,173.126,300.0316160211,128.8274993956,183.975281325,187.4812289308,72.4604220308,361.9077190439,127.4900061947,163.77,21.5707440361
2021-09-20,139.6818941325,283.5711726462,144.0280659533,381.3968132243,135.5166394706,338.1237153062,45.6386897704,78.9544763326,167.7865,296.0451382082,127.5333337165,175.7505040422,185.1129365977,72.5048000453,352.9572704099,129.0711318329,164.94,21.5793654366
2021-09-21,140.1607253073,284.0529449409,144.6611177052,381.0641191299,135.5343586965,336.0759980977,45.5961877311,79.0127883535,167.1815,298.7355638174,127.7296898885,174.8478969048,184.4007327439,72.7089389119,354.7235451958,128.960025707,166.04,21.5621226356
2021-09-22,142.5255649869,287.6951434887,144.1335745786,377.7002121753,138.1302252868,344.6871407692,46.9307517643,81.3369389018,169.0025,300.2640115887,128.1670286353,176.2386487186,186.2198558403,72.6911877061,340.5635782328,129.7292219635,165.42,21.6224724391
2021-09-23,143.4832273365,288.6394171862,144.9512664249,377.0810314996,142.7992413041,350.4010765606,48.5203280331,83.3528687681,170.8,300.2461350066,128.6936201874,181.0924646514,188.5195020188,72.1320247237,343.292373548,126.7977295639,163.51,21.5362584342
2021-09-24,143.5711759196,288.4370728225,144.5116471527,376.2030887505,144.4471293102,349.4979349097,48.9538488336,83.8027043581,171.276,301.6583849941,128.1224022325,181.2766701897,188.0818827833,71.6261153587,350.2383979867,125.5584689285,163.3,21.5966082376
2021-09-27,142.0565058769,283.4459118496,143.4653532849,374.5303767759,147.9378168071,357.5099638129,50.4074185767,85.7769827808,170.29,305.1621950897,126.4355242094,184.2055382478,186.9749635407,69.9042483972,350.8536172942,125.0969511746,163.64,21.6224724391
2021-09-28,138.675371459,273.184161973,143.1488274089,368.384777532,147.1404516428,348.2907653763,50.9344438637,86.1018640403,165.798,298.3601555928,125.480519191,184.712103478,184.4607981292,68.5817835659,338.0233178666,123.1483206582,162.05,21.7000650435
2021-09-29,139.5744014198,273.6466633759,144.2127060476,370.0390065014,147.0252766746,344.1685049697,50.9004422323,86.0768731742,165.056,301.1578406947,126.756834309,182.2437492655,184.4178942826,69.5403486785,336.9913370928,123.361986285,161.32,21.8552502524
2021-09-30,138.2747168025,271.6424906301,141.9970249158,361.1024734656,145.0230041511,338.0342953407,49.9993989997,84.5107788979,164.252,293.4083423454,124.7754220279,176.8096858872,182.1525711814,69.6912339277,336.7730334676,123.3448930349,164.22,21.8207646505
2021-10-01,139.3985042536,278.5607407816,141.0914092151,362.6642874088,148.0707110011,339.7958686598,51.792985057,86.9099020445,164.163,294.8384689151,124.5790658559,178.9833112385,185.0442904431,70.3036505274,340.3651203916,124.3816713024,164.59,21.777657648
2021-10-04,135.9685095117,272.7891086914,139.9923610346,357.6553929875,147.9112379682,334.5648006818,52.4645172775,87.234783304,159.489,291.8083882456,123.8739686928,177.878078009,183.8086596607,70.4367845709,323.7145075227,124.0650478529,165.36,21.708686444
2021-10-05,137.8936062757,278.2331356212,140.3088869106,363.588437671,150.3121930739,344.9911686517,52.379513199,88.1844362162,161.05,294.4988138548,124.3559338423,177.2978305635,185.1043558284,70.5432918056,330.392613876,122.8670131792,164.59,21.7517934465
2021-10-06,138.7633200421,282.4245545849,140.5990356302,364.346240886,150.633030199,346.9941758775,51.4189671114,87.4097193667,163.1005,295.2853834681,126.0160360238,176.7083728411,186.0825635312,72.0521442977,331.0673705358,123.5601618119,165.03,21.81214325
2021-10-07,140.0239164003,284.1011221704,141.8563467487,374.0036111264,151.5866294317,349.2922689892,51.5634740449,88.0344910195,165.1215,301.649446703,127.0245927254,180.2911705601,187.3782596989,71.8213786224,326.6814522473,122.2679958424,164.16,21.8035218495
2021-10-08,139.6428058734,284.1011221704,141.4958589455,377.4784161124,151.7024872824,351.2505662323,52.8555360388,90.0087694423,164.431,298.8428233101,126.4980011732,179.7477642222,186.8033481543,71.1912108169,327.5050522879,121.4122567897,164.23,21.7862790485
2021-10-11,139.5548572903,283.503724525,140.8979767353,374.2716147024,148.5119403169,344.4814748487,52.3285107518,89.2423828815,162.315,301.193593859,127.0245927254,177.6570313631,184.7353827475,69.078817328,322.9405219424,121.1041907308,163.92,21.8466288519
2021-10-12,138.2844888673,282.2029393294,138.6471260617,372.6543517435,147.3711860945,345.6349924029,52.0564977005,89.2590434589,162.3665,301.935472017,126.837161834,174.9215791201,183.9116288925,70.001880029,321.2734760771,123.1750792382,164.66,21.8724930534
2021-10-13,137.6981649798,285.5078972708,139.9747762637,372.9408383248,143.4854920248,345.4382684789,51.911990767,89.792181936,164.214,302.3645099879,127.131696092,174.0189719827,184.9842250579,71.1734596111,322.0375387654,124.3731139119,167.59,21.7517934465
2021-10-14,140.4832034455,291.7131244263,140.7748833391,388.475804233,145.6867911882,349.8109047887,52.7025286974,90.6418713837,164.993,307.5219039297,128.5686662598,178.9833112385,187.567036624,72.3006611787,325.9967726954,124.8352130003,168.0,21.7517934465
2021-10-15,141.538586443,293.1198995267,141.8211772069,395.6010027548,148.4852038898,363.1076536492,53.2040527609,91.30829448,170.451,313.206657044,128.89890164,183.3029311104,189.3947404897,72.4870488395,322.2558423906,124.1078348056,165.33,21.725929245
2021-10-18,143.2096095224,296.0876168619,140.7836757246,392.4126843501,148.4317310356,369.9214550155,53.1785515373,91.2666430365,172.337,317.3182709317,127.0424432865,182.5292678498,189.3175135658,71.8835078427,332.7542621852,124.6897373614,164.92,21.7345506455
2021-10-19,145.3692358413,296.9933487759,144.080820266,392.1908882872,150.2319837927,368.5533295443,53.9775898756,93.0493248191,172.2075,319.9818816677,125.5429961548,185.2555098158,190.3043020379,72.8065705437,337.3684069909,122.9697018655,165.45,21.6828222426
2021-10-20,145.8578390809,296.2032422126,144.001688797,402.0885375957,152.2550401088,364.7350970202,54.2751041505,94.2655469698,170.753,320.1964006532,126.0338865848,188.0646442741,191.9003251319,74.4840594908,338.1523154633,122.1396349845,166.9,21.6483366406
2021-10-21,146.0728245063,299.431116587,143.6675781501,408.7331779812,151.0608130323,364.4668371238,53.2890568394,93.0826459739,171.7505,325.9079686407,125.1322547441,186.1765375071,192.6554328323,74.3864278589,339.2438335894,121.9941593455,166.75,21.7000650435
2021-10-22,145.3008313878,297.889445244,143.9489344843,415.0913317854,153.0927814908,370.4848007977,53.6545743771,93.9656565765,166.7775,327.132514516,126.4794045476,185.8265469844,186.5459250746,74.9278396355,322.1069990097,123.3376696582,167.77,21.6569580411
2021-10-25,145.2519710638,296.896994317,144.2654603603,415.3963013719,152.3441615324,370.8693066491,54.7001245432,94.8403368903,166.0185,331.8429939047,126.497366545,187.2712986081,186.6660558451,74.8124567979,326.1555389683,123.1494070666,168.93,21.6914436431
2021-10-26,145.9164714697,298.8048126039,145.7337887294,420.1556752224,152.7541200811,373.4267176606,55.9666853135,95.0485941079,168.8035,330.0017059463,128.2935662829,184.8911629203,187.3353558523,75.8597779394,313.374854001,124.1677365392,167.68,21.7345506455
2021-10-27,145.4571844244,311.3887049408,143.9665192552,419.0836609182,149.5724852579,367.5071159487,54.5131155704,93.3575455011,169.6245,332.7904527571,127.3775044166,181.640471767,185.1043558284,75.4515002063,309.8125357531,126.4268876382,168.12,21.725929245
2021-10-28,149.092392527,312.5256875563,143.1839969507,420.8949954322,151.8272572754,370.9319006249,54.6661229118,94.232225815,172.3285,332.1200809276,128.1408893052,189.0124095392,187.4726481614,76.7029602144,314.4762950192,125.9990181119,168.08,21.5966082376
2021-10-29,146.3855305797,319.5306567208,143.210374107,425.5434712512,151.4083865844,369.617427133,54.8021294375,95.3734753674,168.6215,332.2720318756,128.4193002646,188.9383197124,187.592778932,75.7355194989,321.075018236,126.3841006856,166.65,21.7690362475
2021-11-01,145.5646771372,317.3626813948,143.3334675032,419.6658755834,151.3281773032,372.6129959751,55.7881767486,95.4067965222,165.9055,327.5704907779,128.1049653104,190.2071079973,188.5709866347,75.9662851741,327.4355920435,125.4754897956,167.52,21.7000650435
2021-11-02,146.6005160051,320.9856090508,145.5931105623,417.7528845406,151.9252908414,379.0065235039,55.0996437124,94.8236763129,165.6375,328.2944923538,129.3802671244,191.8185617314,189.7980366479,75.8153999249,325.550242553,126.0324350863,167.16,21.7517934465
2021-11-03,148.0370095295,321.8238928435,145.1271141338,422.6416394278,151.9787636956,373.6860355604,54.3431074133,94.1405926392,169.2,329.7961252519,130.2693859947,188.5123032079,191.1795405088,75.6556390728,329.0629463406,124.730039945,165.77,21.7000650435
2021-11-04,147.5190900955,324.1749416415,144.7226644033,422.1148737783,149.9824438065,364.8960529579,54.7511269904,94.5571070744,173.85,332.6653166823,130.5118729593,188.5493481214,190.9135366598,75.2296101339,333.26032968,126.0410034753,167.65,21.81214325
2021-11-05,148.0467815942,323.8087946976,143.6939553064,421.2369310292,149.7685523899,364.0107953001,55.2696518695,95.581732585,175.9495,329.2866426615,131.1585048649,190.6701694151,193.976871308,75.9130315568,338.4996166852,127.9260490746,169.84,21.794900449
2021-11-08,147.2247344199,324.7048911657,143.2015817216,427.530394315,150.6686787684,365.1374868646,55.8646804193,95.9232744218,174.449,329.4564701916,130.1795760078,198.42181755,193.6937059204,75.0787248847,336.0089707793,127.6861341801,170.45,21.7517934465
2021-11-09,147.5868266276,323.7028047927,142.8850558456,429.1291742687,149.5279245461,362.4638298981,56.408706522,96.6313489616,178.8115,331.2977581501,130.5747399501,194.3098321595,195.4270213235,75.389370986,332.7840308613,129.3484016631,171.29,21.725929245
2021-11-10,144.7585928968,318.7405501576,144.4325156837,425.0167056018,149.3853302683,356.8929660513,55.3121539088,95.0902455514,174.1025,329.4475319006,131.8590227627,191.4018064554,194.2600366957,75.6201366613,325.1136353025,126.983526275,173.15,21.9587070584
2021-11-11,144.7096615173,320.3111278382,143.368637045,422.6970884435,149.3764181259,359.7722889384,55.4155572188,95.0985758402,173.625,328.5983942498,131.4818208178,193.1243949298,190.4680835371,75.7710219105,325.2128642231,126.795021715,174.12,22.0104354613
2021-11-12,146.784352005,324.4447341265,145.0831522065,424.1757288631,148.7080074488,362.0703820501,54.9933270362,95.1568878611,176.2575,333.06753978,131.6255167968,193.8097258282,191.6573779369,76.6053285825,338.2614672759,126.2380764244,174.45,21.9845712599
2021-11-15,146.7941382809,323.8184301435,143.7730867754,416.6069382154,148.440643178,361.9809620847,55.4672588738,97.3144326353,177.284,331.6821046656,132.3799206868,192.3649742045,191.7263225397,77.5195156807,344.8800362768,124.6529244432,174.18,22.1052708668
2021-11-16,147.7727658695,327.1330235308,143.0257340127,415.516440906,147.3711860945,360.4429386792,56.0273601363,97.6976259157,177.035,350.6759731688,132.1913197143,190.2534141391,190.7783342501,77.1999939765,340.3155059314,124.335894047,172.92,22.1914848717
2021-11-17,150.2095485649,327.3546387864,143.5620695248,414.8972602303,146.5780054243,350.1238746678,55.4155572188,97.2644509031,177.45,352.928422516,132.1104907261,187.9844131916,190.0199436184,77.910042208,338.1423925712,125.321258792,174.5,22.1483778692
2021-11-18,154.4959374027,329.4300471179,142.7883396057,415.3778183666,145.312481209,349.96291873,54.8123712437,96.447031761,184.803,362.7605426823,132.1284527234,186.5396615679,190.200923201,77.7502813559,336.0784310237,125.7925201918,173.94,22.0880280658
2021-11-19,157.11865934,331.2062105272,143.2191664925,406.6261153833,143.4141948859,346.4040041056,52.2789901487,94.306573389,183.8285,365.2990173434,131.8590227627,185.6320611889,188.2963285464,78.3804491615,342.6374626723,127.1206205004,172.61,22.2001062722
2021-11-22,157.5786143066,328.0400061889,141.346388393,404.3527057382,146.471059716,354.2461350744,53.0028133187,95.9919736819,178.6285,365.388400254,132.7391606343,187.4287394902,187.9946959087,77.5372668865,338.3805419806,125.6297207992,168.74,22.3121844786
2021-11-23,157.9602790661,325.9645978574,142.2226120906,413.215306753,149.9735316642,363.3490875559,54.3987580037,98.006027032,179.002,365.0129920295,134.2120444195,190.1608018555,186.1504277816,77.492888872,334.6495345677,123.8132223126,167.28,22.3035630781
2021-11-24,158.4789516881,326.1866182835,141.8243285917,416.0154820476,148.7971288724,356.9555600271,54.7003509912,98.7560301623,179.0205,368.3559128861,133.5115265217,191.7722555896,182.8841772201,77.7458435545,338.4301564408,125.8010885809,167.12,22.3897770831
2021-11-26,153.4585921589,318.2421482516,140.9038511719,406.5429418597,144.3143212644,348.1924034143,52.7787728137,96.4975937698,175.228,359.9449809983,132.4427876776,184.0483911398,179.436947076,76.7473875887,330.5513801489,128.9799609323,166.85,22.2173490732
2021-11-29,156.8152847876,324.9510263466,141.3906421151,417.7159185301,143.6904712991,345.6439343994,53.0717488587,96.7841118196,178.0785,363.6275569152,133.8348424745,181.4459859715,178.9629529312,79.0384874388,335.4235201481,127.9431858527,166.62,22.2604560757
2021-11-30,161.7671403856,319.1205768943,138.0096577465,410.5260294899,141.5515571323,340.6811263177,51.5637839212,95.1155655296,175.3535,358.0768781667,129.8472790562,179.0658502837,174.2919560859,77.3625077819,321.9581556289,129.8882101756,165.5,22.1569992697
2021-12-01,161.2484677636,318.6282707319,139.9125677969,410.6369275214,140.7138157503,338.4366851852,51.5206992087,94.4666864169,172.186,359.3818686615,131.4818208178,177.3247393526,171.8616588343,78.3074750353,308.2050272402,130.6886339537,166.16,22.2173490732
2021-12-02,160.2600538992,318.0587400735,139.0363440992,412.1894999619,143.6726470144,348.3790718675,52.8046236412,97.0284948621,171.868,365.9785839471,132.2541867051,182.2517128386,175.8087373493,79.0028282972,307.996646507,130.8516301494,165.24,22.2259704737
2021-12-03,158.3810889292,311.8035558929,141.0631645715,416.5792137076,141.0703014448,344.0551225056,52.4685628837,96.4133237552,169.4895,366.0144844385,134.6072083618,183.1870969026,175.3778335813,78.4768559581,304.4740198273,132.4129621292,166.63,22.2173490732
2021-12-06,161.7867129373,314.8732296111,144.2140295852,426.5829743145,142.7368720664,349.9612238169,53.0631319162,97.9217570173,171.3685,373.0958563573,136.6458950644,186.4100043709,177.7478043054,79.4753119239,315.4189697644,130.5942677352,166.22,22.2518346752
2021-12-07,167.5214706062,323.3003527434,144.5857608508,430.8663268635,144.8846983756,359.6788730064,53.6577009487,99.3712012692,176.1645,373.5266622535,136.2866551168,189.3828586735,178.5234310878,80.5985748855,320.3208784398,129.5390818368,166.81,22.2604560757
2021-12-08,171.3381182015,323.3486180534,145.453133804,434.6953844452,143.2270398963,357.1708025865,53.8128059137,99.8178323468,176.158,369.1019266946,136.8973630277,189.1050218228,176.3689122478,80.5183418168,328.0111197827,127.3000288328,166.9,22.1569992697
2021-12-09,170.8292318554,321.5434954581,146.8338499336,438.8303957804,143.0042363373,356.4246741104,53.9506769937,99.5565953014,174.171,369.1827028001,137.6966719111,189.0494544527,177.5323524214,80.152835615,327.2768257706,128.0120648456,165.88,22.2345918742
2021-12-10,175.6147207634,330.6559859928,146.4709694123,443.3826167795,142.4338592261,351.5433757664,54.2953546937,99.7251353307,172.212,372.8266026722,139.6186056307,188.4289521527,180.8158391336,80.4826826751,327.2073655262,127.7032299485,166.58,22.2001062722
2021-12-13,171.9840124099,327.6249245226,149.0907897608,443.2991748467,140.7405521774,345.7721169508,53.1062166287,97.6520929704,169.5675,363.7078778692,141.6034063411,186.3822206858,180.3159907628,81.7842413449,331.9108163605,129.5905543196,167.0,22.2690774762
2021-12-14,170.6041475101,316.9486379427,150.7193267341,444.5229898607,141.8189214031,349.5297278307,53.0286641462,97.9386110202,169.0915,360.9794405266,142.1243042651,186.7434085918,178.1183815459,80.2598130399,331.1665994563,129.2817194225,165.44,22.3121844786
2021-12-15,175.4679266251,323.0397200692,151.4716400098,458.3558080494,140.7583764621,350.5095832994,52.7960066987,97.3824289236,173.315,366.0144844385,142.6721451852,187.5861803722,180.7727487568,82.0160257655,339.0255299642,128.037801087,166.15,22.2776988766
2021-12-16,168.5783884018,313.6279846122,153.1267292164,456.9465665181,142.9596756255,357.2157500851,52.8821761237,98.2925450818,168.871,358.583082729,144.6928698904,190.9387450375,180.6434776264,82.22106583,332.3176549347,128.0872198178,168.16,22.1828634712
2021-12-17,167.4823255026,312.5661477914,148.8960733835,451.6248254723,139.7067436634,343.2190990324,51.7275058287,95.7307366365,170.0175,348.2168158516,141.4148053686,186.4933554261,176.8170521665,81.0710585122,331.2162139166,129.5386574032,167.8,22.3380486801
2021-12-20,166.1220331546,308.8111066707,148.4712376513,448.4818460045,137.1935195174,334.0587988251,50.9778318312,95.7728716439,167.079,349.4912832945,141.7740453162,181.0199694671,172.2322360748,80.1795799712,322.9405219424,128.5681695502,167.09,22.3121844786
2021-12-21,169.2927865414,315.9350664319,147.9932974526,451.7082674051,139.1096301252,341.8886530749,52.1325021262,97.3065859104,170.417,350.4516214382,141.6842353293,183.6594195489,173.8007257904,80.6342340271,331.6230524909,128.0786314297,167.02,22.2863202771
2021-12-22,171.8861496511,321.6400260782,148.6305510509,458.1240249028,139.6532708092,343.6955425171,52.5547323087,97.8627680071,171.037,355.0917599452,143.0852711249,187.215731238,173.9472330715,80.9462515164,327.9019679701,128.6712302072,168.59,22.2001062722
2021-12-23,172.5124713077,323.0783323172,148.9137748724,459.2829406357,140.1523507815,346.1316969393,52.5805831362,98.0987240481,171.0685,356.3752025109,143.7857890227,190.9665287226,176.8601425433,80.8571036623,332.6550332646,127.5547397569,168.97,22.1828634712
2021-12-27,176.4759130413,330.5691084348,150.17058058,463.1027268916,140.9544435941,348.8285468531,53.3302571337,100.1043503966,169.6695,362.6757387429,145.4652357777,191.133230833,177.9029296619,81.4098203577,343.5106771732,127.8639217277,169.37,22.1914848717
2021-12-28,175.4581403492,329.4107409939,150.7724312006,466.2920629887,141.3822264274,348.4419983655,53.1579182837,99.9105293629,170.661,364.5874399073,146.2465826637,191.3555003136,178.4372503342,81.9090483406,343.5503687414,127.357206831,168.64,22.2173490732
2021-12-29,175.5462168322,330.0864553344,151.8345205311,468.7396930167,141.3109292885,347.174478906,52.6926033887,99.3964822736,169.201,368.7339466583,147.4590174868,192.0130475269,178.8509179515,82.0071109801,340.2956601473,125.9658879621,168.59,22.1569992697
2021-12-30,174.3914362777,327.5477000265,152.507177107,467.6734905424,141.2396321496,346.5631929255,52.3823934587,98.9582781974,168.6445,367.9261856029,146.1837156729,190.8553939823,178.4889587864,82.7024642421,341.7047108191,127.0222596959,169.8,22.1914848717
2021-12-31,173.7749008969,324.6517814244,151.4096847989,465.5503569196,141.1237742989,343.8933115108,52.7270711587,98.8908621857,166.717,372.4765728815,146.9111765667,191.4666350539,179.6954893368,83.2284365812,333.7564742828,127.2713229502,170.96,22.0966494663
2022-01-03,178.1200073901,323.1362506893,151.8256697867,465.6801554817,144.1093419901,355.3818921437,54.7520526462,100.5004194654,170.4045,366.759419634,146.3004686558,191.7074269911,178.2217984502,81.7129230616,335.9295876429,123.9304399873,168.33,22.2345918742
2022-01-04,175.8593776605,317.5953930972,151.4185355433,455.1293866488,149.5724852579,366.3041342947,56.8115019038,102.3290787832,167.522,370.5289712258,146.8123855812,201.9688680108,180.1177750295,80.8392740915,333.9350863398,123.4151367025,169.57,22.2518346752
2022-01-05,171.1815377873,305.4035757821,152.4275204072,454.0075562193,146.8542818376,358.3484270489,57.5180911888,102.9948118989,164.357,365.5029024367,147.4769794842,203.5154931464,181.8930985537,79.9923694776,321.6703917593,122.7452424323,169.06,22.2259704737
2022-01-06,168.3239452288,302.9903102803,151.9053264864,435.4278191884,148.4144628755,356.8202120977,58.8709511613,103.8712200512,163.254,364.1745842568,146.237601665,205.5900082984,181.686264745,76.4621144556,329.8964692732,123.0630127913,166.99,22.2432132747
2022-01-07,168.4903119188,303.1447592725,153.958699192,425.1830041091,149.8849783366,357.3416030811,59.3534999413,105.3627993105,162.554,353.2698100091,146.1567726768,207.6274785369,185.9349758976,77.0326607218,329.2316355055,122.1784088191,167.75,22.1225136678
2022-01-10,168.5098844706,303.3667796986,153.1975351718,431.1166526618,150.0284432596,358.8338600334,59.0002052988,105.4302153222,161.486,347.750109464,144.1629909677,205.2658653059,183.9614366401,75.142726215,325.5403196609,122.4790024019,168.26,22.1742420707
2022-01-11,171.3381182015,304.0521471011,151.5689981985,434.8251830073,150.1808747403,362.3217859219,61.4818847389,107.840337741,165.362,347.0410747599,142.4925252114,203.7007177135,186.4175881178,75.5884654854,331.7917416558,123.2948992694,170.29,22.0794066653
2022-01-12,171.7785006163,307.2280045015,150.2767895131,439.201248815,151.0326977208,350.8691632879,61.3009289464,107.3010096473,165.207,349.4912832945,142.8068601655,205.969718661,188.0894947377,75.8559090477,330.6903006376,122.822537925,170.74,21.9328428569
2022-01-13,168.5098844706,294.2253299779,149.3651628378,433.3695848467,150.8444000094,351.3096487738,60.8614648789,106.8543785697,161.214,347.3193035678,142.1602282599,210.2298837053,189.1064276302,75.6865281249,323.9625798241,123.9132632111,170.16,21.9242214564
2022-01-14,169.3710767485,299.4379834617,148.5508943511,434.5377719055,141.5729793585,342.4460020571,61.9299657489,108.674610886,162.138,333.8745695572,143.5253400607,212.0265620065,187.5724102161,74.1710146054,329.3407873181,122.0409946098,169.67,21.9845712599
2022-01-18,166.170964534,292.1499216463,147.895939264,427.3988509905,135.6371181681,318.5878698195,62.9726157914,109.0285449475,158.9175,329.1357046989,140.7591924643,212.8878562437,184.0734716198,72.4326314506,315.696810742,120.3233169939,169.39,22.1225136678
2022-01-19,162.6772640429,292.8063298628,147.4357005542,428.8173638476,133.5389436687,312.2233040228,62.9984666189,108.6324758787,156.299,322.8261933441,145.4921787738,206.3123841102,181.6087020668,73.6272126954,317.1257071979,121.1563906376,172.08,22.0707852648
2022-01-20,160.9940245906,291.1363501356,146.2585515463,429.2623874891,132.4001908422,312.9244850004,63.1363376989,108.2448338113,151.6675,313.7523441554,146.2733460398,201.6306585302,180.0488304266,74.4473729531,314.1190709052,121.9035804005,171.65,22.1397564687
2022-01-21,158.9389066547,285.7595945976,145.9222232583,427.565734856,130.0868189583,309.1578846208,62.1884740239,106.9470755858,142.643,313.3215382592,146.8331576111,199.2665267263,176.756725639,73.6361274808,300.832318443,123.355017986,171.09,22.0794066653
2022-01-24,158.1657908597,286.0877987058,144.2405818184,428.585580701,129.9702537084,308.6904306357,62.7227244589,107.1746046253,144.544,326.5239439532,145.6413007174,199.489909259,176.1965507405,73.029922073,306.3296006417,122.3415881926,172.03,22.1483778692
2022-01-25,156.3651160968,278.4811858442,148.3650287183,423.5512507571,131.3869698233,307.0363626886,64.566750154,111.7336124176,139.986,322.1889596227,144.0521581925,199.4712940479,174.3436645381,66.9500384238,297.8356050423,122.1440552668,172.58,22.1569992697
2022-01-26,156.2770396139,286.4160028141,149.0288345498,425.0253915694,132.6333213421,308.0521761561,63.9118625239,111.8178824322,138.8725,320.6631887403,142.7970967666,199.4526788369,172.9216821036,64.7570012131,292.3581686277,120.6668525171,169.79,22.2776988766
2022-01-27,155.8170846472,289.4374112223,150.9848490667,427.9644018682,130.2930497852,306.5689087035,64.7304720615,114.0763188247,139.6375,319.9003032991,143.681960218,197.4794664652,172.9216821036,64.6411090028,292.3680915198,122.8826566416,167.6,22.4673696875
2022-01-28,166.6896371559,297.5652894323,152.0469383972,432.0994132034,131.4587022848,311.9446295317,64.8683431415,110.0650661276,143.978,328.9741524879,144.9189632061,187.23179278,174.0765042019,64.6321942174,299.3835762029,122.925598582,167.1,22.458748287
2022-01-31,171.0445299249,300.1909222983,152.4894756182,438.1350463406,133.243047265,318.8395758114,65.4542952315,110.6718102331,149.5735,329.3690578927,144.8738171116,187.6040970011,176.2224049666,69.6423036174,310.8445165269,122.2900578641,168.09,22.3035630781
2022-02-01,170.8781632349,298.0479425327,151.2415206549,434.2781747813,135.5295194758,327.271726542,69.6507462291,113.5875527398,151.1935,330.9127790208,144.2327425704,191.1316794958,176.9635594476,68.848887716,316.5402565667,121.8848010312,168.23,22.2432132747
2022-02-02,172.0818751688,302.584881676,152.9143113504,444.8196722884,134.4445659954,326.3727765707,69.4697904366,114.1100268306,150.6125,335.4272658081,146.8150991733,190.7500676692,178.8681541022,69.2946269865,320.5094133888,122.2976200016,168.84,22.1569992697
2022-02-03,169.2047100585,290.7984929653,152.9054606059,453.1545942398,133.3327128419,322.6151656908,68.6597978416,113.0903596534,138.8455,327.421456237,148.2055988825,186.701259265,165.2429769577,67.5473290463,235.9266815088,121.3429761324,168.6,22.0449210633
2022-02-04,168.9209080578,295.3257790467,151.9053264864,447.9626517562,136.79380411,330.4540094403,70.1505288941,114.5060958994,157.6395,322.8082430985,145.8489727519,184.6722012601,165.036143149,67.7612838961,235.261847741,119.5540939271,168.86,22.0276782623
2022-02-07,168.2055982203,290.5089011051,151.4008340545,448.4540320269,137.2510985522,330.9484319245,70.9949892591,116.7561052904,157.9355,320.7260146002,144.7564372661,185.9845736394,165.8807145343,67.4670959776,223.1757652176,119.631497484,170.11,22.0362996628
2022-02-08,171.3118066926,293.9936564897,151.7991175534,457.4564894406,139.8334671667,332.7013843685,69.1595805066,114.9780079814,161.4135,324.3968398407,144.431385386,187.5482513679,167.6732742092,67.2709706986,218.4822372754,118.8316607287,170.63,22.0707852648
2022-02-09,172.7326276027,300.4129427244,151.7814160646,461.8047412707,140.4162934165,336.6837327412,68.8321366916,116.1156531791,161.1895,327.0265508321,144.1063335059,189.5028485286,169.4485977335,68.3407449477,230.2110956849,119.0552710044,171.21,22.0449210633
2022-02-10,168.6563414056,291.8892889721,149.9493119695,451.2539724378,139.8334671667,333.123890855,68.1699541107,114.6409279229,159.0035,318.6976368389,141.9122333153,189.0095454356,165.251595033,67.2620559132,226.3113991071,117.1631840564,170.56,22.0794066653
2022-02-11,165.2463712214,284.8039414589,148.4358346737,443.2899035209,138.0132559558,326.3727765707,69.8864010637,116.9752073285,153.2935,314.3895778768,141.1176620528,187.3062536242,161.1493911615,66.8252314281,217.8570950759,118.9004638905,173.81,22.1742420707
2022-02-14,165.481541579,284.7653292108,146.568327601,439.8316989737,136.7310382062,323.8377376517,68.8147108342,115.1718290151,155.167,315.5294184772,141.523976903,186.0497268781,160.8908489007,66.7895722865,216.0213600457,117.421195913,174.74,22.2345918742
2022-02-15,169.3128586537,290.0455541288,148.0818048968,443.3826167795,138.7305805709,327.1638525454,67.9521308933,114.3375558701,156.5105,317.0551893596,141.5962106541,189.3260040235,163.338382303,66.9411236384,219.2959144239,116.0881346542,173.08,22.1483778692
2022-02-16,169.0776882961,289.7076969585,147.9932974526,445.0699980867,138.9816441862,323.6669371572,68.2657963264,114.3716203885,158.1005,314.2100754201,142.6706877022,189.5400789507,162.9333327611,67.0659306342,214.8703045672,116.7761662716,174.86,22.1052708668
2022-02-17,165.481541579,281.2244365167,147.0905215218,436.067540673,135.7805830911,313.7874769729,68.161241182,113.7840074468,154.6525,312.28042401,144.3049763215,181.2563100317,159.0810530751,67.1996524153,206.1083908823,117.6448061886,177.25,22.1138922673
2022-02-18,163.9333367253,278.5159839241,145.5239397594,433.7218952295,136.4172086871,311.0726480596,67.4032163856,113.6222009846,152.6015,311.3200858664,144.3772100726,178.6594880897,156.9610065364,66.10313381,204.5703426137,118.8832631,177.12,22.1742420707
2022-02-22,161.013304786,278.3128499796,143.546325005,428.8080925218,136.1751116294,309.4815066105,66.619052803,112.7535557665,150.1975,283.7664587551,142.598453951,177.9707252807,157.3315837769,65.7732867498,200.5218026552,119.1928773279,177.49,22.1828634712
2022-02-23,156.8488297048,271.1064314743,143.6175904016,426.1286793472,133.3237462842,306.7127406989,66.8891535925,115.4361365872,144.827,276.8376639245,140.8196978294,173.7450723714,154.2290766472,64.47172808,196.919792839,117.5502018412,178.29,22.2087276727
2022-02-24,159.4650999323,284.9582318765,140.8738726343,422.6704748,129.6115914008,305.8137907277,66.0439995091,114.8400075159,151.358,281.1367477637,137.0274258951,171.9021664771,157.9865575043,67.2531411277,205.9992390697,117.6276053982,177.14,22.3897770831
2022-02-25,161.5326393255,287.5893001093,147.8756978456,441.0833279653,132.6781541306,314.7403639424,67.8214369629,119.549427179,153.7885,284.1972646513,142.8783597367,174.108068987,163.3758104805,68.7864842181,208.8570319817,117.7136093504,176.55,22.2776988766
2022-02-28,161.7972059777,289.0209107654,146.6018288822,441.1945838757,127.1457880362,306.8026356961,68.3267868272,122.6322660904,153.563,283.4613045786,140.7564932972,174.5920644744,164.4068733489,70.1549037785,209.4027910447,120.2937279158,178.38,22.3121844786
2022-03-01,159.9158431175,285.3064614955,146.0940629318,441.5468942585,122.3486796723,296.8332805146,68.9802564794,127.5034922157,151.142,287.4283088728,138.4269548232,170.1709518491,159.0782711297,69.4109588425,201.920930435,121.6824535126,181.62,22.4846124885
2022-03-02,163.2082281229,290.3751370617,147.9113305439,450.011614772,124.8862154984,304.2315018267,70.1652147819,131.2676214943,152.0525,293.8185963332,138.86035733,179.2737900544,161.5389589838,69.5095539545,206.5053065645,117.5230320656,179.73,22.4673696875
2022-03-03,162.8848688813,286.244746858,150.0849251387,451.1334452015,123.9985262872,301.5543948482,70.6095741454,133.0389764489,147.8985,291.1170843591,139.3750228068,181.3586936925,162.4747135198,70.6209897624,201.4049400481,118.7200498319,180.8,22.5535836925
2022-03-04,159.8864468228,280.382881604,150.9757425956,462.3146641932,120.510535346,298.1627897235,73.2670173974,135.1083959392,145.641,291.0273331307,140.0793018803,182.1126097402,162.3967339752,71.8937630263,198.51737846,120.7696198203,183.68,22.7260117023
2022-03-07,156.0943248077,269.7908973579,153.4076742529,451.3930423257,115.8568919052,291.1263396248,75.907034792,137.9953638701,137.453,289.6900398279,138.0025815353,183.080600715,157.830598415,75.4521502501,186.0244573622,119.8481744894,186.41,22.8898183117
2022-03-08,154.2717545369,266.830945596,150.2987213284,438.9601943425,115.0409351554,290.6560370475,76.4820880859,145.2255578917,136.0145,284.2780407568,132.5399041061,195.4597160658,158.766352951,73.4533584342,188.8227129219,118.6425450844,191.51,22.8467113093
2022-03-09,159.6708739951,279.0673474876,150.8688445008,450.1877699635,119.6497458078,301.7081476139,72.134336667,141.5976866865,139.279,286.3961697465,134.3276894466,195.2549487442,160.6378620231,71.9923581383,196.9694072993,117.4799738725,185.82,22.6225548964
2022-03-10,155.3300211458,276.2524914003,151.1360897378,455.6300382454,118.2330296929,298.3708081712,74.3735593417,145.4725256497,146.8175,287.0643070908,130.8694986112,197.1257774551,159.7367650625,71.8489470663,193.7047758131,115.7920927056,186.4,22.7346331028
2022-03-11,151.6162892499,270.9129705749,150.8599363262,449.0288542305,115.5699620591,295.7479668747,73.9901904791,145.5406546865,145.5245,286.0259855422,129.3164729619,199.9552895353,157.8999135658,71.0781125544,186.163377851,116.1796164429,185.09,22.8553327098
2022-03-14,147.5889968772,267.4016552494,152.9444491754,453.7249333281,116.7176814434,293.9210222475,71.3414601558,141.980912518,141.853,287.4435201781,130.968820019,200.5230534725,158.7316953756,71.0601861704,185.1909344296,113.4669502818,182.3,22.8467113093
2022-03-15,151.9690447861,277.7614864161,156.9085868586,463.0148006915,118.7889562696,297.7015314266,67.2812353838,134.7932991444,147.3665,296.6349231038,135.6820722803,201.4724292362,162.7086521539,73.4802480102,190.5492961395,113.2688825939,178.89,22.8208471078
2022-03-16,156.3784889897,284.764770977,155.4654625784,463.34027152,124.0971584218,308.1928966123,67.0285604517,134.3078797578,153.104,298.7747683821,135.2215821168,201.1187402262,165.515915762,73.9552971862,202.0598509237,114.3797839741,180.01,22.6570404984
2022-03-17,157.3877617741,285.5676337098,157.4965263801,471.4863414003,125.6663060174,310.4630109758,68.8147108342,136.6327831357,157.239,303.6955096341,135.6459554047,206.3496145323,166.2957112087,74.1166346422,206.237388479,113.5272317521,180.89,22.6053120954
2022-03-18,160.6801467795,290.607290141,155.7505241646,470.6494164126,125.621473229,312.371354126,68.5446100446,137.7313638528,161.2505,307.6501604017,135.5737216536,205.6143136957,168.7130770936,73.8298124982,214.820690107,114.9137055677,179.3,22.6311762969
2022-03-21,162.0519738651,289.3788134294,156.6324334469,472.0814880582,125.217978133,306.6011032738,71.620273874,140.2095575634,161.4915,297.3843203953,136.0883871304,208.2204432432,167.2401301387,73.3189105542,209.8592440793,112.2527092383,180.67,22.7173903018
2022-03-22,165.4227489896,294.1186054665,155.8930549577,469.9054830902,127.8810457667,310.2278596872,71.306608441,139.7411704359,164.889,297.7093601845,137.1357765218,207.2896826905,168.981673303,74.2600457142,214.9794563798,110.8145655909,179.36,22.7087689014
2022-03-23,166.7847773103,289.6980239135,155.3051154361,467.9619572854,125.3345433829,303.5350922411,72.4305762426,141.2485253733,163.408,286.260736501,136.1786793193,206.7870719921,166.6509513567,74.0090763382,211.8140538142,113.243047678,181.81,22.7346331028
2022-03-24,170.5671005605,294.1572976464,156.1068511473,477.4750046455,126.1505001327,304.0958376217,72.64839946,141.6232350752,163.6495,285.1140683561,136.4134390105,206.8243024142,168.687083912,75.0219170341,217.87694086,112.3560489015,183.13,22.7604973043
2022-03-25,171.2040202788,293.7510297575,157.6034244749,477.0751404847,127.2533867285,305.2354169436,74.2341524825,144.1865900817,164.7735,280.5093380102,137.9935523164,207.8946770498,171.3730460062,75.2370336421,220.1095915725,110.7973423137,182.38,22.7691187048
2022-03-28,172.0663115897,300.5415073289,158.4140683607,477.2332263158,126.3118981711,303.2547195508,72.1517625244,141.6658157232,168.9905,283.7597359014,138.9416203,206.4892286152,170.7838672243,75.67623005,221.8659434663,111.7446225605,179.06,22.8380899088
2022-03-29,175.3586965951,305.0975115115,158.3338947896,474.9363321829,126.5898614594,307.1980257757,71.7683936618,139.9370414165,169.315,286.8566427811,140.3682368849,205.7353125675,171.1564361599,75.846530698,228.087596785,112.5885631439,179.14,22.7001475009
2022-03-30,174.1926435723,303.5981895406,159.9819070849,484.3191912116,126.0160017673,303.5170036804,72.9969166078,140.9249124489,166.301,278.5049259773,139.4021104635,207.634064095,170.2899967747,76.635291594,226.0930954819,113.4669502818,180.58,22.5794478939
2022-03-31,171.0962338649,298.2296495802,157.8795778866,474.2295955266,122.2321144224,298.5516937778,71.9600780931,138.6681381077,162.9975,270.2615557699,137.9664646598,207.3920663513,168.5917755796,75.927199426,220.6454277435,113.7425227172,180.65,22.6742832994
2022-04-01,170.802270918,299.3033575723,158.7347626452,476.6659771574,121.3264920957,298.6602251418,72.421863314,139.8518801206,163.56,272.5729498259,140.0341557859,204.5532466656,169.8481126882,76.823518626,223.1162278653,114.1745918775,179.5,22.7087689014
2022-04-04,174.8491608204,304.6718975326,157.2025566193,474.2760913592,121.8644855571,296.842324795,72.4567150287,139.9796220645,168.3465,275.9046076644,139.1222046779,205.5212376404,169.8827702636,76.742849898,232.0865222833,113.3811138255,180.37,22.8122257073
2022-04-05,171.5371782853,300.7156221384,158.2180885202,481.4736462534,120.4567359999,292.9985056536,72.0820590948,139.1194929759,164.055,275.2545280861,139.609782498,201.062894593,167.7686581637,77.3792365299,230.052329412,110.8195596793,179.24,22.9329253142
2022-04-06,168.3721772236,289.7076969585,162.3336651711,494.4831802288,118.7854823505,286.0344097976,72.8836485348,140.3543317664,158.756,269.5482740105,141.605239873,201.239739098,167.7599937698,77.5226476019,221.5781795967,109.92258449,179.66,22.9501681152
2022-04-07,168.6759389354,291.5165563686,161.9149809663,499.3187468243,118.4241302102,284.1260666474,74.1034585521,142.3045254424,157.7845,273.3494337666,143.4381713079,200.9512033267,166.9628695354,78.0514759299,221.2308783747,109.0946073923,180.34,22.9932751177
2022-04-08,166.6671921315,287.2604165802,162.2356752508,507.6972958678,120.5922430525,290.6741256082,75.6630727885,144.7145901163,154.4605,280.8975799806,144.5577944504,202.0029627512,164.7621134969,77.1641199219,220.6156590673,107.9130150757,181.47,22.9932751177
2022-04-11,162.4145281662,275.9332809161,160.2046114491,499.7744059843,120.1495866805,290.1043359472,73.0579071087,140.9930414856,151.122,276.9339003299,144.0070120981,201.0908174096,163.990982444,75.81067793,214.7909214308,106.2053123115,182.37,23.0450035206
2022-04-12,164.2860922616,272.8379065246,160.2580604965,496.3058168686,118.8306513681,289.2179964746,74.5826696303,143.931106194,150.7875,276.5456583596,143.5736095913,201.6958117689,165.4812581866,75.1922176821,212.4888104739,106.0586913671,183.77,23.1225961251
2022-04-13,166.9709538433,278.2161195299,160.9350817638,499.365242657,115.0003186799,291.1986938674,75.6369340025,146.1963966649,155.541,280.2745870514,143.9799244414,203.1571058366,168.8257142136,74.8874691541,213.3322562986,106.274310403,184.65,23.0277607196
2022-04-14,161.963784981,270.6808174955,160.2580604965,497.3380243534,113.9343298658,290.9002326165,76.5256527294,146.1282676282,151.7065,274.9475460631,143.1763239601,212.0365615093,169.1203036046,74.2241929462,208.55934522,104.1439943285,184.04,23.1312175256
2022-04-18,161.7482121533,271.3482575987,158.262629393,496.6498860302,116.0482398871,298.3527196105,77.1529835954,148.0869774338,152.785,271.0560974767,141.8129119075,214.0004662755,166.4170127227,73.2382418262,209.1447958513,103.6265086424,184.61,23.226052931
2022-04-19,164.0313243742,275.971973096,163.0908600095,500.0161843141,118.4512316207,303.8425977724,76.4646622285,146.3326547383,158.1155,277.9090196973,143.9347783469,216.0853699135,170.861846769,73.3458001302,215.6343672555,102.8502801133,181.82,23.277781334
2022-04-20,163.864745371,276.9973158632,163.8124221495,507.7437917004,118.8667865821,308.4642250223,76.6389208024,146.9287838096,153.998,284.5362198421,147.7631671569,218.8031907274,170.1167088976,73.0589779862,198.874602574,104.9202228577,182.71,23.1139747246
2022-04-21,163.0710454143,271.6287759029,163.3402888974,499.7744059843,117.9453386241,302.3502915175,75.8286184337,140.1584607858,148.296,280.2204137532,147.6487669535,216.4669817401,169.7701331436,68.2815966506,186.6198308856,104.1439943285,182.06,23.1829459285
2022-04-22,158.5342172671,265.0704514108,161.7190011258,484.4307812099,114.557662308,289.2089521943,74.1731619817,137.0671057448,144.35,270.9658086463,146.4138962626,202.3566517613,165.1693400079,66.2828048348,182.6903656316,103.4885124595,180.29,23.3208883364
2022-04-25,159.6022826408,271.5417184981,165.7009551582,487.5274036644,114.5215270939,290.7012584492,71.6725514462,134.1205249068,146.074,275.3267591504,147.5942873642,202.7308665588,166.2004028764,66.3634735628,185.5481585436,104.5234838317,177.05,23.4329665429
2022-04-26,153.6446335835,261.3850212759,164.5161679405,477.7725779745,111.1338507777,283.1945057731,71.6986902323,133.3029764662,139.391,270.8303754009,145.0882262561,196.7434297984,162.6046794276,65.9422035388,179.5547317421,105.5757047268,177.32,23.5795303513
2022-04-27,153.4192619909,273.9599797415,162.2178589017,477.8004754741,109.6884422162,283.2939928568,73.7462284756,133.0560087081,138.167,272.311112218,144.6977891994,200.1674951958,161.4609794391,65.6733077788,173.6009965089,104.2216171815,175.98,23.7260941597
2022-04-28,160.346988773,280.1604015696,163.4293706431,487.6668911623,111.42293249,287.9789300691,75.9767382216,137.7824606303,144.5965,281.4844573776,148.3751614776,198.7454789652,164.5541680444,65.8704980028,204.1436582554,104.3768628873,176.93,23.8640365676
2022-04-29,154.4775285997,268.4463441066,160.7569182724,472.9091138793,107.8274786931,276.2937198794,74.277717126,133.4222022804,124.2815,271.2276462542,145.778301054,196.9679586769,167.6646854374,63.656589579,198.9242170342,103.022775342,176.91,23.7692011621
2022-05-02,154.7812903116,275.1691103632,159.1356305008,466.0277306472,108.8121632757,280.7525500833,75.2884168547,136.0451701941,124.5,277.1596224057,143.8079559074,198.3993302774,170.5759217718,62.6258224991,209.5020199653,101.2401492753,173.63,23.889900769
2022-05-03,156.2707025759,272.5670612653,158.8238443909,464.6049581681,111.1428845812,284.5873249443,76.8393181624,138.3785897016,124.2535,275.3448169164,141.8376107608,199.8494126179,170.7232164673,63.423546587,210.3950802503,101.9226865506,174.09,23.8467937666
2022-05-04,162.6790948185,280.4989581437,160.5253057336,472.0442913921,114.8196426097,293.1341698586,79.8975561344,142.7218157923,125.9285,284.6897108536,142.8818028892,208.2411794523,178.3565474513,65.4850807468,221.6873314093,102.4842678531,175.8,23.6485015552
2022-05-05,153.6152372888,268.281902342,157.4608936818,460.0483665684,111.9468930936,283.1492843715,78.6864590458,141.5891705569,116.407,270.0629203432,140.2486227393,202.0105030736,171.4423611571,64.3915713229,206.6739957295,99.6763613406,175.13,23.8467937666
2022-05-06,154.3403458912,265.747564559,157.1134748736,464.6049581681,111.7662170234,283.0497972878,79.8888432057,145.3618159651,114.7725,265.7290564883,141.6469321982,200.8130157215,169.3282490571,64.9562524189,202.1987714125,98.2076102417,175.42,23.889900769
2022-05-09,149.2179107084,255.9294239108,157.9686596323,452.3300583486,110.0859295706,279.3687751925,73.5893957591,135.6193637146,108.789,268.1849126728,141.2928148677,192.9919264532,168.0545831608,63.378730627,194.6970650186,99.0715814763,172.88,23.8985221695
2022-05-10,151.6221187923,260.6885620378,157.7548634426,453.8086258269,107.4028899282,275.9048158251,74.077319766,136.9223315418,108.859,262.8849583335,140.5482604805,189.9046543736,168.7563990628,62.7333808031,196.1259614746,99.9701115603,171.42,23.9502505725
2022-05-11,143.7618303221,252.0311867864,156.899678684,452.0789808523,106.7253546649,272.7302734284,75.6195081451,138.9491703841,105.372,255.481274248,138.5688354024,191.9815464999,166.3736907534,62.921607835,187.2846646533,101.8967674136,172.82,23.976114774
2022-05-12,139.8954711994,247.0012034002,158.449701059,445.2440934528,106.6350166298,270.7947974372,75.9593123642,140.2691704705,106.9305,261.5577125279,138.0058796462,189.9420758534,168.0025967977,61.4068283872,189.7653876671,101.706693742,170.17,24.1830283858
2022-05-13,144.3604290695,252.5825503499,157.541067253,451.3815433626,107.5835659984,277.6503619293,78.2125665896,142.9602674208,113.055,267.2820243697,139.485908489,191.1582739454,168.533809653,62.5630801551,197.088482004,100.2033837937,168.79,24.1140571819
2022-05-16,142.819773277,252.9501260589,158.6367727249,454.933824977,106.8337603071,274.4396424112,80.052137422,147.3375580299,110.8105,267.2459088375,140.8478982217,193.8339097477,168.9082711739,62.8499022991,198.4975326759,100.0997072455,170.4,24.0192217764
2022-05-17,146.4506181384,258.0961859849,159.2959776431,458.0118490984,110.3750112829,283.0588415681,81.0731432429,148.206203248,115.3685,271.724234821,140.4483812334,199.3535780111,173.3495589806,64.5529087789,201.0576388261,98.890147517,169.33,23.8209295651
2022-05-18,138.1879928052,246.3724554769,156.3384636861,438.3441118876,108.4869463494,277.4152106406,79.7880841925,144.3313642847,107.1125,257.4856862809,131.6953272181,194.535562493,168.8298955068,63.638663195,190.7576768727,100.9982373296,169.42,23.941629172
2022-05-19,134.7828491109,245.4609704795,154.9487884534,445.0116142896,106.8789293246,278.7447198495,80.2193711341,143.3007940292,107.319,259.8151381029,128.66263008,193.4316288403,167.7674697961,63.154650827,189.8150021274,101.2401492753,171.91,23.6916085577
2022-05-20,135.0183633721,244.8985648428,157.6568735224,451.688415858,106.0026503842,277.478520603,80.853098885,144.1252502336,107.591,259.3004917702,128.744349464,185.0679281156,165.2420316315,63.835853419,192.0476528399,102.3892310173,172.03,23.7433369606
2022-05-23,140.4351913815,252.74315381,160.8549081926,457.5933866045,112.5611917323,286.3509596092,82.6398590715,147.4746035641,107.557,258.2531413386,131.7044071497,190.9898772865,165.0939887047,65.0279579549,194.7169108028,100.7044871098,172.83,23.5278019483
2022-05-24,137.7365904711,251.7443989724,162.6119056294,462.6893298629,114.15114115,283.9451810407,83.0887495617,148.2647074266,104.1,259.9596002314,134.0470294899,192.3931827772,165.4249081883,66.9281546587,179.88218718,102.6916209495,174.13,23.4588307443
2022-05-25,137.8935999786,254.556427156,161.0162651001,463.182185689,114.9461158589,284.8043876723,84.7610866822,150.6436070998,106.775,265.060919144,131.8496860545,195.8172481745,165.8429117466,67.0357129627,182.4125246541,103.0976874297,173.08,23.5450447493
2022-05-26,141.0926686943,257.8338944872,160.8728367379,467.0320406324,116.933552631,292.7000444027,85.060347009,151.6570011844,111.0775,273.4036070647,133.0028373615,199.2600243118,168.159348132,67.2597927627,190.1523804573,102.631142963,172.76,23.4674521448
2022-05-27,146.8431419072,264.9512347863,162.3340131777,471.570033899,118.5867386733,297.1769631673,85.8965155692,153.1083876275,115.1465,278.5049259773,135.0367420289,203.1425028361,170.9895805579,69.7829313105,193.6253926767,102.8816946211,172.85,23.4157237419
2022-05-31,146.0580943696,263.6227938858,160.9355866464,461.9639948736,119.4539838103,297.4211587362,84.4970334526,149.9995006901,120.2095,273.3494337666,134.2740277787,201.9356601141,168.6121853202,68.2147755507,192.1468817604,100.7044871098,171.14,23.4588307443
2022-06-01,145.9305241447,264.1561095758,159.3040890265,458.0304474315,117.358141396,292.8713475272,86.1165599271,151.4251228769,121.684,270.0448625772,132.2401231112,203.5447837434,167.1230476438,68.6473702431,187.1854357327,100.589957355,172.23,23.6398801547
2022-06-02,148.3837976997,266.2505857401,158.8020897588,457.7607716021,119.2462063295,295.0552569075,85.9669297637,151.1503041421,125.511,277.9320371361,133.6656723647,205.8181386384,171.5904606729,70.7652817577,197.3266314133,100.6418881538,174.35,23.4329665429
2022-06-03,142.6627637695,261.8289138377,158.1476978564,451.5768258597,117.5839864837,289.9867672206,87.2167817169,152.5243978161,122.35,277.214195212,132.4671214,208.5311959204,169.6571942158,70.9184923779,189.3089346326,100.4255098253,172.58,23.5364233488
2022-06-06,143.4085589302,260.5974394262,158.1297693111,455.8265449639,117.1955329328,291.6519981232,86.9967373589,151.8631152355,124.79,276.1328890224,131.9495653016,209.2141379259,169.979405292,72.2703507915,192.7521781758,98.5733113333,171.82,23.5881517517
2022-06-07,145.9305241447,264.2336827671,159.8688382026,462.2615682026,117.5026822522,292.561960365,90.983941125,154.7573000364,123.0,274.2065284159,133.4205142128,212.4604512944,172.0955483058,71.9008428252,194.1413830635,99.6378927096,172.94,23.5622875503
2022-06-08,145.1945420782,262.2070831451,158.9186253031,458.9417657514,115.6326849256,286.3469182534,92.0577575918,155.5559919844,121.18,270.3538072028,131.758886739,214.9864011777,169.3959419919,70.7382445895,195.123749377,98.7550691293,172.78,23.6312587542
2022-06-09,139.9739759532,256.7575664583,155.7183799718,455.1291074741,113.2025917815,276.828713204,90.0685565959,152.4556931324,116.15,272.4709865486,129.3799446726,209.2515594057,167.2101317184,69.7018198057,182.581213819,99.0839641886,172.23,23.8036867641
2022-06-10,134.566961038,245.3155207458,154.678524346,450.6655075398,107.9991209598,261.1773626449,88.4226247984,150.6350190143,109.65,262.8210103026,128.8896283688,201.3088503282,162.2202142415,68.413048118,174.2162158163,98.4694497356,174.54,23.993357575
2022-06-13,129.4150865725,234.9110164666,153.1187409072,436.7818519106,104.7830869103,257.8105023502,84.3650068378,143.704434046,103.67,257.2963534687,125.4392543794,193.5438932796,160.6004504532,65.2587118196,162.9934249017,95.3795672046,169.93,24.2261353883
2022-06-14,130.2786388639,237.0733691733,150.7701014764,429.3890145193,103.0395628329,257.1007318016,84.5850511958,143.8933719261,102.31,253.2164670897,121.5258038808,193.3661412507,159.6076920023,64.4205596032,162.4675116228,94.1765036981,168.57,24.2778637913
2022-06-15,132.8987350206,244.12283293,152.383670551,431.788199484,104.2591263068,263.9527474824,83.5200365033,141.0678918089,107.67,254.179647393,120.3181729845,192.720620725,161.0794128637,66.8629171371,168.0441769579,95.9334957256,170.77,24.0881929804
2022-06-16,127.6291034245,237.5388083209,152.4643490047,425.6600487408,102.4704332118,259.3210396716,80.439415492,133.5275527728,103.66,248.482345033,121.0536474402,182.2332510244,156.6468334645,63.8708038483,159.6295644949,96.6951474419,172.69,23.8554151671
2022-06-17,129.1010675575,240.1375102285,151.9085641012,421.8989270402,102.1090810714,254.5983356366,75.8008804265,127.4300120943,106.22,246.0017014217,120.1819740112,180.2218464877,156.4900821301,63.8167295118,162.4774345148,97.0067322349,171.27,24.0968143809
2022-06-21,133.3305111663,246.042769414,155.0908808872,448.2734429853,104.6385460542,259.1663460905,80.5186314609,132.7632131666,108.68,244.6114506066,123.8230265633,183.7113994746,157.1954631347,65.5471082812,155.8390197298,95.3622569383,170.63,24.010600376
2022-06-22,132.8202302669,245.4512738306,157.5381273171,457.0089514512,104.051348826,258.9206562852,77.3323891578,126.9920197357,108.95,244.4115452606,125.7570519837,175.7219135475,154.7745258597,67.3135366083,154.6482726831,97.9847622798,171.31,23.976114774
2022-06-23,135.6856537791,251.0074536553,161.0521221906,466.4630861478,102.9130895838,260.4038947393,74.9999189635,122.3201012441,112.44,250.2633199334,129.2074259731,167.1523946842,152.022669101,69.5756463538,157.5259113792,98.7896896618,170.26,24.0019789755
2022-06-24,139.0122927196,259.5792912908,163.4097258941,462.5713051325,105.9845827771,275.4910687086,76.4874188233,124.3297132423,116.46,257.1509677625,131.0688119411,173.532756982,156.768751169,70.3146622865,168.8479312144,97.4221786257,170.09,23.9502505725
2022-06-27,139.0122927196,256.8545329474,163.2573332593,471.922778939,105.1354052472,273.6984430922,78.362196753,126.7343771718,113.22,256.8692829568,130.0700194705,175.497384669,155.2621966777,70.197501224,168.1830974467,96.5912858442,169.9,23.90714357
2022-06-28,134.8711669588,248.699651215,158.6138400335,474.5172996158,104.6295122507,272.5245918003,80.5362350095,128.7697534265,107.4,245.4746782369,127.954395419,175.3570541199,153.2244293311,68.8907047575,159.4410295459,97.0413527675,169.62,24.0450859779
2022-06-29,136.6277108242,252.3649845026,158.6586613966,481.30225117,104.1597544682,275.9733486967,77.56123529,126.2276801295,108.92,248.854895905,129.1166266576,171.6523276244,150.8296172784,68.4941596229,162.6758923559,98.556001067,169.49,24.1830283858
2022-06-30,134.164624175,249.0390339268,159.1248035738,479.3610270664,101.729661324,270.276985063,75.3783952592,124.3383013278,106.21,249.2183601704,130.5603357742,167.2365930136,151.3608301337,69.8099684788,160.006634393,99.421514381,168.46,24.1054357814
2022-07-01,136.3333179976,251.7056123768,160.9266223737,482.8794957541,103.0305290294,272.2880016174,77.0595341539,125.8240401128,109.56,253.5890179617,132.6668798941,166.7968906265,152.4929231041,72.6038092002,158.7960415623,100.4401707553,168.32,24.1830283858
2022-07-05,138.9141617774,254.87641657,159.6895527499,471.530800995,102.6420754785,270.4407782665,74.6478479908,122.5176272097,113.5,257.8142900468,131.3866095454,162.5589080446,149.8629840499,71.2970127337,166.8931214795,101.2293311369,164.75,24.5278844056
2022-07-06,140.2487425914,258.1344906034,159.832981112,480.910273226,101.9767521336,267.3105081547,73.3011765201,120.9030671427,114.33,257.6779909473,132.6124003048,161.2023794035,150.8383256859,71.7115826473,168.4609384242,99.5296010844,162.14,24.639962612
2022-07-07,143.6146339088,260.2580567144,160.0122665648,480.0609876807,104.5560193473,271.7147254051,75.6424484887,123.2562025595,116.33,260.5039256107,132.567000647,168.6586092442,151.3434133188,72.4415861906,170.8622783016,98.6537197818,162.23,24.6485840125
2022-07-08,144.29173741,259.5405046952,159.8150525668,484.0274311615,104.2279146841,269.77650583,75.7656733292,122.6120961498,115.54,260.3040202648,131.677167355,167.5546755915,150.9515349829,72.3244251281,169.5623794424,97.5610361766,162.3,24.6313412115
2022-07-11,142.1622959642,256.4860602889,159.8778024752,482.4595193855,102.8608119207,266.7827300544,75.3783952592,121.5299973815,111.75,260.2313274117,132.6033203732,163.7376846568,150.5161146097,72.7119578733,161.6240657981,99.2434220449,161.43,24.9158474278
2022-07-12,143.133792292,245.9748928716,157.6367343161,480.0983189134,102.9610661233,266.1912545973,74.3749929869,119.3056832467,109.22,259.0773283691,131.4320092031,163.24185005,151.1866619845,72.0540534454,162.0110585882,99.833124308,160.83,24.9072260273
2022-07-13,142.7707078059,245.0537112253,157.269199138,467.7976777189,101.9949801705,264.0255444617,74.6742533138,118.5069912987,110.4,260.9491693358,132.2946027005,162.6618171139,148.8005583393,72.3334375175,162.2293622134,100.9778404658,161.6,24.8554976244
2022-07-14,145.6950098834,246.3724554769,157.4843416812,468.9082818936,98.4313989671,256.2362676718,73.1779516797,116.7464337788,110.63,263.0390888618,131.9041656438,158.9851567282,147.6162149242,72.216276455,156.8313089353,100.1539917159,159.33,25.0279256343
2022-07-15,147.3632359008,248.9323707888,159.7702312036,494.4055138688,102.9428380865,267.4106040013,74.4102000842,118.2149963929,113.55,265.7014646058,131.7225670128,162.2034039869,150.4812809799,70.9365171568,163.4300321521,100.7176777027,159.01,24.8813618259
2022-07-18,144.3211766926,246.5372985084,156.1845221489,484.7180589675,101.8856119494,274.1352249683,75.7832768778,119.8724968872,113.76,266.2830074304,130.1244990598,162.3063130562,148.870225599,69.8550304259,165.9405238421,99.668354558,159.16,24.7434194179
2022-07-19,148.1777227211,251.6571291322,153.9075968992,497.8586528991,104.4101950525,289.4134910083,77.6932619048,124.1923038749,118.21,272.4437267287,130.787334063,169.0421794117,154.3391054865,71.1347897241,174.4245965495,99.1306848475,159.54,24.5882342091
2022-07-20,150.1795939419,254.3140109333,153.0290981808,484.8113870494,104.3919670157,292.5073626305,78.5470340137,125.8326281983,122.77,274.6881185675,128.5264311068,169.4942393934,155.2360714553,70.5850339692,181.678230642,99.3908476107,158.04,24.657205413
2022-07-21,152.4464187067,256.8060497029,153.566954539,487.6018966983,105.1028604527,297.1390704413,77.2355696403,124.8707626265,124.63,277.1415023589,128.6474665943,170.4548668545,156.7774595764,71.0807153876,181.7576137784,101.1079218474,160.27,24.5882342091
2022-07-22,151.209968835,252.4619509917,154.2930606226,486.6219518383,104.592475421,294.7640689902,76.645850761,123.8316042855,122.42,278.5862728138,130.7037058487,168.2228206948,158.0314702513,72.3244251281,167.9647938214,102.8076518999,160.67,24.5537486071
2022-07-25,150.091276094,250.9783637086,154.5978458922,494.1441952395,105.0117202685,294.9369618161,79.1983653132,127.5158929489,121.14,278.1864621219,131.5901734384,171.2271359899,157.8485936945,72.982329556,165.3649961029,101.8016892158,160.23,24.5192630051
2022-07-26,148.7665083743,244.2585860148,155.6914871539,496.1227505758,103.3711969523,289.8684721292,78.8903032121,126.5196750353,114.81,270.944436634,131.84606099,170.6808968454,157.9879282139,72.0180038877,157.9228270614,101.8797380447,160.04,24.708933816
2022-07-27,153.8595042744,260.5877427773,155.2612020673,498.9412586492,105.0299483053,295.3191459577,80.5978474298,128.185763615,120.97,271.6077589183,133.0980822249,174.4668991922,159.9386114859,72.4415861906,168.2724034752,101.3073799658,161.67,24.5020202041
2022-07-28,154.4090375507,268.0250724904,156.157629331,505.362230684,104.6380455131,299.4776734027,81.5396372818,129.1562172723,122.28,272.261994596,135.3096817785,176.9061395102,165.8429117466,76.190740191,159.4807211141,102.1138845315,163.64,24.4847774031
2022-07-29,159.4725941682,272.223721468,156.4444860554,506.1555193801,105.1393165264,303.3723117977,85.3155984642,140.6556637067,134.95,273.4523400652,126.9476421441,186.7101903636,167.6020100543,76.1456782439,157.8732126011,101.8363775842,164.1,24.3899419977
2022-08-01,158.4912847462,269.5765363159,155.8976654245,499.6598848798,104.0912044077,302.1802612609,83.1591637563,137.8473597605,135.39,277.8866041029,130.5940397551,183.5175167428,167.1927149035,76.8846941767,158.6968126417,104.2845464753,165.03,24.2951065923
2022-08-02,157.0193206132,266.4833053139,155.0102024335,499.7345473454,102.4689091285,298.3584198453,82.7982910092,136.6707920521,134.16,273.2433481126,129.7258498477,172.8281817585,164.6934019613,77.2091401959,158.9548078352,102.0779257818,164.05,24.4502918012
2022-08-03,163.0249342758,273.9012417292,156.5072359638,504.578274796,103.5443633024,303.1721201045,80.1137498423,133.4244957472,139.52,278.3863674678,132.403530299,172.2254351162,166.7660029378,77.9211189604,167.4984178948,103.6851101452,164.45,24.5192630051
2022-08-04,162.7109152608,275.0454463005,153.9972396256,498.1386371449,102.4051109995,301.9891691901,76.7426702785,129.800323682,142.57,279.1132959986,132.193336953,172.9506146702,167.5845932394,79.2910021529,169.2547697886,103.650360213,167.17,24.3640777962
2022-08-05,162.4852140937,274.3278942812,153.3876690863,499.3612350177,105.5038772633,304.5370634672,77.8516938425,131.9473450476,140.8,281.4031208706,132.2573088409,174.5987500202,167.4365503125,79.2910021529,165.8214491375,101.1831150281,165.29,24.5709914081
2022-08-08,162.0135303758,271.8164622138,152.5719202763,500.798487479,104.2188006657,304.5461630896,78.2917825584,131.749819082,139.41,283.4748671833,132.7599451031,174.9943025042,168.9169795814,78.8764322394,168.9372372429,102.8163618406,166.69,24.5365058061
2022-08-09,162.0626640964,273.7363986978,152.5539917311,501.4144528196,105.1575445632,306.3114898388,79.7352735466,133.4674361745,137.83,277.3323210982,132.4492245046,175.2014966625,169.021480471,80.1381667588,167.2304998093,102.4167376206,167.2,24.5106416046
2022-08-10,166.3078175581,280.3882998493,152.9932410903,501.8437619963,107.9008641085,316.5849635488,80.4922261379,133.8195476785,142.69,283.1204895245,133.7012457395,179.6184994005,171.7559204147,80.9132322492,176.9648569157,101.7478014261,166.78,24.2433781893
2022-08-11,165.5708117487,278.3132169828,149.8288528495,497.3080172159,109.4958173325,320.0155212004,82.7982910092,137.0830201543,140.64,282.311781534,132.7508062619,182.7075759422,173.7240205016,80.5977986194,176.121411091,99.3761185547,166.34,24.2606209903
2022-08-12,169.1182663776,283.0548782992,148.1794266844,507.424781294,111.3095069987,321.9628403979,83.5179671088,137.2805461199,143.55,286.1281563206,134.0393828613,185.3822641673,175.7893506531,81.5350871195,179.1082015996,100.383866588,167.87,24.3554563957
2022-08-15,170.1893814871,284.567555529,148.8876042227,508.3020652638,111.6102696066,323.8100637488,82.025305569,134.6697681393,143.18,285.8737313349,135.766623835,184.5440696179,176.9970437079,82.012743759,179.4951943898,100.2969917575,165.71,24.5709914081
2022-08-16,170.0321535811,283.8306102119,150.2143165729,509.683320876,112.6766097621,323.009296976,81.2612050188,134.3262447208,144.78,297.4773280074,137.0186450699,186.0226824747,178.2397423584,81.589161456,178.0861437179,100.7139909437,165.42,24.5623700076
2022-08-17,171.525818688,283.0839682459,150.2232808455,508.6380463587,111.7287518461,321.8900434186,81.9186868876,135.4341077455,142.1,296.0052977326,136.3880650319,184.5252337853,177.4608678521,81.291752605,173.5017675883,99.6628054952,164.35,24.5968556096
2022-08-18,171.132748923,281.9664803856,149.497174762,508.8433681389,110.862920096,322.5998139672,83.8555929333,137.7872431622,142.3,295.5055343677,136.8724236118,185.8625778979,178.2834993531,81.3278021627,173.3132326393,99.810492707,163.92,24.7865264204
2022-08-19,168.5483152184,278.0601315171,151.7741000117,511.7365386778,108.1196005507,317.8225121977,83.5890462297,136.6348281616,138.23,291.9708443867,136.8358682473,184.2144425479,176.3931971805,80.8501455233,166.6648949622,98.2033083436,162.72,24.9417116293
2022-08-22,164.6667512893,269.8976114936,151.2452079261,508.2367356065,106.3332529398,311.5892708413,83.5268519989,135.9503109807,133.22,283.6929457425,136.4703146021,180.5979626942,173.1376767721,79.7956959606,161.792754963,97.8731839879,161.64,25.1486252412
2022-08-23,164.3326419891,268.6246470613,149.9275994556,500.0518628238,105.2851408211,309.5509554196,87.071923156,140.3606811712,133.62,278.8679576195,133.8383283565,185.7307270699,172.8838862027,79.2910021529,159.8677139043,97.3345600391,162.77,25.0451684352
2022-08-24,164.6274443128,267.9930234881,149.4312401003,500.6678281644,105.540333337,311.1524889652,87.5872467828,141.4004541042,133.8,279.9674370223,133.2625813653,182.8582626028,173.0939197774,79.9489065808,162.0011356962,96.6221864294,163.25,25.0624112362
2022-08-25,167.0841303439,270.9665129252,150.8300710107,505.4368931495,108.0466884033,315.2928171654,88.0403761788,142.6395168492,137.28,281.4849003303,133.1529152717,187.3035190896,175.4042890995,80.5617490617,167.4785721107,97.9687463014,163.75,25.0193042338
2022-08-26,160.7851873603,260.5107134665,148.249002363,493.9388734593,104.5104492552,306.1112981456,86.9564195845,141.5910791419,130.75,270.8717437809,130.0365704462,180.7486493548,168.9545080753,79.3631012683,160.532547672,98.7071823602,161.76,25.1141396392
2022-08-29,158.5839966764,257.7315697442,147.102863488,494.4241794852,104.2552567394,303.8545917859,88.955519861,142.6481816237,129.79,269.2543278,129.4882399783,180.6167985268,168.3944185427,78.8088393187,157.9426728455,97.890558954,161.86,25.1227610397
2022-08-30,156.1567908778,255.5354631664,146.5884547016,487.9565434095,104.2734847762,303.5907027357,85.5703767261,139.1736070728,128.73,266.3284404636,128.1082749676,176.0585270445,166.8891779238,77.6133938131,155.9481715424,98.1338084793,160.51,25.1141396392
2022-08-31,154.4960711208,254.077870305,145.6047607065,484.6807277348,103.6537315234,304.9920445881,84.9306646376,136.9554248159,126.77,263.8023638191,126.0611745544,173.9583317128,165.7077390659,77.0337838709,161.6736802583,97.1955603104,159.27,25.0968968382
2022-09-01,155.223250186,253.0381207306,149.214646927,489.0391491595,104.3646249604,305.7529890586,83.4024635373,134.7719016567,127.82,268.3298643423,127.6147775466,171.8204647159,166.9154321206,78.1205525124,164.0849430278,95.4199560569,157.87,25.3210532511
2022-09-02,153.1105001992,248.8208187184,146.8682208837,481.8995508941,103.6355034866,303.9010519135,84.9306646376,136.7734645526,127.51,266.9853338839,125.3483449462,170.3041801939,163.5548949249,77.0790658977,159.0838054319,95.9597404799,159.26,25.3296746515
2022-09-06,151.8526769513,246.0902614248,147.2653083679,483.1408143834,103.6628455419,299.3262170847,84.36203167,136.1409360184,126.11,264.8267679779,123.9501022533,170.1440756171,162.4259644607,79.1258135058,157.317530646,93.5829477788,158.33,25.4762384599
2022-09-07,153.2579013611,250.7934277241,148.068508052,486.8739376594,105.6314735212,303.057595392,83.6423555705,134.3993163558,129.48,272.0799152808,125.823564685,170.3324339428,165.4802026933,81.72500184,159.1532656763,95.0630018418,159.94,25.2951890496
2022-09-08,151.7838897425,251.211271011,149.2597705048,492.3149648342,108.0922584954,307.4765741244,84.3264921095,135.1271574088,129.82,274.3025064467,125.9880638254,172.4891367722,164.368775027,81.7521710561,160.8103886495,94.0879074003,158.98,25.3469174525
2022-09-09,154.6434722826,256.983338742,149.5485614024,490.8963779894,108.6117575455,311.8038728001,85.7391896383,138.6103967341,133.27,274.1836023925,127.9072204628,178.4600956973,167.7555664196,81.4170840583,167.8457191168,94.2968562092,159.82,25.1658680422
2022-09-12,160.5984792219,259.1114243196,149.4853883936,497.3656421537,109.8968341431,314.077538206,86.7254124414,140.8025846677,136.45,272.1439405407,128.9490483516,181.2007093365,168.0531139838,82.2412169447,167.6571841677,93.5220043762,160.63,25.0365470347
2022-09-13,151.1746316068,244.8658834213,145.5957359909,481.1784384777,106.0780604239,301.0681381618,84.6996574945,138.1251693654,126.82,254.2077212962,126.2805067415,173.5816150614,161.883377726,80.4752179023,151.9492460441,93.7396593855,158.54,25.3814030545
2022-09-14,152.619162993,245.0893809934,148.6009662695,477.2556864013,105.8319819265,300.0321535212,86.7787217821,141.4697722997,128.55,252.7534332493,126.5820884988,173.9018242151,157.4989268534,80.493330713,150.3020459629,94.0617887992,157.93,25.3296746515
2022-09-15,149.7301002205,238.4427575456,148.9800043227,489.5575867079,107.4269351505,304.0294039929,84.2554129886,139.1736070728,126.28,248.3631297117,125.6042324979,171.8675542974,154.7772417808,77.8941423788,148.3968506882,94.0008453966,154.98,25.3469174525
2022-09-16,148.0890339518,237.8208512581,151.2542326417,487.7881352939,106.7069276951,299.069512926,82.8160607895,135.5603961309,123.53,252.4150140183,126.3718951528,169.0233435791,155.2060603292,76.7892609266,145.1619878782,93.2172873633,155.84,25.3469174525
2022-09-19,151.8035432307,237.6070709718,150.0629701889,490.1567660227,107.6912416848,301.3156743149,82.8071758994,135.9503109807,124.66,256.4851912564,126.1068687601,171.5096734785,156.3262393945,78.6458240225,146.8786482038,93.4349423725,155.96,25.3296746515
2022-09-20,154.1816153088,235.5955928231,148.8807324516,489.4546027632,105.5676753923,296.3649512537,82.1319242504,135.4130949654,122.19,250.7686501917,125.6590655447,167.6294919688,154.908512765,77.6043374077,144.9635300371,92.5033789329,155.07,25.4503742585
2022-09-21,151.0567106773,232.1945428133,147.3555555234,479.4183492406,102.523593239,294.0271098081,80.8080756228,134.3126686114,118.54,248.3905691088,124.0414906646,161.9410705323,152.5368836503,76.0466356882,141.0241418911,94.0530825988,155.79,25.7003948728
2022-09-22,150.0936897531,234.167151819,149.9727230334,484.4552003554,101.3569988809,286.885233392,80.4704497983,134.2086913181,117.31,246.1679779429,124.4801550388,160.6225622523,151.6179867609,75.6572102584,141.718744335,91.6501712967,155.7,25.7348804748
2022-09-23,147.8237118604,231.1936623818,150.4600576731,480.85076229,99.4703970673,276.8462671845,76.1879327615,125.4399395837,113.78,247.8143417695,123.9044080476,154.679857076,149.9814751577,74.7334569131,139.3273273496,92.0245379126,153.01,26.140086298
2022-09-26,148.1578211606,230.7369499519,149.5395366869,475.9356194734,97.328602738,270.1077830179,74.6153072106,122.1386605216,115.15,243.8264827228,124.0232129823,153.1541546377,148.8350418956,73.4927293807,135.3184789592,90.2658854378,151.23,26.4332139148
2022-09-27,149.1306688289,229.7263522347,148.853658305,475.9449816502,96.4718850062,267.1373491811,76.1790478714,122.1906491683,114.41,245.7563869862,120.6144252406,152.9846321446,148.8350418956,73.4293345433,133.3636692243,87.8890927367,151.54,26.4418353153
2022-09-28,147.2439339571,234.2546073907,150.1351679133,481.1597141241,98.4222849487,275.7644425156,78.9511335882,126.3150818022,118.01,258.1041156859,120.6144252406,157.9949636086,152.1255678998,74.5976108329,140.5180743963,90.8317884619,154.69,26.0969792955
2022-09-29,140.0114502817,230.7855363806,148.4836449674,476.3756417827,96.7544195773,271.4738158625,78.791205566,125.4399395837,114.8,254.5735799243,117.6168853498,156.2432311794,148.8350418956,72.42407355,135.3581705275,90.3616536419,154.66,25.9935224896
2022-09-30,135.8056037965,226.3155849392,147.4277532479,472.8273767779,95.2414925191,268.6684061278,77.5739756199,124.4868143952,113.0,252.3875746212,115.3778692728,154.5291704154,146.122108222,71.011274316,134.6337994074,89.1950227923,154.67,25.9935224896
2022-10-03,139.9819700493,233.9339369612,147.283357799,482.6295758807,98.1853204697,274.2608895859,81.6699099643,131.4706225947,115.88,259.4852320071,117.4432473683,161.2629805597,151.434207383,73.5289550021,137.5412067796,90.6090089831,158.43,25.8728228827
2022-10-04,143.5687316546,241.8438075554,149.4673389625,489.8010033045,102.7787857549,288.6729944974,84.6463481538,136.5828395149,121.09,264.8450609093,118.8963231081,169.1740302397,155.9411778408,75.0051490735,139.1983297529,90.3559355688,160.7,25.5193454624
2022-10-05,143.8635339784,242.1547606992,149.0070784694,493.452252254,101.5210512125,283.2913751698,88.0670308492,137.3626692146,120.95,265.1103084147,118.0738274063,167.996790704,155.6086246808,74.0542265122,137.9083537857,89.4919952924,159.81,25.7607446762
2022-10-06,142.9103397983,239.8128948353,146.1191694929,486.01868388,99.4518206189,279.3216287151,90.6791885439,139.8667890281,120.3,265.6042175627,115.5880626188,168.4017611042,153.1844871724,71.4640945833,137.9976598142,88.9945751333,159.63,26.0193866911
2022-10-07,137.662858436,227.6177012286,144.5759431336,472.6494954189,97.465359249,276.03031468,89.7640448617,138.6623853808,114.56,260.0523128807,113.568378729,167.2151036522,150.0077293546,69.4897982179,132.4209944791,88.130634857,157.88,26.122843497
2022-10-10,137.9871409921,222.7687756432,144.7654621602,467.0415515196,96.5548977878,275.5352423739,87.8182539259,136.1582655673,113.67,258.3510702599,113.1022978313,168.2699102762,150.427796504,69.4988546233,132.758372809,86.7605477521,155.48,26.2349217034
2022-10-11,136.5720898382,219.0373379182,146.8591961681,467.9309583149,93.7683339218,269.7318947854,87.071923156,136.1842598906,112.21,258.7443682851,113.5318233645,169.2870452351,151.9417885219,68.8558498437,127.5488544799,87.1445212082,155.16,26.2521645044
2022-10-12,135.9431782143,219.3677256334,146.8230973059,468.0713909669,95.2857696904,270.740375409,87.4539734311,136.5915042894,112.9,256.5766559134,113.7146001871,169.051597328,151.2154224093,65.8853488903,126.5168737061,87.5721280117,155.99,26.2521645044
2022-10-13,140.512614232,227.6177012286,149.0431773316,477.3867568764,100.5830000101,281.5219500757,90.5103756316,143.2113919624,112.53,258.6894894909,115.4327023196,172.4797188559,155.3810883082,66.1932666721,129.2853605896,86.7343677437,154.91,26.0797364945
2022-10-14,135.9824851908,222.098282927,148.4204719585,480.4013778039,102.2567776458,275.0310020621,88.12922508,138.7576978996,106.9,252.8357514407,114.3086248606,167.8178502945,152.4143640651,64.9978211664,125.782579694,86.0187808481,152.98,26.2607859049
2022-10-17,139.9426630728,230.8146882379,150.342736371,488.5932824982,106.5515807001,281.1919018716,89.3997643669,139.7714765092,113.79,257.2534943754,116.3740029561,170.2759264451,154.9347669619,66.7004253714,133.0064451103,85.5999007141,153.42,25.9935224896
2022-10-18,141.2594467855,231.7572649549,149.819302869,488.9022343323,109.292161664,287.7378579192,89.559692389,140.9932097054,116.36,260.7291513428,117.3153035925,172.8658534237,157.4201642629,67.9773785252,131.7760064955,85.8006141117,153.75,25.9762796886
2022-10-19,141.3675409708,229.7943732349,148.6280404162,487.1327829184,107.1493584271,285.8217447344,92.2162745343,145.5682106103,115.07,251.9759836646,118.402825687,173.6757942242,156.8950803261,66.6913689661,132.2026908538,84.2385402787,151.69,26.1659504995
2022-10-20,140.905683997,229.4737028054,149.0070784694,487.6570648188,106.7998883713,284.9507841959,92.3406629959,146.4000289567,115.25,246.4606648454,116.8887938769,170.0310606217,155.4598508987,63.9744473624,130.5157992044,82.7986398181,151.45,26.1831933005
2022-10-21,144.7184607172,235.2749223936,152.2559760679,499.6874619984,112.4098024251,298.0518642967,94.0554467887,150.0652285453,119.32,252.0125695274,118.3523199992,180.2777535405,159.9843241544,64.8891443023,129.007519612,81.3063793408,154.15,25.9590368876
2022-10-24,146.8606909363,240.2598899794,154.304586498,507.0554951349,112.5477511313,301.3523463376,94.7129286574,150.0132398986,119.82,259.0827875161,119.0794807769,181.3013050799,163.5636463238,66.3653383736,128.7197557424,80.6344257925,153.65,25.9849010891
2022-10-25,149.7006199881,243.5734844176,154.0609191781,505.7635147374,112.8420417046,304.7445084351,94.0732165689,151.572899298,120.6,265.4853135086,120.4509612311,184.6562795701,165.9702810343,68.7018909528,136.4496886536,82.9818998767,154.0,25.7003948728
2022-10-26,146.762423495,224.7802537919,155.4146265109,508.5253568915,114.1387595433,307.7607823001,95.1927127238,153.4444905773,115.66,265.3847023858,121.2977813773,186.6654733326,166.5128677691,68.4664244139,128.818984663,84.1774535925,154.98,25.4331314575
2022-10-27,142.2912549185,220.3394542076,155.5048736664,507.2427386708,114.5893919837,309.1268151448,95.5569932186,154.146337307,110.96,266.2170307648,121.3898270454,201.0520588586,171.9562379142,68.3486911444,97.1848047904,85.0588472077,154.74,25.6314236688
2022-10-28,153.0417129904,229.2016188046,157.8152008475,516.0806335638,115.9504858852,313.3807697752,98.3557336058,155.9486103908,103.41,273.1591982338,124.4641523588,207.8757357879,179.3424186257,71.5727714474,98.4350891894,84.474160354,153.16,25.6745306713
2022-10-31,150.6832944006,225.567353937,157.0029764479,519.7412446901,115.7665542769,315.8469633001,98.4534673971,156.7457696393,102.44,270.8542888765,123.9579011844,205.1462650162,178.5460413215,70.1871414296,92.4416623879,83.8720201614,151.91,25.8900656837
2022-11-01,148.0399002312,221.719308783,156.2088014794,512.401298084,117.8541780314,319.5783416074,99.4308053101,157.8895198656,96.79,270.7902636166,124.1511970873,207.0796401461,177.7409126184,70.3773259418,94.4659323672,84.6536129668,153.46,25.8814442832
2022-11-02,142.5172700334,213.877459189,153.8082271427,508.7687734881,116.7689815423,320.6876702933,97.3872805829,154.6662237735,92.12,264.0859042559,122.3655111269,203.326617835,175.4392946952,69.9879005119,89.8418646694,84.2862003653,152.39,25.9935224896
2022-11-03,136.473822397,208.1928470297,154.0699438937,508.9372926704,116.9805028918,319.8442137718,98.7111292105,156.9450594515,89.3,257.4730095523,121.5278955475,207.7999171553,178.8698430826,70.8029769931,88.2244332644,83.831308573,151.81,26.2090575019
2022-11-04,136.2085003056,215.1309890497,154.7558222756,503.8442684947,120.1809128766,328.1320908965,99.7862009148,158.9292927985,90.98,259.7870653753,123.7461961478,215.9409428251,181.8978271183,71.3644741245,90.0899369708,82.4228936006,156.47,25.7176376738
2022-11-07,136.7400264667,221.4277902108,156.1095296083,510.2573595983,120.8154769253,332.3952135325,100.9678913005,160.8268784011,90.53,265.4944599743,125.64233691,216.6612198343,183.5780957162,69.9969569173,95.9742119597,81.6005892068,155.85,25.5710738654
2022-11-08,137.3109249359,222.399518785,156.8856551457,517.7751875634,120.8890495686,333.7337423602,101.2877473447,160.5929294912,89.98,266.2902024905,125.927678481,217.7984993226,184.9695681488,70.8844846412,95.7261396583,82.4928769533,159.45,25.458995659
2022-11-09,132.7535802588,218.1627822013,155.6312196841,506.1754505163,119.3164343175,331.8818052151,96.7564533846,154.1723316303,86.14,262.2749040466,125.6239277764,213.7516798103,183.4818303278,70.8210898038,100.687585686,82.7640624448,158.65,25.6486664698
2022-11-10,144.5652727264,236.1106089674,157.4542122255,509.4615745708,124.2274082597,346.8348224611,98.1780358034,157.092360617,96.63,285.0953359768,129.9500741755,220.3005141966,188.908101205,75.3492924766,111.0073934236,85.9483049911,163.48,25.0624112362
2022-11-11,147.3508635334,240.123847979,152.7433107076,488.780526034,124.4297330288,353.12407435,101.2433228941,161.5633842286,100.79,288.0587908647,129.7567782726,224.1293551403,187.0876181068,75.4489129354,112.1485260099,85.6333799041,164.56,24.7003124155
2022-11-14,145.9531465914,234.7210371063,155.1438850443,480.9818327651,123.151408351,350.547864757,101.536524268,161.6413671986,98.49,280.7233253705,129.7659828394,224.1388324694,187.325072424,73.9546060534,113.3392730566,85.4234298461,164.92,24.8123906219
2022-11-15,147.6855281533,235.1291631075,155.5770713908,470.9268548889,122.2593400506,351.0246010518,102.217196037,162.9410833647,98.94,285.305704688,129.3149590658,222.3286626173,189.4621612784,75.0866567216,116.1772201844,86.8056010612,165.5,24.726176617
2022-11-16,146.4551435213,235.5567236801,156.5427159548,478.8940673401,122.4248784981,350.52036074,101.1245387237,160.2896623857,97.12,288.0313514676,130.4655299167,220.2720822094,188.2045328579,76.3636098754,112.3569067431,88.7038995022,165.12,24.674448214
2022-11-17,148.3548573931,235.5080005751,157.806176132,482.4423323448,121.891476834,348.1825192944,101.258881836,160.7402306567,94.85,284.8575278685,129.6647326045,218.3955710539,188.6530576792,74.5794980222,110.5906319572,87.7678721604,163.92,24.7692836194
2022-11-18,148.9159127853,235.0597480086,159.0154880159,496.1953700545,123.0870322881,347.6507749656,100.3811735023,159.7797534242,94.14,286.4490129009,131.2295089616,219.3338266317,188.6706468879,75.3492924766,111.1860054805,87.1642657436,162.79,24.8382548234
2022-11-21,145.6873835109,235.8685515525,159.8277124155,484.202421582,122.3605024352,348.5767435382,99.3870344714,158.2517214635,92.46,289.7417405541,132.8955355536,220.0351489827,190.4559515687,75.7115486905,109.0128921204,87.5316783451,161.88,25.0537898357
2022-11-22,147.8233312321,238.7724486135,160.599739213,489.7261058902,124.190621938,351.932233613,102.2619770744,162.3119206734,93.2,297.1503777739,134.0369018376,224.8591094786,192.3907645233,76.1734253631,110.5807090652,88.7738828549,162.07,24.8986046268
2022-11-23,148.6993650901,241.2573269711,160.7723099089,495.9238669275,125.5149295179,354.1142189622,101.7514732477,160.8712048247,94.13,294.0680188319,134.8008808826,224.5368802902,192.5226835884,77.2918914233,111.3745404296,90.3222645326,163.08,24.639962612
2022-11-25,145.7858142814,241.169625382,160.9812112776,503.3293487711,125.7540406087,356.5070684418,101.3932249482,160.3996978197,93.41,298.5223476294,135.0494041863,223.3806461439,193.5252684831,77.6741640846,110.550940389,90.0160873647,163.22,24.639962612
2022-11-28,141.9568573065,235.5859575432,161.0629552915,498.3205841866,123.5560578893,350.547864757,98.348114403,155.7370174367,93.95,291.6990842147,134.9389493847,220.1583542606,189.7611778259,76.2087855496,107.9412197784,90.2697770181,161.93,24.8210120224
2022-11-29,138.9547188043,234.1924767387,159.936704434,494.3229346958,125.5885021612,351.7855455223,99.0019175495,158.0683576282,92.42,288.9917303664,133.9080379023,222.8309610579,190.5966652381,75.0801710258,108.6159764382,89.2112788091,162.73,24.8641190249
2022-11-30,145.707069665,248.6242604548,161.6714940613,512.8225960397,127.0783481886,356.3145403228,99.7184141484,160.0591649828,96.54,298.07417081,137.2953184872,224.0535365078,193.0855382661,77.0916533626,117.1893551741,89.8673727403,164.81,24.6658268135
2022-12-01,145.9826758226,248.1857525094,162.3436115085,502.6646342188,125.2942115879,354.1553378772,99.2347789441,159.343172864,95.5,300.9078028545,137.3781595884,223.3711688148,191.1859037289,77.209975853,119.511311915,92.7316540225,167.84,24.3640777962
2022-12-02,145.4905219697,248.5073250027,162.4707688634,503.5072301302,124.300980903,351.1749003134,98.3928954405,158.0683576282,94.13,301.7542124262,138.6299806741,223.7881712938,192.6721918622,77.5467398642,122.5377939919,93.8978141951,167.26,24.3382135947
2022-12-05,144.3290388771,243.8104176758,162.3799421813,502.4554394376,120.8154769253,342.8333660793,95.6970769872,154.16532742,91.01,294.4769301301,137.2308865195,220.4142421455,189.6116695521,77.501231214,121.485967434,92.5825959553,164.39,24.5365058061
2022-12-06,140.6674142121,238.8601502026,159.9457871022,506.4747824414,121.0178016945,334.8701536412,93.0370833639,150.1924443221,88.25,292.0573027675,137.4057732888,216.3579453042,187.4921699064,77.5285364041,113.240044136,93.7750604927,164.84,24.5537486071
2022-12-07,138.728328032,238.1293036268,160.9176326002,509.8461472508,120.9350324707,332.1111727385,92.8310905917,150.6377564935,88.46,294.5413308584,138.2894117023,217.0118810099,187.7208296192,77.6286554344,113.051509187,95.9846271354,166.33,24.4761560026
2022-12-08,140.4114942087,241.0819237929,160.9448806048,514.5510324025,122.2041605681,330.4133383369,93.5207185681,151.5283808363,90.35,298.1661718504,139.2835049174,218.8504828492,187.6328835758,78.0564367459,114.4407140747,95.7215834875,166.47,24.3985633982
2022-12-09,139.9291834329,239.1524888329,159.6188110468,506.3620905815,121.5420067782,331.39143859,92.7325723093,146.6910682292,89.09,294.8449342917,138.9153222451,215.4102123973,186.1202116295,76.918720492,115.0063189219,93.2314369536,167.06,24.4502918012
2022-12-12,142.222620387,246.0614251292,161.52617137,512.6164888072,123.4273057635,335.1192923849,95.0164052183,148.21910019,90.55,301.7450123222,140.3420301001,220.8786312698,188.6442630748,78.7754734183,113.8254947673,93.529553088,165.68,24.4675346021
2022-12-13,143.1872419386,250.3588029947,162.7704969141,505.4417737255,123.3077502181,340.2035682289,96.0553252866,151.5196492251,92.49,306.2622634061,140.1303250636,223.1816222335,189.0488148744,79.3215772202,119.2235480454,94.4326696126,168.51,24.2519995898
2022-12-14,140.9627065238,250.651141625,163.2700436655,505.5732475621,122.6915793302,332.5356313389,95.3477848952,150.4718558806,91.58,306.7590690243,140.682599072,222.2244119975,188.8377443703,79.2305599199,120.6524445014,94.8360032061,168.1,24.1399213834
2022-12-15,134.358001819,242.6508077756,161.2082779828,495.543672029,119.6475112125,322.8007656121,94.4342517317,149.3454780353,88.45,301.3954083686,139.0902090144,218.6040722934,183.7808468753,78.101945396,115.2543912233,95.2051928573,165.35,24.3640777962
2022-12-16,132.3992294848,238.4411314992,159.5552323693,491.806058675,118.9025881988,319.5896440264,93.7714923777,147.3197442359,87.86,297.4761640473,138.4735030384,220.5564020815,184.4580314094,76.5819564809,118.5090998174,94.1416931956,166.79,24.4071847987
2022-12-19,130.2928109948,234.3094121908,159.3826616734,491.7121487917,119.6107248908,317.9840832335,94.1924341296,148.3326111356,84.92,291.946901519,138.4366847712,220.1488769315,184.1678094662,76.0176492189,113.59726825,92.5596275831,166.32,24.412874923
2022-12-20,130.2239094554,235.6249360272,159.5552323693,488.5286037489,120.190109457,317.873354903,95.5537776674,150.7687306616,85.19,289.6560756129,138.491912172,222.8499157161,185.9970871688,76.0176492189,116.1871430765,90.9160371968,169.08,24.2476292431
2022-12-21,133.3244787281,238.1877713529,161.3808486787,495.4121981925,121.5420067782,323.1052685211,96.780778093,152.541247736,86.77,293.8145226392,139.7621423913,229.0954755722,189.1719393352,77.0461447125,118.8365552553,91.1445577853,168.8,24.3085092304
2022-12-22,130.155007916,232.1071278425,160.7904752453,494.9896037178,120.1625197158,318.8791372387,94.8283248611,150.2535656005,83.79,290.8336889301,140.0843022295,225.1244746925,186.7182447246,75.8538180784,116.2169117526,91.1269792785,166.76,24.3432977946
2022-12-23,129.7908140649,232.6333373771,161.1991953146,498.9526007917,120.7327077016,318.8145457126,97.3360629571,154.8987827611,85.25,293.2349160846,140.4800986022,227.3326923654,188.0902030015,76.609261671,117.1298178217,89.7910127613,167.26,24.3346006536
2022-12-27,127.9895309636,230.9085394583,161.1537819735,499.5911879979,121.1557504007,315.5480599616,98.6884502875,156.8459320596,83.04,293.989324616,141.7043059875,230.4317789708,188.9872526441,76.4545322604,115.9787623433,88.0155835739,168.67,24.3259035125
2022-12-28,124.0621432181,228.5405965528,160.4544165217,496.2667781302,121.8179041907,314.533050265,97.0673767325,154.5320550905,81.82,290.4748848725,139.872597193,226.8683032411,186.6127094725,75.6899869378,114.7284779443,87.4970176232,167.91,24.412874923
2022-12-29,127.5761217272,234.8551109674,161.2718566602,497.6096894609,122.5168443023,316.8952546499,97.8017857464,155.7020909919,84.18,294.7805335635,140.4524849018,227.6454442247,188.8641281833,76.5273461007,119.332699858,88.4902032577,168.85,24.2650235252
2022-12-30,127.891100193,233.6955010672,160.4453338535,497.8914191107,123.3261433789,316.8491178455,98.7869685698,156.7236895028,84.0,290.594486225,139.5044145207,227.0388951643,188.4683709881,76.0904630592,119.4120829945,87.5058068766,169.64,24.1867492557
2023-01-03,123.1073647436,233.4616301629,161.8440647572,487.0542185816,124.2641945813,319.469688335,95.3925659327,151.9213033405,85.82,290.6404867452,139.5136190875,226.3944367877,188.4683709881,76.2998028499,123.7781554988,89.1757650231,171.06,24.4476634872
2023-01-04,124.3771216839,223.2492673442,163.6061023891,473.7753610875,125.4229637137,320.835337745,95.6702083647,150.3059552678,85.14,294.1549264887,140.1211204968,228.7448143967,184.7218695396,76.900517032,126.3878761094,90.397471246,172.67,24.3606920767
2023-01-05,123.0581493583,216.6326696783,162.3981075177,460.1208640603,125.3953739725,317.1997575589,97.8107419539,153.012754741,83.12,290.2356821674,138.3814573703,227.7212628573,179.8232749227,75.2075952462,125.961191751,90.7754091424,170.52,24.586817744
2023-01-06,127.5859648043,219.185760383,163.7150944075,460.1584280136,127.7948864852,321.1859774584,98.992961342,154.16532742,86.08,292.1309035998,141.6766922871,235.852811198,184.9241454394,76.1359717094,129.0174425041,92.4453672889,173.71,24.2650235252
2023-01-09,128.1076478882,221.3198323842,159.4734883555,460.2147739436,127.2668084418,325.7258390106,97.1479825999,152.9603650738,87.36,292.3885065129,139.9462337275,233.7298894867,185.2759296129,76.5182443707,128.471683441,92.9375654794,174.1,24.1171721274
2023-01-10,128.6785463575,223.005651819,159.0920162908,456.4020326829,128.4063452722,329.7489683536,98.5988882126,153.7112836374,89.87,294.9829358524,139.8081652254,237.4165704943,185.8651681037,76.9460256821,131.9645414445,91.3994461339,174.74,24.1345664095
2023-01-11,131.3952356251,229.748929558,158.8377015811,463.3513640447,129.360591561,336.3188492991,99.7452827708,152.9778282962,95.09,302.6834229343,138.6760035081,237.6250717338,186.7094501202,77.3647052635,131.865312524,92.884829959,174.62,24.1345664095
2023-01-12,131.3164910086,232.4189557148,158.038426779,465.4831183949,129.2308881819,341.3569883387,101.4021811557,154.6193712026,95.27,303.4838319858,137.8936153296,241.7382325495,189.945864517,77.4284173738,135.6558572891,94.7129946667,176.64,23.8997436011
2023-01-13,132.6453064112,233.1205684276,157.5207146913,459.7546155156,132.4920017126,345.1032968554,101.3394877033,155.0384885404,98.12,304.7166459273,138.8785039779,244.9510471037,190.4999245904,77.0734499025,135.9237753746,93.8252800731,178.76,23.8910464601
2023-01-17,133.8067895039,234.2119659807,156.5488691932,455.5380617568,130.4445412289,322.88381186,101.1424511386,157.5968506232,96.05,301.3310076403,138.4735030384,242.8660347087,186.6566824942,78.0382332858,134.3162668616,93.2188215883,177.59,23.9606235885
2023-01-18,133.0882448788,229.7879080421,154.1873754598,447.2364280759,126.5256462758,322.1179409071,99.0646110019,154.7503453707,95.46,297.7981676888,134.7640626153,239.6058335091,179.6209990229,76.2724976598,131.9943101207,95.4776597128,177.08,23.9606235885
2023-01-19,133.1473033411,226.0069950901,153.978474091,454.8619105973,124.8395023479,323.6496828129,99.7005017334,156.2958405538,93.68,286.0128344128,131.932093546,234.0426413459,176.4725306695,75.1711883261,135.100175334,94.8799904814,179.89,23.8997436011
2023-01-20,135.7065033757,234.0852859076,153.2609433028,457.0781838424,125.1452317414,315.4281042702,101.518611853,157.9548466826,97.25,289.8032772775,132.4415911688,237.813989707,177.6773914639,74.4703551137,138.2953465759,93.3418711359,179.29,23.864955037
2023-01-23,138.895660342,236.385016466,152.8703885699,456.2236039047,127.1741631711,322.1640777115,100.9901956114,157.7452880137,97.52,290.2448822715,130.6629812853,240.6615481917,179.8144803183,75.2440021663,142.1652744775,92.9024084658,179.63,23.8997436011
2023-01-24,140.293377284,235.8588069315,152.8703885699,461.6609861459,128.267377366,321.4166614803,101.9305973974,157.8937254041,96.32,292.2781052644,131.3762779574,245.3376392152,181.9867475901,76.3635149601,142.0362768807,94.238374983,180.28,23.873652178
2023-01-25,139.6338911212,234.465326127,153.9603087546,462.5061750953,128.8881006801,322.6162183945,101.3932249482,156.3656934434,97.18,291.8825007907,131.2836420259,246.1280985939,181.7580878773,69.7101503075,140.4089225836,94.4668955715,181.11,23.7953779086
2023-01-26,141.7009373031,241.6666010535,153.3971833259,462.4873931187,129.6848500086,327.5436291036,105.4682993543,163.9709268022,99.22,288.7084648967,130.7556172168,249.6327859597,184.1150418402,69.5372174369,146.1641999758,94.0274329013,179.47,23.8562578959
2023-01-27,143.6400234831,241.8225149897,152.7977272243,456.4489876245,129.9998439292,326.3717542721,103.5427147449,156.688763058,102.24,291.3580948604,130.2183288145,251.937498847,183.0421001108,68.7908755743,150.5699640484,93.7901230595,179.22,23.8910464601
2023-01-30,140.7560019056,236.5116965391,147.1392249322,456.204821928,128.8973652072,329.8412419624,101.7066922103,152.1046671758,100.55,289.1040693704,130.6259269128,249.0423223274,180.9753680911,68.3084838827,145.9260505664,93.4473421768,178.76,23.9780178706
2023-01-31,142.0257588459,241.4814532543,148.4289638174,468.788746286,129.6663209545,337.5460882959,103.9009630443,151.9474981741,103.13,298.2397726827,131.8950391734,240.2710803059,183.3499112627,67.9262112214,147.821322949,94.194428716,179.41,23.9258350243
2023-02-01,143.1478696303,246.2952960334,149.7913640482,466.7321198424,129.3235334527,337.4538146871,102.7635246936,149.6248895938,105.15,301.8462134666,132.645390218,237.6520883885,181.802060899,67.5712437502,151.939323152,95.3242837252,181.67,23.699709357
2023-02-02,148.4532881637,257.8426719305,150.354489477,442.1559033911,128.7213391927,340.9233023775,99.5482462061,147.5729609609,112.91,312.6103351941,131.7005037174,233.2331347533,182.3825047854,68.8090790344,187.3144333294,95.4476466363,177.9,23.8562578959
2023-02-03,152.0755405204,251.7522837991,149.5098013338,443.273431002,130.7132125141,341.3662156996,100.2378741826,147.9571518538,103.39,304.9834489444,132.1081018157,235.9568863474,178.2578353503,67.9626181415,185.091705509,94.0201615223,173.46,24.1693549737
2023-02-06,149.3490081758,250.2126336795,148.3744678081,446.2973292433,131.4821682614,342.1505413743,100.0677062403,148.1230524667,102.18,302.9318257434,130.9872070453,239.4425264993,179.4451069361,68.7271634641,184.6253295824,93.3240422383,173.82,24.3085092304
2023-02-07,152.2231866763,260.7270797495,148.410798481,447.8374513289,133.0849314455,345.4723912905,102.9247364283,152.0086194526,102.11,299.1873833989,129.7088311916,237.7663716721,180.7027353566,69.2459620759,190.1424575652,92.5750531352,173.98,24.2650235252
2023-02-08,149.5360266399,259.9182762057,148.6015345133,453.7913379281,132.1492142108,346.118306552,102.0291156797,148.4373904701,100.05,295.130137517,128.3656101858,237.0140067213,177.8444889464,68.2902804226,182.0156089719,93.0156349605,174.41,24.2911149483
2023-02-09,148.502503549,256.8876990715,146.5942648398,456.1484759981,130.0924892,339.5576529674,102.4142326016,147.0752591222,98.24,290.3092829997,126.957544028,234.5473925155,175.2061076446,66.6883759372,176.5480954493,92.1344713099,173.03,24.2563263841
2023-02-10,148.8666974001,256.380978779,147.2754649552,464.1495980525,130.6668898787,342.5934546965,106.7311246099,150.1575178773,97.61,291.2200932998,128.0784387984,235.8711738846,176.305433187,68.0263302517,172.8071651445,91.1035098387,173.36,24.3346006536
2023-02-13,151.6663889478,264.3910572494,147.8204250476,465.1826067685,132.0843625213,345.1217515772,106.3191390655,149.3192832017,99.54,297.6509660241,129.7551491573,236.3283070193,178.8558684454,68.8272824945,178.0464521497,91.8701222147,172.48,24.2650235252
2023-02-14,151.0256144738,265.2193500353,147.175555605,462.8160777101,132.6680277271,343.0548227404,105.0736347199,150.4631242694,99.7,292.9589129634,129.023325299,232.7188599768,176.771547217,69.2004534257,178.09606661,91.6586429386,172.61,24.2476292431
2023-02-15,153.1253831346,263.104767276,144.7504831941,461.3323015545,133.2238993516,345.4170271253,104.7577459366,148.8914342527,101.16,295.0381364766,128.7268903184,236.8521054028,177.3959641251,70.0287108585,175.7939556531,90.8039141975,170.89,24.412874923
2023-02-16,151.5283759841,256.1002329623,143.7241416868,457.669816107,131.3895229906,341.5968997216,104.4508825471,146.7418862994,98.15,295.5441421988,127.0409163663,234.7759590828,175.3292321054,68.8909946047,171.110350603,89.5174152675,170.75,24.4476634872
2023-02-17,150.3848399999,252.1046199438,146.7032568583,468.6854454144,131.7786331278,340.0282483722,100.4345823023,143.464706633,97.2,292.5173079695,129.6995675984,235.9854571683,177.1409205992,69.2368603459,171.5469578534,90.2135345515,171.26,24.4302692051
2023-02-21,146.3726059861,246.8390076772,144.5172054592,461.3886474844,129.360591561,333.2184560439,100.3353029704,141.8349264226,94.58,271.8630743984,129.606931667,229.2427434319,173.0426349772,67.0433434084,170.753126489,88.4600188868,170.62,24.5085434745
2023-02-22,146.7965029458,245.7057775791,144.3159789706,459.1160283094,128.3692871639,333.0062267437,99.035646262,141.2623009432,95.79,272.5990827217,130.1534836625,226.5570862656,171.9257202261,67.0615468684,169.8005288517,89.2706894454,169.66,24.586817744
2023-02-23,147.2795483185,248.8905449239,144.2702456778,461.7455050409,129.3976496693,335.4514773765,99.9472110366,142.6542213392,95.82,275.3683140379,129.736621971,226.6142279075,172.4182180691,66.3243067359,170.7134349208,90.1430414595,169.57,24.595514885
2023-02-24,144.6277278032,243.4686250577,142.6604337689,454.8337376323,130.5649800809,335.7375255637,99.9562364304,143.0770832316,93.5,272.9302864671,129.0047981127,224.9190258664,169.7835842375,66.3698153861,169.0761577316,88.9710938041,168.35,24.778154847
2023-02-27,145.8205541316,244.3869322062,142.3494473774,453.8852478113,131.7045169112,337.2877221913,99.7757285543,143.4382777648,93.76,272.3322797045,128.893634995,228.5475201229,170.1460674156,65.8305378817,168.2327119069,89.2178196263,169.01,24.6476977313
2023-02-28,145.3177926213,243.6640095574,140.1816892955,446.9546984261,132.8069956332,324.480145292,99.1981033505,141.6323050991,94.23,272.8198852186,127.4299872783,228.1380050231,169.2884852624,65.0701795956,173.5910736168,89.6231549056,169.78,24.7172748597
2023-03-01,143.247598167,240.5867036873,139.5505698539,446.2785472666,132.0658334672,321.7857559155,100.0825919438,142.7599368123,92.17,267.5298253953,127.5226232098,236.8235345819,170.5262327001,64.0075101837,172.0827940244,88.6624803341,170.76,24.586817744
2023-03-02,143.8390822968,245.3150085797,139.440809951,448.6075123717,130.6946834599,324.4531305493,100.542887028,143.209227573,92.13,269.5814485964,129.6254588533,240.1663206292,171.9142780409,66.151170894,173.1842350426,87.8762931517,170.66,24.7172748597
2023-03-03,148.8864135377,249.3985446231,140.876835347,449.4151373678,133.0941959726,331.879027178,101.815467555,145.3235370352,94.9,274.5771050904,130.5703453539,243.1472096115,174.0096076318,67.6352436934,183.8215753259,90.0051820389,172.49,24.6216063082
2023-03-06,151.6466728101,250.9420821706,142.2854207673,451.4999367763,132.3159756982,331.841851225,102.7180069359,146.3895013891,93.75,274.3563025934,130.0145297653,241.8805698842,174.2041108006,68.1574174562,183.474274104,89.307330495,171.62,24.586817744
2023-03-07,149.448323461,248.2848529749,140.9408619571,445.0201548308,128.4248743263,321.6463460914,100.732420298,144.5042421186,93.55,267.447024459,127.4299872783,234.4140620178,172.9486812567,67.5619561478,183.0872813138,89.8550114535,168.62,24.8912176807
2023-03-08,150.7002982024,247.8452378506,139.9072895383,441.9399106596,127.6651831061,324.6297163265,99.2612811072,143.5880413517,93.92,270.0966544226,127.4485144646,236.8711526167,172.904475991,68.0200033081,183.5437343484,89.943347092,168.54,24.8825205396
2023-03-09,148.4526585092,246.4970848028,138.3340642636,436.5964383017,120.7538459075,317.9380447712,98.4941226334,141.4032549074,92.25,266.8627962322,126.5128915572,229.4808336062,170.5262327001,67.571117091,180.2890257542,90.1641861881,170.2,24.8129434112
2023-03-10,146.3923221238,242.8531638837,138.6724906309,433.8448787219,123.8204043696,304.536113684,97.2756944693,140.6632465956,90.73,265.2968305182,127.087234332,216.1954018797,170.9240800908,66.8840463505,178.1258352862,93.2736006624,173.87,24.6563948724
2023-03-13,148.3343616833,248.0601608003,139.998756124,437.0021362192,121.5969178714,293.2346239462,96.156545637,139.8175228107,92.43,265.4914179738,127.9672756806,213.9954486691,170.7207358689,67.1405527603,179.5051172819,93.4856061947,177.86,24.4302692051
2023-03-14,150.4242722752,254.7716183645,140.7853687613,437.8503546513,124.719063496,299.4058321583,96.5175613894,141.6234954764,94.88,264.611141389,129.5513501081,214.9192385454,170.6058021782,68.2948316043,192.5239516585,91.9485660853,176.83,24.4302692051
2023-03-15,150.8185950284,259.3143079821,141.17867508,438.6514498372,118.8268242757,290.1490198401,91.7160518832,135.491998036,96.2,266.8349980243,131.3855415505,206.9098850817,166.317891412,69.1834430953,196.2251903952,93.7241124186,178.21,24.6911834366
2023-03-16,153.6380027137,269.8259940652,140.8859820056,444.86229369,121.1336915176,292.8442764388,91.1835536485,135.9236695512,100.04,265.6860054294,132.3674824237,208.2908080926,167.2196788308,69.833870063,203.3498268909,92.9909266192,178.57,24.6650920134
2023-03-17,152.8000668632,272.9814537351,139.376783341,442.4872820801,116.5570151421,282.1097199855,90.1095317852,134.2057931132,98.95,267.2241729354,132.4045367963,204.7670735129,163.241204924,69.3208572434,194.1016914953,94.3866297071,183.77,24.5259377566
2023-03-20,155.1660033824,265.9476117465,140.7579287856,449.5180704173,117.7891972432,287.67681896,92.4651595693,136.1791486112,97.71,268.0303209657,134.4425272878,209.8145852082,167.8739167622,69.5956855396,196.2847277475,93.5562747055,183.84,24.3867834999
2023-03-21,157.0193203224,267.461841619,140.7579287856,452.4774102804,120.9484009761,294.8796598702,96.6078153274,140.3461001763,100.61,268.187844144,133.4698500077,214.2049680225,169.0055715624,69.036868004,200.6011857916,92.7524203954,180.37,24.3780863588
2023-03-22,155.589900342,266.0062270964,138.1602777508,448.1609209259,117.8262553515,291.5245301043,94.3965938443,137.4917824023,98.7,261.8683848722,133.3864776694,209.4717353572,165.4691503118,67.9100719896,198.2693061586,93.989119334,183.44,24.1954463968
2023-03-23,156.6742879133,271.2523009129,138.2334510193,442.8736926992,117.5112614309,292.6212207203,93.3315973749,136.1262908747,98.71,263.0729738829,133.2012058066,208.9860314016,165.2569650368,67.616921807,202.7048389073,93.989119334,185.74,24.230234961
2023-03-24,157.9755529989,274.0951453833,139.6237431225,448.6038794405,115.7232077052,290.5021913944,93.4399021006,137.4829727796,98.13,262.248293714,135.9154385975,206.6717949073,166.3532556245,69.3391791298,204.4214992329,94.3866297071,183.65,24.3780863588
2023-03-27,156.0335134394,270.0018401149,140.2182759298,454.1738471446,119.0399083984,296.0414084041,95.4886664952,138.8837027983,98.04,260.6267315841,135.2021419255,207.6146319976,166.2029577213,69.1101555497,201.2759424514,92.1694051815,181.95,24.2998120894
2023-03-28,155.4124551031,268.8783792417,138.8645704609,445.3900740477,119.4012249544,295.9577625097,96.6800184779,140.504673386,97.24,260.209758465,135.5819492444,209.6717311036,166.1410703494,68.9269366855,199.1325977674,92.3372428946,183.44,24.2128406789
2023-03-29,158.488172578,274.0365300334,140.2274225883,439.7447091496,119.6421026584,298.0767918355,98.3406909387,141.711591704,100.25,262.5633400707,135.9988109358,212.3764354838,167.157791459,69.7239387445,203.7665883573,92.1517380538,182.53,24.2737206662
2023-03-30,160.055605522,277.4948356778,140.3371824912,443.0150624379,119.2807861024,298.4671393429,98.8190368105,143.0594639861,102.0,264.4165539334,136.591680897,213.8430709575,167.2019967246,70.1636640184,206.237388479,92.5757491184,184.18,24.1606578326
2023-03-31,162.5595550048,281.6467562962,141.7732078872,445.399498697,120.7260523262,304.0156503408,98.9724685053,143.7378049386,103.29,273.4602375835,137.7403664468,217.9382219557,168.9702073498,70.6125502355,210.3057742218,93.9626186424,183.22,24.2476292431
2023-04-03,163.8115297462,280.6014492228,143.4653397233,465.7567410675,120.5870844201,303.4673050328,104.8118982995,149.719538792,102.41,275.8786816743,138.4999810845,218.9191534738,170.8798748251,70.2369515641,211.427061024,94.4031970561,184.54,24.1345664095
2023-04-04,163.2791940294,280.5526030979,144.9653917293,464.8708240384,118.9750567089,299.8705315719,103.8100795867,148.917863121,103.95,273.3119804745,139.1669597908,207.0908336141,168.8110683936,70.6858377812,213.0643382132,94.872556291,187.98,24.0388978579
2023-04-05,161.4357351582,277.7781432024,151.4778126336,479.9314135328,119.1510827233,298.8296048855,105.588082167,149.6578714327,101.1,267.4836228762,140.1211098846,203.357579681,167.4760693715,71.7576681363,209.8493211872,95.8644097685,187.83,24.1084749863
2023-04-06,162.3229613529,284.870600541,151.0570663392,483.3054379627,119.0203629398,299.6381818651,103.8371557681,147.6933255574,102.06,267.4280264603,141.0104148263,199.205287041,168.3866978435,72.3439685016,214.4336973168,96.1123731379,186.49,24.1258692684
2023-04-10,159.7302892506,282.7116018194,150.2978936776,485.5390798339,119.4125222905,302.0174428625,103.3768606839,148.257141414,102.17,269.8001402046,139.8432020903,205.2623010754,169.4653063249,71.8492775684,213.0941068893,94.5626020793,185.11,24.2650235252
2023-04-11,158.5177467845,276.3029902298,150.2521603847,490.9959517471,120.0007613165,304.2572940359,104.1079175824,149.0764363306,99.92,272.2093182262,139.565294296,210.0907698104,169.9162000344,71.7668290795,212.2010466043,94.7574304409,186.28,24.1780521147
2023-04-12,157.8276819664,276.9477590787,149.9320273347,491.2032940305,119.9820870617,306.9246686697,103.9996128567,149.6050136962,97.83,269.1237171447,139.9451016149,209.9955337407,170.8356695595,71.9958526597,212.3498899852,94.6600162601,187.19,24.047594999
2023-04-13,163.2101875475,283.1512169437,151.9351455622,495.9533172503,120.4396063042,308.681232453,104.4869841224,151.6047980625,102.4,270.7082149973,140.5935531349,211.1097957565,173.1962307442,72.2340371831,218.6509264403,93.916126152,189.72,23.9345321653
2023-04-14,162.8651551385,279.5366036996,151.6881857808,482.3441237397,129.5339683897,313.1330528349,104.739695149,151.9131348591,102.51,270.7452792746,139.8802564629,213.0240407579,173.7708991974,71.4736788969,219.7821361346,93.0571101938,186.36,24.0736864221
2023-04-17,162.8848712762,282.1352175454,151.532692585,476.2746496255,130.5610524034,315.6981935978,103.5212669848,150.5740721997,102.74,273.7196875243,139.9265744286,214.5097234456,174.929077157,71.9500479437,217.1724155241,91.9501308662,185.53,24.1954463968
2023-04-18,164.1072718111,281.715140871,147.2703496898,475.4547051412,132.0269814049,310.3355623653,105.542955198,150.2216872893,102.3,277.0091421306,140.0747919189,214.4716290177,174.1068592162,71.7301853067,216.2098949947,92.2777967471,186.25,24.1084749863
2023-04-19,165.2508077953,281.7932946709,148.660641793,458.2264463202,131.8589131117,313.1051708701,105.209015627,150.3626412535,104.3,275.1188639906,140.1025826983,213.9478306342,174.8848718913,72.3164856719,214.0367816346,92.1892384009,185.36,24.1606578326
2023-04-20,164.28471705,279.5072960246,149.6210409432,459.4139521252,131.4760908884,314.7966767355,104.3696540028,149.6314425645,103.81,276.6570314967,140.6127287727,211.6812121748,173.94772026,72.142427751,211.427061024,92.9774076822,186.09,24.1606578326
2023-04-21,162.6778518307,279.1653731502,148.8069883302,455.9833797998,131.2239884487,317.5384032755,104.7035935738,148.988340103,106.96,278.0191436858,145.4784791485,210.919323617,173.3553697005,72.362290388,211.248448967,92.4549134396,184.25,24.1345664095
2023-04-24,162.9834519645,275.2674523814,149.7125075289,460.8088002135,131.4013938692,319.6760205779,106.6801548179,151.0674110742,106.21,279.501714776,145.739477253,213.9451785343,173.9742434193,72.408095104,211.1492200465,93.3493527362,184.81,24.05629214
2023-04-25,161.445593227,269.0639945164,151.0845063149,463.6173456887,128.5442328855,315.5123138324,105.163888658,148.8738150072,102.57,274.5814319704,145.7767626965,209.3489432169,173.249277063,71.2904600328,205.9496246094,94.7220071024,185.75,24.1693549737
2023-04-26,161.4357351582,288.55359836,148.7429617201,455.1634353154,126.2659738005,312.7984692572,104.1981715205,146.2221185567,104.98,266.9276587174,144.0895963784,207.0125235972,168.7757041811,67.8551063304,207.7853596397,93.7124419557,184.74,24.0910807042
2023-04-27,166.0197371641,297.7952851951,149.0905347459,462.2507715481,127.9653309869,317.4826393459,105.4436758661,147.0766519643,109.82,272.3575753352,145.8513335834,205.2314824117,175.5921561414,69.4857542211,236.7205128732,92.7825793205,184.75,24.0997778453
2023-04-28,167.2717119055,300.1692068663,149.7308008461,463.7775647259,129.0764491472,319.1927331878,106.8065103312,148.512620474,105.45,278.4824471515,145.7674413356,209.5117265511,176.679605676,70.2003077912,238.4669418749,94.2792153714,184.8,24.1345664095
2023-05-01,167.182989286,298.508438619,149.6393342603,467.1798631035,131.8402388569,316.5253585539,103.4941908034,147.3321310243,102.05,275.8508834664,145.9445471922,208.0466765436,177.2454330761,70.3560438257,241.3048890028,91.5675543826,183.97,24.2563263841
2023-05-02,166.1478920588,298.3619002442,150.9473064363,465.0027691278,129.7113738102,309.8336869986,99.3695858329,140.9892026377,103.63,272.6818877611,145.8140481399,206.0166726118,175.282719282,69.56820271,237.3952695329,93.849418193,187.52,24.1954463968
2023-05-03,165.0733625564,297.3752085208,148.9716281845,461.2800326758,126.9662583553,305.4469245346,97.4110753764,138.161313732,103.65,271.5699594435,145.6276209225,206.4858716338,175.0174876882,69.0643508336,235.2023103887,94.3732701962,189.11,24.0649892811
2023-05-04,163.4369231306,298.3619002442,148.29477545,459.2443084388,125.2295526593,298.5786672022,95.7052759466,137.6239267437,104.0,264.7779306366,144.9564829396,201.4491637651,173.4791444443,69.1742821521,231.7193752773,93.4409912075,190.44,24.0910807042
2023-05-05,171.1065006803,303.480974136,148.7978416716,465.8415629107,127.6758800375,303.9320044464,98.087979912,141.1389662246,105.655,268.363899461,145.441193705,205.9592196703,175.424176132,69.1742821521,230.9850812652,93.1302315446,187.46,24.05629214
2023-05-08,171.0374941985,301.5271291391,148.4594153044,464.2770711359,127.9840052416,303.4580110446,98.4760718458,140.5839599908,105.83,266.797933747,144.7607343613,205.671954963,174.1245413225,69.6781340285,231.4713029759,91.8250409605,187.69,24.0910807042
2023-05-09,169.3320482909,299.9152070167,147.3069363241,462.1659497049,127.3677548334,301.8408570854,98.5031480272,140.1787173439,106.62,269.2534421151,143.2786379824,204.4271412312,174.2836802788,69.2384087546,231.5705318964,91.4965236026,189.02,24.1693549737
2023-05-10,171.091713577,305.1026654834,147.8557358385,461.8737855783,127.4331147252,299.7775916892,97.239592894,138.3903639238,110.19,267.8172013715,143.5769215304,204.1207255434,174.4693423944,70.4384923146,231.2827680268,92.3844083537,188.75,24.1258692684
2023-05-11,171.2839459192,302.9534359868,147.2520563727,460.6391565271,127.0316182471,298.0767918355,95.4796411014,137.6239267437,112.18,266.5755480835,143.9124905218,201.1140216066,172.409377016,69.7147778013,233.9718717738,93.3610815799,187.13,24.2824178073
2023-05-12,170.3572874492,301.8397443386,147.0599765426,462.9670448908,125.2108784045,296.9429252664,95.4706157076,137.9763116541,110.26,269.1515153527,145.3759441789,200.6448225846,172.0894091032,71.4187132377,232.0071391469,92.5797429989,186.81,24.4389663462
2023-05-15,169.8636985072,302.3184363628,145.9349375381,458.8484731704,126.2659738005,299.3314802521,95.6511235837,138.4872697741,111.2,267.3631639751,145.4225509833,202.3205333774,172.702680936,71.033953623,237.0181996348,91.6208274677,187.21,24.3693892178
2023-05-16,169.8636985072,304.5458196593,145.7428577081,452.1192736091,125.4162952073,298.16043773,93.3297153308,135.236518976,113.4,261.6089349314,145.1708742397,198.4041578674,170.30292159,69.4765932779,236.9785080666,91.3455831949,184.87,24.4302692051
2023-05-17,170.4757487953,307.4179718046,145.422724658,456.9164200751,129.2725288225,306.8689047401,95.4235345393,137.174635983,115.5,270.9306006609,144.5556644221,203.0961480872,174.2225285219,69.0185461176,240.6152480049,91.0792177695,184.23,24.4737549103
2023-05-18,172.8054886016,311.8432241376,144.9562450708,451.6574657961,130.2529271993,306.3112654438,96.2883729081,137.0072531506,118.15,273.4973018607,142.1787173994,205.6049265313,176.2045519817,68.7986834806,244.9465903871,90.4044253587,181.84,24.6563948724
2023-05-19,172.9140781689,311.6669972748,145.3495513894,451.271055177,129.9541391226,303.1234274668,96.7344474351,138.0925648111,116.25,269.5314241945,142.7752844953,205.6623794728,175.4046321997,68.2307050018,243.7459204484,89.7651483379,183.64,24.586817744
2023-05-22,171.9663874002,314.4474655548,144.5720854107,452.9674920412,128.8803694718,301.9802669094,95.560087966,135.6105815874,115.01,269.3275706696,139.0374187851,205.16445398,175.0313363015,68.3223144339,246.4052555192,89.4455098275,183.21,24.6042120261
2023-05-23,169.3602377863,308.6515598444,144.5167891455,451.8553834302,127.5358231266,300.7255784928,96.8618973,139.5337163604,114.99,273.2934483358,137.5366796845,203.6802529921,173.2892887762,67.9375548192,244.8374385745,89.7029964053,183.43,24.6737891545
2023-05-24,169.6366475939,307.2711160856,144.3785484824,453.1654096754,126.3686822018,297.2310389028,97.9452211514,139.9073482436,116.75,269.7352777194,136.399473658,200.7980304285,170.5251215295,68.0108423649,247.2883929122,89.2590540297,181.95,24.7607605649
2023-05-25,170.7719021605,319.0881062757,142.3049385368,450.2154944615,126.676807406,301.0136921292,96.1882337285,137.4965329975,115.0,265.704537568,135.5232657359,201.0661441554,170.8895294302,67.2321621923,250.7415593474,89.037082842,180.2,24.8738233986
2023-05-26,173.1806161976,325.9120020192,142.2496422716,453.8157104733,127.8626225855,308.5697045938,95.560087966,137.0695251311,120.11,271.3383077107,135.5325870968,202.8088833799,172.2049530717,68.1459662772,260.0194634192,89.7562694904,180.92,24.8651262575
2023-05-30,175.0266388407,324.2672179663,142.26807436,452.2417940493,128.3481532102,307.4730139777,94.7134567208,136.2155093982,121.66,270.9398667302,133.4632449829,200.9895402334,172.9159928779,67.0120439487,260.4957622379,90.653033089,182.04,24.8390348344
2023-05-31,174.9772799465,321.5063304488,142.90398141,459.2066098418,126.7141559155,303.3557771736,93.0201942304,133.9915100938,120.58,264.583343181,132.8293924435,197.0157117819,170.2940335924,67.7218977641,262.6787984901,91.4432505175,182.32,24.8825205396
2023-06-01,177.7808651372,325.6085001999,142.4247471114,465.2289607097,128.4601987389,296.3314847105,94.09441452,135.3614936653,122.77,269.1945328629,134.190311131,200.1947745431,172.302721045,67.2609537281,270.5079603218,91.8011098028,183.76,24.586817744
2023-06-02,178.6298381175,328.3693877174,144.6642458527,470.8366270108,131.1586285569,303.1216340915,96.2792693463,139.0088525246,124.25,276.2419988746,136.5765795146,217.0093354126,176.7378318364,68.0814341121,270.5079603218,90.7951434134,181.05,24.8477319754
2023-06-05,177.2774044163,328.8980683059,145.9084118201,469.5266007657,129.870104976,301.3983410072,95.8514019428,138.3416527332,125.3,273.5910315271,136.0359405839,213.0259314708,175.2535362409,67.8417432134,269.297367491,90.6259986222,182.14,24.8042462702
2023-06-06,176.9121485993,326.6854421394,145.7793872013,459.5176232669,130.1035331609,306.071836926,96.6343082556,138.5907406553,126.61,276.298005227,134.6843432573,217.0572128638,174.5069444444,67.6481467183,269.0294494055,91.1601400679,182.34,24.8825205396
2023-06-07,175.5399713404,316.6013494337,146.0927327042,454.3906140773,131.3640453597,314.4541592653,98.8009559583,142.1847235313,121.23,281.618608706,134.9733054444,225.5506727107,176.3289839478,68.3764382952,261.5674345799,89.8069817388,180.15,24.8912176807
2023-06-08,178.2547105215,318.441941112,147.6963243955,462.0245799662,131.4013938692,314.1919190133,98.4914348579,141.6598596955,124.25,281.0492107898,136.5020086276,224.4973687838,176.115672006,69.0494165877,262.5398780013,90.8574599154,182.53,24.6911834366
2023-06-09,178.6397098963,319.939869446,147.4659232904,465.2195360605,131.6628334364,314.707033794,97.7631499158,141.3218118012,123.43,277.5581481562,136.6138649581,225.052747218,175.8845840689,68.284249488,262.9070250073,90.7328269114,182.04,24.769457706
2023-06-12,181.4334233082,324.8938023674,147.3645468042,464.2487971882,131.653496309,317.9569397736,96.8801044235,139.9607242269,126.57,280.8345197723,135.5419084576,227.8009129182,176.4267519212,68.2012795615,268.9599891611,90.9998976342,181.88,24.778154847
2023-06-13,180.9595779238,327.2826553967,148.1386945172,463.0424420847,132.6058833036,320.7760224821,96.8983115471,141.0104518986,126.66,280.1064371909,135.2156608271,235.0208325626,178.746519289,68.5423781481,269.2279072466,90.1007595339,180.54,24.6998805776
2023-06-14,181.5913717696,330.2687216834,148.8944101418,433.4019202074,132.1110155515,316.9548073822,95.7330556397,139.7472202936,126.42,279.7610646844,136.4833659058,232.9908286307,178.2221274319,67.6665844798,271.2422543339,90.8218504856,180.64,24.5781206029
2023-06-15,183.6249582107,340.8031719274,150.8942917339,440.8568177606,133.6049559351,318.1910828557,96.3976156494,140.8058439625,127.11,281.9173092522,138.3756021631,237.1561668871,181.0751746544,68.5515970288,279.6568667968,91.6942815136,181.91,24.4389663462
2023-06-16,182.5489343171,335.1541219359,151.355093944,433.854434255,133.7636871009,316.851784426,95.7057449544,139.8984522463,125.49,280.386468953,139.3916304983,234.8580492284,180.3996868385,69.6855193573,278.8332667562,91.3381872165,181.63,24.4824520514
2023-06-20,182.6377803267,330.9638387534,151.262933502,444.1687559052,133.0820768008,309.7432004534,93.5117865663,136.7136852424,125.78,281.347911336,138.1052826978,230.9129472477,178.115471461,68.9203522576,282.1375898107,91.9702545939,179.75,24.5520291798
2023-06-21,181.6012435485,326.5679575642,151.0325323969,451.1332886891,132.8859971255,304.4515667978,94.5586961706,137.7812049085,124.83,280.6851694992,139.2984168896,231.2289384257,179.3597911219,69.860678091,279.4683318478,92.1928135296,179.49,24.4389663462
2023-06-22,184.6022643159,332.5890420438,152.6361240882,453.3097051841,130.3276242185,299.3097847148,94.0397931493,135.7885015317,130.15,281.1332203185,139.7738062941,227.2646854645,178.3376714004,69.2614508442,282.6833488737,91.0800188511,177.71,24.5259377566
2023-06-23,184.286367393,327.9973532293,152.5070994694,451.3698556995,129.6460139185,294.7486774754,93.2204725894,134.6409178906,129.33,280.7878478119,138.384923524,224.4877932936,177.8399435361,68.3764382952,286.503662315,91.9880593088,178.2,24.6563948724
2023-06-26,182.8944465765,321.7119284554,150.8021312918,453.3191678645,129.96347625,292.5477325037,94.9410457652,137.0072531506,127.33,287.3965973964,138.5247439371,226.891241345,180.053054933,68.4870648638,276.3227750662,92.0859852405,178.51,24.6303034492
2023-06-27,185.648672873,327.5567860722,150.4887857889,456.6311060091,129.9728133774,293.5685963416,95.1777383714,136.5802452841,129.18,292.8572167565,139.8390558202,230.4724746964,180.7285427489,68.1367473965,284.8366164497,91.8456215899,177.69,24.5694234619
2023-06-28,186.823414555,328.8099548745,150.1846563302,448.9568721941,129.4032486061,293.7652765306,95.9515411223,137.8167888974,129.04,286.108451291,139.8110917376,231.6023825453,179.9819509523,67.7034600027,283.090187448,92.2373253168,177.28,24.6824862955
2023-06-29,187.1590550356,328.0267243731,151.2352853694,450.8399455963,133.9224182666,302.5971535876,97.1350041533,138.9910605301,127.9,287.3312566519,139.2424887243,233.8717737332,183.5104859908,67.1226705173,279.3591800352,90.5725844776,177.09,24.7868519881
2023-06-30,191.4828941677,333.401643689,152.5439636462,454.8142713698,135.7991808736,302.0820388069,97.635700051,139.9785162213,130.36,289.9635552152,141.4423298904,235.6049374675,184.4259497413,68.4040949373,284.7671562053,91.6408673691,178.27,24.6824862955
2023-07-03,189.9922555628,330.9050964658,150.5440820542,452.2025715758,136.8916247791,305.8938881836,97.8268748483,139.8539722602,130.22,289.384822907,142.1507533168,236.8306002188,185.1369895475,68.5700347903,283.814558568,91.1224973398,178.47,24.7085777187
2023-07-05,188.8767445538,331.061742566,150.0464156672,445.9004264207,135.9859234216,299.7499737092,97.3261789506,139.0533325107,130.38,290.1129054883,141.9083979341,234.4367276577,183.4749340005,69.0955109913,292.1001734343,90.2566193772,177.84,24.8216405523
2023-07-06,189.3505899382,334.1163415215,148.9312743187,444.1403678639,134.6414829453,293.1471387939,93.6938578018,136.002005465,128.36,281.9173092522,141.6753639122,230.3671443037,181.3240385866,67.3162670124,289.7385251251,88.9801188757,177.31,24.7607605649
2023-07-07,188.2350789292,330.1512371081,146.765503931,436.7784025026,135.703872972,295.1795007465,93.9123432844,137.1940690921,129.78,282.6547262256,138.7018497937,234.7718698162,180.6574387683,66.4220355827,288.289782885,88.4445242596,178.64,24.5520291798
2023-07-10,186.1916207093,324.8742216049,147.0051210802,438.1694165233,136.4654091858,296.3970447735,95.3051882362,138.1103568056,127.13,289.6275171008,138.7577779589,238.247772775,184.6392616832,66.1085936382,291.8322553488,88.5605697598,178.78,24.4911491924
2023-07-11,185.6684164307,325.500806006,146.1941091904,438.0180136367,138.599590921,300.5273287418,96.4704441436,140.6635080071,128.78,292.7825416199,138.0307118108,242.1162708338,185.5191734434,66.5510999127,295.98994712,89.0158251834,179.45,24.4302692051
2023-07-12,187.3367470547,330.1316563456,145.6872267592,427.4292742546,139.2859136816,305.6972079946,96.943829356,142.0156995842,130.8,296.3856169584,138.748456598,242.8344326022,185.3325254942,67.7311166448,306.9547428412,90.0066752231,181.88,24.1432635505
2023-07-13,188.0968740255,335.4772045178,146.359997986,423.6915154915,139.9628347606,307.8325929034,95.1686348096,140.1208521768,134.3,293.6599744744,138.8416702068,244.9984933974,185.5013974482,67.9523697821,310.9933599077,90.952892378,182.01,23.9780178706
2023-07-14,188.2449507081,338.0031228848,147.3368986716,454.3695253904,140.8089861093,305.5005278057,91.8913525701,136.6247252702,134.68,295.4335089674,139.8670199028,244.7686816316,183.2171820707,67.4822068654,306.4883669146,90.417297762,181.43,24.0215035758
2023-07-17,191.5026377254,338.4828515669,146.5996151353,458.0694334318,144.2029931858,306.4464658574,92.2919092883,136.5001813092,133.56,295.0134613243,138.8789556503,246.5305718366,185.021445579,66.9843873066,308.2248730243,90.4619306467,181.56,23.9954121527
2023-07-18,191.2459714755,351.9544161912,146.5903990911,473.1340206493,144.4662402721,315.8777492045,91.8731454466,136.7759572229,132.83,295.6762031611,139.1399537547,252.6110081419,182.4261502863,66.4220355827,309.6438465882,90.8725531856,183.64,24.0128064348
2023-07-19,192.5984051767,347.6368580522,146.2954856766,476.6352124021,145.0209394896,318.9497064417,92.5103947709,137.6121809614,135.36,298.2151578038,140.0907325638,252.8408199077,182.3550463056,66.4681299863,313.5733118421,91.899109533,183.67,24.1084749863
2023-07-20,190.6536647451,339.5989550314,155.1797522882,477.1461971444,146.8072590036,328.6057671476,94.1399323289,139.1333964856,129.96,297.8511165131,141.2192697247,251.2434240522,184.8347976299,68.3119061301,300.1873304594,90.7832874163,182.74,24.2476292431
2023-07-21,189.4789230631,336.5639368385,156.8478562889,479.313150959,145.6790572053,329.6359967089,94.5769032941,141.1705798485,130.0,299.1392626186,143.4422351156,247.9331579419,185.4036294749,69.9713046596,291.9910216217,90.8100671471,182.18,24.3172063715
2023-07-24,190.2785371492,337.8758479283,157.668084223,481.3476272478,148.5465701093,336.163905838,96.0607838637,143.9550269776,128.8,303.4704205383,143.901835555,249.588290997,186.0435653005,69.6025494308,289.361455227,90.4797838005,181.4,24.404177782
2023-07-25,191.1373819083,343.6228017324,158.8753860136,483.4767303407,147.4371716743,332.2022048888,96.2064408521,144.6133307717,129.13,303.4890893225,144.239501184,252.1768421123,186.3635332133,69.5472361465,292.1994023548,90.3101788388,182.41,24.3780863588
2023-07-26,192.0060984463,330.6897080779,159.1795154723,480.7041649797,148.3209297496,334.880801748,95.6693307073,143.5280191112,128.15,307.652228185,144.3895747969,248.577890004,185.1014375572,68.5608159096,296.2677880975,90.3994446081,183.3,24.3085092304
2023-07-27,190.7425107547,323.7874892842,160.0734717599,478.0830025053,146.6850371421,332.0242561464,95.9697482459,142.0334915786,128.25,307.7642408898,142.6731078495,248.5586442708,174.5691604274,67.5467390304,309.3064682583,88.6409089522,180.42,24.5346348977
2023-07-28,193.319045032,331.2771309539,160.801539252,475.8876606495,147.5217868092,330.825443566,94.8226994621,141.3307077984,132.21,309.3137499732,146.7063361958,250.6083148566,173.4848247229,67.1595460402,322.9702906186,89.0961643758,181.86,24.4998463335
2023-07-31,193.9310953201,328.8784875433,154.396388531,479.1617480724,148.5089633827,333.297994513,97.6265964892,145.5918904657,133.68,311.6193448141,146.603160587,255.1695536249,172.5426969796,67.5743956726,316.1433408845,89.3104022222,182.35,24.5433320387
2023-08-01,193.0969300081,329.2896835566,155.6497705426,477.6193311651,147.7756322138,335.0306533206,97.0621756591,144.3820348441,131.69,309.967157418,146.5562625829,277.764044401,171.9649771371,66.5326621513,320.2216495192,87.851158623,180.46,24.6563948724
2023-08-02,190.1107169089,320.634986516,156.5898070513,477.6761072476,146.1021328796,328.8305445065,95.8514019428,142.0957635591,128.21,306.6347794495,146.8751690103,276.7247748082,171.4494732776,66.2929712526,311.8864201927,86.9112389516,179.6,24.7433662828
2023-08-03,188.7187960924,319.8125944895,157.2625782781,477.73288333,146.9952926366,330.759883503,97.5173537479,142.0423875758,128.91,307.8949223788,147.2597326433,270.8355804492,169.3252418564,64.6243538424,310.7750562825,84.9060769859,179.54,24.7259720008
2023-08-04,179.6565031169,320.9091171915,155.7880112056,475.7173324021,146.6850371421,330.8160778427,97.7904606012,141.722131676,139.57,304.7025602914,145.6464413048,266.0145242827,168.1698021713,63.7669979355,308.3340248369,86.4099484602,180.19,24.6042120261
2023-08-07,176.556764561,323.1902760268,159.529725152,483.2969394129,147.3807615844,333.0076570912,97.5901822421,142.2380995146,142.22,307.2601837181,147.1846958369,271.0280377812,168.5164340769,63.2783972574,314.1190709052,85.5595449479,179.78,24.6216063082
2023-08-08,177.4945835508,319.2153812322,159.6034535056,478.6791513713,146.553413599,326.1706790938,98.0726710162,142.0245955814,139.94,305.9907063968,147.3441490506,272.2212732396,166.7832745492,63.3429294224,310.2292972194,86.5531743149,178.64,24.7346691418
2023-08-09,175.9052271575,315.4754555879,159.5020770194,475.1306462165,144.5884621336,320.9539712245,99.7386228213,142.211411523,137.85,306.3640820796,147.1565570345,273.7994233619,168.1964661641,63.5365259175,302.8565884223,87.0007551108,177.79,24.7520634239
2023-08-10,175.688048023,316.1607822767,158.6726330411,476.427033433,144.3722234556,318.8092205924,100.2484222808,143.0743232531,138.56,307.4748747357,146.4249481717,273.1161998333,168.6675300357,62.9557364322,303.3825017012,85.5684965638,177.6,24.7955491291
2023-08-11,175.7472786961,314.2810290733,160.2209284672,480.7136276601,145.2089731227,319.1182894608,101.8051313445,146.0277943294,138.41,309.0710557794,147.2784918449,274.4634011573,170.3922748326,63.5365259175,299.3141159585,85.3715610136,177.6,24.8477319754
2023-08-14,177.398091202,317.2475145974,159.8430706549,483.4767303407,145.5098269355,316.3179381988,101.8870634005,145.9210423628,140.57,307.9882662995,146.1248009459,273.8090462285,169.3556406541,63.2046462116,303.8290318437,85.1835770793,177.06,24.9347033859
2023-08-15,175.411185132,315.113211481,159.3822684447,479.4645538456,141.8055643645,311.1386932227,99.2925482942,141.6598596955,137.67,310.0324981625,145.1868408654,266.9094508765,167.8274988911,62.0891616446,299.6217256122,84.6643833561,176.59,24.943400527
2023-08-16,174.5412959073,314.3495617421,158.8753860136,476.5027348763,141.2038567387,308.2353190046,97.621760222,141.1172038652,135.07,310.8632590566,143.7048639381,264.157311029,166.6568171895,62.2827581397,292.0207902978,84.0019637781,175.57,25.0129776554
2023-08-17,172.0008239671,310.8960334733,160.3683851744,467.4185616799,139.7371944009,306.7461690024,99.5128719961,143.4568511334,133.98,305.4959836172,142.6731078495,264.7924202246,166.2010556111,62.2366637361,282.8917296069,83.6438991414,175.3,25.0042805143
2023-08-18,172.4851941036,310.5035870791,158.9675464556,471.6578425049,140.0568515771,304.3204466718,101.018417292,144.4895608599,133.22,305.5799931458,143.0764306842,263.4740875004,166.7372457034,62.5316679191,281.0659174687,83.9393024667,175.33,25.0216747964
2023-08-21,173.8196832551,315.8016134006,154.2304997353,470.9386787935,140.5363373414,301.6324840893,99.7974567776,144.0046362927,134.68,302.4903093711,142.3542014221,262.4636865074,167.0678962603,61.8402518652,287.6646406855,82.8203504769,175.81,24.9955833733
2023-08-22,175.1937128258,316.3706606722,153.0047658563,465.885607453,137.6218160291,298.5698925754,99.2374673688,142.8192651284,134.25,302.882353838,142.410479027,260.0098555245,166.2278651157,62.2458826168,285.3823755128,83.4559152071,176.1,25.0825547837
2023-08-23,179.039018603,320.8249272462,151.6315752701,463.1414301332,138.5525825127,301.885358618,98.3653527157,143.0078469045,135.52,304.385190961,143.7423823413,262.7331267722,167.1840707803,62.5869812034,291.9711758375,85.5237384842,177.89,24.9955833733
2023-08-24,174.3534789157,313.9276818684,152.1476737455,461.8734309579,138.4209589696,299.6656821996,97.6309403762,141.8314558248,131.84,301.1181537371,143.0764306842,259.1437975305,165.4682624849,61.9693161952,284.5389296881,84.9597866814,177.85,25.1956176174
2023-08-25,176.5578572918,316.8808409846,154.3134441331,462.83862436,138.2517286998,299.843630942,99.3751696824,142.891105805,133.26,301.3701823229,144.0143907647,262.2808520421,166.4870236603,62.6515133685,283.2985681811,85.2372867749,177.62,25.2304061816
2023-08-28,178.1197038542,317.5872444942,152.4941698444,464.8825633292,138.7312144641,305.2944818934,100.2105637186,143.869935024,133.14,304.2171719038,144.239501184,264.4267512938,167.8989909034,62.7068266528,288.0218647995,85.326802934,178.13,25.1869204763
2023-08-29,182.0045500507,322.2083007857,152.5127338678,466.3492787932,139.8594162624,311.4571278144,100.8072737444,143.6454329096,134.91,307.4562059516,144.3239175913,269.469133392,169.3645771557,62.6676464097,295.6922603583,86.21301291,179.87,25.0477662195
2023-08-30,185.4939920542,322.5811248602,151.9743771905,465.1191303395,139.2953153632,310.3145095737,101.7895502484,143.8429947703,135.07,310.5738929024,144.483370805,271.68239271,168.506673008,62.2777721468,292.8245445543,86.1234967508,180.32,25.0042805143
2023-08-31,185.7114643604,321.5705753951,150.0715647967,450.9724231221,137.5748076208,309.4928721541,102.0741350299,144.6691625515,138.01,310.2639107936,144.7647588291,270.527648718,167.9526099126,62.0085732509,293.6084530267,86.5084162353,180.02,25.126040489
2023-09-01,187.2831960277,322.4535797821,148.9577233954,450.6506919881,138.0354900218,309.2001047977,104.2131109686,147.5427896164,138.12,312.8752752259,144.9242120428,275.4545564171,168.3547524818,62.0735522948,294.0946747374,85.1644018229,180.11,25.2825890279
2023-09-05,187.5204385435,327.251236951,149.1433636289,454.9751369368,136.5124175941,305.7530052787,104.2222911228,149.4824878853,137.27,307.8967746894,142.9826346761,271.008792048,165.950833568,61.4516100181,297.8356050423,83.9702146387,178.64,25.4130461436
2023-09-06,180.8084523668,326.5938892407,146.6650665111,451.313079617,136.2867772344,303.2786489117,105.1219462387,149.6351493231,135.36,306.2247499809,142.7012466519,272.2308961062,164.8873898849,60.9781912703,296.8631616209,84.1767282119,177.83,25.4217432846
2023-09-07,175.5199212851,323.6799747639,148.5400328699,458.760209102,135.1209687095,304.0625098982,104.6078576011,149.6441294077,137.85,308.4979521127,144.0612887687,270.816334716,164.5388663249,61.4980236209,296.3670170181,84.4101783381,178.02,25.482623272
2023-09-08,176.1327977843,327.9576404605,149.0319794888,456.7162701328,135.2243872077,307.4246124427,106.1317632054,150.1559942286,138.23,308.7703606326,143.4422351156,271.634278377,164.8963263865,62.0364214126,295.5930314378,84.7334169744,178.08,25.5087146951
2023-09-11,177.2992401537,331.5583361271,150.981201941,455.3958141653,135.8166931518,306.6029750231,104.8006408402,147.0578650492,143.1,308.4509851265,145.1493224621,271.4129524452,166.4065951465,62.6862118508,305.1884680553,84.1228551058,178.41,25.3869547204
2023-09-12,174.2743980771,325.5048504968,151.8351470153,455.8897976927,137.5842093025,312.5055426926,107.8576322031,149.7967908455,141.23,306.4877651036,142.5980710431,271.1820036468,169.087545608,62.8718662618,299.3339617426,84.6077130603,177.49,25.4304404257
2023-09-13,172.2084111685,329.7138380745,152.2157094941,455.8327995934,137.6500210741,316.3587388672,106.8937160076,149.2490056862,144.85,306.1120292141,143.5923087284,265.5141352196,171.2144329741,63.5216567,302.7077450415,84.5897553583,177.08,25.4478347078
2023-09-14,173.7208322068,332.3039842761,151.9836592022,459.4046804838,140.3200986634,325.4156386993,108.8031880902,150.1739543978,144.72,309.6345531786,145.1680816637,271.9037186418,172.9749237772,64.3106879465,309.3163911504,83.9791934897,177.17,25.6043832466
2023-09-15,172.9992195545,323.9841207194,149.8580785281,462.3495822818,139.9064246706,323.4984847202,107.1324000179,149.5184082236,140.39,301.9037872511,143.9487335591,268.6223211313,172.5102256972,63.7165938315,297.9943713152,83.4673989821,178.34,25.5869889645
2023-09-18,175.9252105829,322.8460261762,150.8048437192,461.7416025558,140.1978768019,324.2351251654,107.9953345168,150.1649743132,139.98,298.0149207943,144.4927504058,270.3448142526,173.7792089156,63.3452850096,300.2170991356,83.9432780856,179.39,25.5435032593
2023-09-19,177.0125721138,322.4437686222,150.5542294039,456.6117736174,140.0192448505,322.8846176826,107.7107497352,150.147014144,137.63,295.5256705261,144.0706683695,269.1227101945,174.5745575526,62.7419081741,302.7176679335,83.323737366,179.22,25.5608975414
2023-09-20,173.4737045862,314.7125746568,151.213252233,467.5079102699,139.4269389064,317.9831254899,106.8569953906,149.6890298306,135.29,292.0031465616,143.9487335591,268.1026863349,173.7613359126,62.519122881,297.3593062236,83.5841240453,179.35,25.6043832466
2023-09-21,171.9316282334,313.4959908348,150.0530007733,476.0671248504,138.3363438347,311.8822315467,105.3514500947,148.3420171439,129.33,288.1518536937,142.7012466519,261.7708401123,171.0714489495,62.1106831769,293.4496867538,81.438178654,178.05,25.6217775287
2023-09-22,172.7817472484,311.0235785514,148.9762874188,480.7789677272,137.0107067217,309.662866103,105.5166928711,149.3208463629,129.12,287.1843337781,142.1759890068,262.761995372,169.5969261957,62.8440181001,296.7738555924,82.0936347777,178.62,25.6826575161
2023-09-25,174.0569257709,311.5435700237,148.7535191385,484.7498353128,137.6876278007,310.5600563888,106.7009327685,151.5030069153,131.27,287.8982319683,141.3130657328,263.9263622306,171.4557185157,62.6305155275,298.510361702,80.0733933006,177.7,25.7783260676
2023-09-26,169.9842625827,306.2455437022,147.6025496905,480.1614883179,136.2585721895,305.8191140366,106.8661755449,150.6858192187,125.98,284.187840059,140.0561992248,259.3555005957,167.9079274049,60.6532960511,296.6547808877,79.7950489193,176.28,25.8566003371
2023-09-27,168.4718415444,306.8832690928,145.8296854602,478.5275428042,137.0577151299,304.0530657899,110.345454003,153.595366622,125.98,283.5115154578,138.1990382654,262.425195041,167.8989909034,55.6591923971,295.4441880569,79.3820217729,174.1,25.9783603117
2023-09-28,168.7288542698,307.7172176804,145.6161991916,484.5788410149,138.759419509,307.1224009781,109.6753027433,153.191262816,125.98,285.0802127967,137.2610781849,265.8220669507,167.2108802849,52.9857688797,301.6162269154,79.6244507502,173.23,25.839206055
2023-09-29,169.2428797208,309.7873724097,144.5673318721,478.9645282323,136.3431873244,305.5830113299,107.9402535913,151.4221861541,127.12,283.8308909639,136.8108573462,262.7042581724,165.0929294203,53.1807060112,297.8951423946,79.6334296012,171.45,25.8566003371
2023-10-02,171.7536963465,315.7231241218,144.0104111715,488.8251994139,135.1679771178,300.7948484364,106.1501235139,149.5543285619,129.46,281.6422294073,136.1824240923,261.4725312477,163.1894545926,48.4093876502,304.4541740432,78.3045722222,169.65,26.0566345812
2023-10-03,170.419207195,307.471938684,144.1867693933,483.9803609721,134.1713988626,289.1030423967,106.3337265988,149.9045518604,124.72,274.230838986,136.4638121164,258.8262429328,161.8757888665,48.9941990447,298.6195135147,76.6201186382,169.16,26.0827260043
2023-10-04,171.6647304031,312.9318491431,144.3538456035,485.0728245423,134.7731064884,291.4451812479,102.3587198115,146.4112989596,127.0,274.6535418617,136.9140329551,255.0348334925,163.0911530757,46.9891314066,303.2237354283,77.7010514194,169.14,26.0044517349
2023-10-05,172.9003685063,313.3292011173,145.8575314952,490.4021468283,135.3372073875,293.2395618195,100.0545010964,147.1835862333,125.96,274.0053974523,134.8786595803,250.9643609208,160.8749006942,45.9030531027,302.439826956,77.3137171728,168.83,25.9174803244
2023-10-06,175.4507255513,321.0800174024,146.3216320791,498.5528750304,137.4207753109,295.1094952571,98.3837130242,145.6839121088,127.96,275.057457943,135.1506680037,256.006743019,165.021437408,46.6363880258,312.9977841029,76.3769087625,169.7,25.8652974781
2023-10-09,176.9334912752,323.5916743252,147.15701313,500.1678211777,137.1082401224,295.2322686647,101.8262708654,149.7159700843,128.26,277.4433808416,134.4659571449,261.0683708505,166.6836266942,45.7823777356,315.9051914751,78.1694556245,172.82,25.8566003371
2023-10-10,176.3403849856,322.188678466,146.9899369198,498.011393087,137.9416672918,297.2721960512,101.3948036159,149.5543285619,129.48,281.0692321758,135.7978604592,262.906338371,166.5227696665,47.8802725791,319.3583579104,78.0613623464,172.53,25.7957203497
2023-10-11,177.734184766,326.1425758874,144.9664583742,497.9068965715,138.4152054562,295.6194771038,97.7594625356,144.6691625515,131.83,279.9702046988,134.1282915159,262.5406694402,167.4700388295,49.6996858062,325.2922473595,79.6917692914,173.79,25.7957203497
2023-10-12,178.6337293052,324.9063697457,145.1056885494,499.2463519055,138.0931995044,292.6256947818,97.7411022272,144.785903651,132.33,275.2453258878,134.4284387417,259.4421063951,164.3780092973,49.1984188967,321.6604688672,77.529903729,173.26,26.0131488759
2023-10-13,176.7950998076,321.5411419156,145.5883531566,512.4129128474,140.1672966645,292.1062688269,100.8623546698,147.3272675866,129.79,274.2120521915,135.713444052,257.835087673,164.0384222388,50.5815442581,312.2634900908,78.9171007982,178.83,26.030543158
2023-10-16,176.6665934449,326.3584214042,146.2195299506,511.1114562463,140.0252352152,296.9133199369,100.9357959038,148.53059892,132.55,279.2938800976,137.0078289631,260.5776046539,166.4244681495,50.4794343321,318.6736783586,77.6470047803,177.96,25.9174803244
2023-10-17,175.1146319872,325.7893741326,144.8829202691,509.8004999621,139.72217079,292.1629334765,102.2577381148,150.4972374426,131.47,277.9881978815,137.1860413784,262.3674578414,166.5048966634,50.2844972006,321.5017025944,76.7912663286,178.29,25.9261774654
2023-10-18,173.8196832551,323.876197961,141.7641643456,509.2400186521,138.1879071373,285.1742933559,103.6898421767,151.6915886915,128.13,272.6339614554,140.722150882,249.443947998,163.957993725,49.4212041898,314.5259094794,76.1156833403,180.87,26.021846017
2023-10-19,173.4440492717,325.0633483034,141.3836018668,505.031658986,137.6007198134,282.5582753648,103.7541032564,151.8532302139,128.4,269.3744526136,139.9349209864,243.3526734404,162.8856135403,48.6321729434,310.3979863844,74.5573385808,183.09,25.9435717475
2023-10-20,170.8936922267,320.501158971,142.0147786609,500.6618047051,135.384561204,283.3704686761,101.9731533333,149.8147510147,125.17,269.036290313,139.746138631,241.0528083231,162.0366458942,48.2330159599,306.2700632894,74.9807039201,183.59,25.9522688886
2023-10-23,171.0123134846,323.1011163325,140.5203747808,495.4749776674,133.5377623628,282.5866076896,100.4767881916,144.2919989992,126.56,267.777575083,139.8405298087,239.2342718879,161.3217257711,47.8245762558,311.588733431,75.8814812378,182.97,25.8218117729
2023-10-24,171.4472580969,324.2882666749,140.371862594,498.7333690116,133.6987653387,282.5488312565,99.5036918418,140.6730249143,128.56,266.124337169,141.492375419,241.3913656381,162.1617569157,51.1663556526,310.139991191,76.8813440603,182.95,25.9696631707
2023-10-25,169.1341435677,334.2367827675,140.687450991,503.6827039689,132.9695165655,280.2633570549,99.6872949267,139.9725783172,121.39,263.8887086262,142.1531136631,236.9320821455,159.1501558973,52.4102402058,297.2203857348,75.1698671568,183.72,26.0392402991
2023-10-26,164.9725144361,321.6981204732,138.30197399,501.9252625733,133.3104640439,280.4805715451,98.7784596566,138.9668088444,119.57,261.1364432353,141.3979842413,234.5041425432,157.336046085,53.4406221865,286.1265924169,76.3228621234,184.01,26.1001202864
2023-10-27,166.2872333779,323.5818631653,135.1460900198,498.4103797822,128.5087870568,273.7941428891,96.8965280368,129.6275208833,127.74,259.6898600605,138.9060571492,230.7606659452,158.1760772296,52.2060203538,294.4419759593,75.998582289,186.15,26.0653317222
2023-10-30,168.3334500768,330.9402330563,136.4734176896,503.473710938,130.1472291056,284.1071091212,97.1994731268,131.1900555999,132.71,264.4053454743,140.8882718815,234.2429697573,160.6336151527,53.0971615262,300.3262509482,75.6562869083,185.1,25.9609660296
2023-10-31,168.8079351084,331.7251258447,137.6893612193,508.7650344912,131.7004342849,286.7325712206,97.1719326641,130.8667725551,133.09,267.420625988,141.6150839501,218.6596601983,163.7703271926,54.1182607864,298.9469689525,75.2869682081,184.09,26.1175145685
2023-11-01,171.9711686527,339.534809089,138.014231628,505.0031599363,131.5867851254,290.0852296569,96.979149425,129.2952577539,137.0,269.2429450523,141.2186410036,224.2506924299,164.4226918049,54.2389361535,309.4453887471,76.91403417,183.51,26.1262117096
2023-11-02,175.5298063899,341.7423200562,139.452943438,509.3065164347,133.9355344209,296.3183411158,100.1646629474,133.5877381822,138.07,276.6637288708,142.9459995561,231.3023576493,166.6031981803,55.6127787944,308.4729453256,78.6674210829,184.12,25.9957545938
2023-11-03,174.620376746,346.1377196711,140.4739647225,504.338182111,135.4319150204,309.4078751797,98.943702433,132.5550284558,138.6,277.6782157726,141.6528404211,232.8790674309,168.8909425741,55.1207946054,312.1741840623,79.2006676183,184.79,25.7522346445
2023-11-06,177.170733791,349.7972822969,140.8081171428,506.7701010151,136.4547574555,305.9041110111,97.1902929726,132.0072432965,139.74,276.7013024598,142.4740436674,230.4898200932,167.5594038449,54.8051821068,313.3649311089,78.4324310842,183.35,25.7783260676
2023-11-07,179.7309759408,353.7217462387,140.0655562087,510.9214625819,136.3884621125,305.9418874442,95.6663873682,129.6814013908,142.71,276.8891704045,142.1436745453,227.2396698686,166.764055208,54.2667843151,316.3616445097,79.5893049237,182.59,25.8652974781
2023-11-08,180.7886821572,356.3413259199,139.5550455664,509.8764974278,137.060886306,306.5179780487,94.4913276251,127.8764043906,142.08,277.969411087,141.5962057145,227.1429392071,164.9856914019,53.3756431426,317.314242147,80.9450164543,180.77,25.8566003371
2023-11-09,180.3141971256,353.8787247964,136.835416145,512.0329255186,136.6536434846,302.9481051222,94.5188680878,127.4633205,140.6,270.4077263098,141.9171357188,226.4948437755,165.1108024234,50.7950468307,318.0783048353,79.0831726189,181.49,25.9696631707
2023-11-10,184.4955964668,362.6891463459,136.6776219465,514.13235551,138.6803868283,307.4151683345,95.244100273,128.3703090424,143.56,273.9020700826,142.9176822027,231.8440493534,167.8344834521,51.1849210937,326.2349221048,79.5260383856,179.51,25.9522688886
2023-11-13,182.9119432783,359.7556095493,137.0303383902,515.4243124279,138.0647872145,308.7373434924,96.2447370855,129.3132179231,142.59,270.5955942546,143.9087895689,233.7689895162,167.6547025261,50.5908269787,326.6516835711,79.3452768482,180.51,25.9174803244
2023-11-14,185.5249710394,363.2778159371,137.0581844253,513.4198792686,140.5840102492,319.8908353607,96.6119432552,130.2561268038,145.8,285.211720358,143.5878595646,239.7566174597,171.0076167957,53.4220567454,333.7167827145,81.1438541455,182.12,25.5087146951
2023-11-15,186.0891474878,363.424983335,138.1163337565,511.4724442087,141.8152094766,318.8330952343,96.0283252262,130.7141111173,143.2,289.4951094988,142.9271213205,242.8810178244,170.387372601,52.9115071153,330.1445415746,80.0050564598,181.64,25.6043832466
2023-11-16,187.7717790007,369.8151756462,139.3229952745,512.8118995426,143.4347099989,317.9547931651,94.9166718375,128.6666518335,142.83,287.8512649821,144.2580369265,240.0951747747,171.4301019717,52.5401982934,331.6131295988,80.9992449155,183.69,25.6217775287
2023-11-17,187.7519833358,363.6019425067,139.0352529125,509.4585113662,144.7322045694,320.3347084494,97.2326163973,131.1080237276,145.18,288.6309169529,142.5967521985,244.796284921,171.8795542867,53.2549677755,332.4565754235,81.3788441441,183.67,25.482623272
2023-11-20,189.4940018432,371.0637209131,140.2511964422,508.3280490631,145.1773304439,320.5802552645,96.8064825983,131.035417872,146.13,289.4951094988,141.8416227766,242.2619415911,172.4099080183,53.2271196139,337.3485612068,81.875938372,183.37,25.4043490025
2023-11-21,188.6922774165,366.767545467,141.3832353168,512.5934068285,144.8742660187,316.349294759,96.7694274853,130.7268429858,143.9,286.8179912858,141.2186410036,241.2559427121,171.9065214256,53.8212137289,334.3816164822,81.8397860645,185.35,25.4304404257
2023-11-22,189.3554321892,371.466794582,141.1025645215,516.554774731,145.2152134971,319.8152824945,96.3525574645,130.9900392123,146.71,290.44384262,142.5495566096,237.9671002229,172.8683493796,53.7817621666,338.8568407992,82.1290045244,184.56,25.5174118362
2023-11-24,188.0291226438,371.053889848,142.6743209755,519.7276689262,145.4140995261,320.2969320163,96.8713290459,131.5073559334,146.74,291.8528522058,142.8893648494,239.2729641525,173.8571444725,53.8566280265,335.6219779892,81.1619302992,185.52,25.4043490025
2023-11-27,187.8509616601,372.2139555291,141.5329264077,516.3932801162,145.082622811,318.9369804253,96.3062385734,131.0172664081,147.73,292.059506945,142.7572172006,239.3019833509,173.4616264353,53.884702724,332.1191970936,82.5176418298,186.77,25.3521661562
2023-11-28,188.4547294382,376.2348611526,141.8603756689,513.4863770511,145.4140995261,318.8803157756,96.2506559039,132.0609755822,147.03,294.3327090768,143.7483245668,239.4083870785,174.6302024542,54.4274802089,336.3761177854,82.6803272135,189.26,25.2651947458
2023-11-29,187.4352526981,372.4499010914,142.3094489415,508.2140528644,146.1528190626,323.942357809,94.8055064986,130.6088584705,146.32,294.1166609403,142.6533869051,241.2946349767,174.6212134079,54.6146448589,329.6384740798,83.7197060536,189.54,25.2912861689
2023-11-30,188.0093269789,372.5088874819,144.6951507021,525.3039829759,147.8196734013,325.1609736263,95.1760576282,130.3275107801,146.09,296.4524211889,144.9093360529,242.523114377,176.1133950936,54.7550183464,324.6274135918,82.7526318285,188.75,25.4739261309
2023-12-01,189.2861473622,368.1832188405,148.1754685646,521.5706074707,148.5394514112,331.7205540804,95.4076520842,131.4256743458,147.03,302.2492674739,144.0975719244,248.3656463284,177.7853577053,55.3726616912,322.3153797429,84.3062049379,192.01,25.3956518615
2023-12-04,187.4946396927,362.903936885,148.6432532235,522.6382276922,149.6285891893,332.6345159433,94.8888805028,131.4801287375,144.84,306.410135933,143.531224858,246.4213600333,178.3067223906,54.9047500663,317.5523915563,83.9662240061,187.86,25.5087146951
2023-12-05,191.4438748316,366.2268368868,148.3345153486,524.5256277265,149.6096476628,325.3609027838,93.0453886332,129.6559066159,146.88,305.9183969332,138.5284924382,246.8469749437,177.0392668624,54.4929878364,315.8357312307,85.7749225635,187.15,25.6043832466
2023-12-06,190.3551132645,362.5696806718,146.5288665651,523.8297681179,148.0375009569,325.5703523774,91.8133061274,129.3564074616,144.52,308.386548451,138.4246621427,247.6014741029,177.7943467516,56.3365596385,315.0022082981,86.9172584944,187.84,25.665263234
2023-12-07,192.285190588,364.683359667,145.3874719973,522.6286953688,148.4920975948,328.0932679367,91.1741054289,129.2565744101,146.88,308.4432875664,138.2830753761,248.9943956278,177.7943467516,56.0090215011,324.0717316367,86.4186197944,188.15,25.5261089772
2023-12-08,193.7104784577,367.9079490179,144.4706140658,524.0585438796,150.1305396436,334.0054587378,92.2209123699,130.9718877484,147.42,308.7269831431,137.0087944768,251.016066452,174.9358300284,55.8686480136,330.1842331428,85.7114594562,185.64,25.6217775287
2023-12-11,191.2063268533,365.0274469453,145.0693784292,518.2533589255,150.6798439143,334.8908592926,92.2857588176,131.0081906762,145.89,313.3228514865,137.6412153676,252.3896418445,180.1314987893,55.8780062461,322.7718327775,85.5301362925,183.59,25.6565660929
2023-12-12,192.7206952149,368.0554149943,145.0787341224,520.1979529003,152.0246923012,335.7000963587,90.8313456341,129.3291802657,147.48,315.0912205816,137.7544847808,252.8829682179,181.1382719748,55.7001998287,331.642898275,85.7839887217,183.49,25.5869889645
2023-12-13,195.9374907541,368.0455839292,145.7523440313,523.3340873008,152.5361135188,345.3347776643,91.6372943409,131.2441597068,148.84,324.7368701913,140.2464118729,259.2091534764,182.5495522438,58.4983113456,332.1588886618,87.7966758381,187.63,25.3695604383
2023-12-14,196.0859582406,359.7481649898,146.7627588946,509.2548456305,155.3110471622,365.080162079,94.1014593525,136.0724491034,147.42,332.6898028596,136.5462777059,275.8468272451,182.8461907717,58.750983623,330.6009946091,90.0727656748,188.73,25.13473763
2023-12-15,195.5514752894,364.4670762349,145.162935361,506.2807607279,156.48542181,362.2621130015,93.4715224322,135.5460566504,149.97,334.7607805699,135.8855394618,276.3981920154,182.8372017254,57.5531298633,332.3375007188,90.1728061051,187.0,25.2999833099
2023-12-18,193.8886394414,366.354640733,145.42489477,501.9244889314,157.4324981388,358.3492137756,94.1663058001,135.8455558047,154.07,331.7441509371,137.9715844896,276.3691728169,184.3653395963,57.0852182384,341.9627060126,89.4543339234,187.85,25.2960956879
2023-12-19,194.9279118464,366.9543357038,146.3791754743,499.5318757566,159.5350075887,364.1090775996,95.4076520842,137.6243992666,153.79,332.9356723595,137.9715844896,283.3821457718,183.9158872813,57.6186374908,347.6584460523,89.9363469061,189.13,25.1850667383
2023-12-20,192.839469204,364.3589345189,143.3947093503,491.8011614745,157.735562564,359.4155026158,93.814282227,136.3628725258,152.12,329.7109993037,135.8383438729,280.2383992748,182.3877494104,55.9996632686,346.5867737104,90.5456840729,188.1,25.2960956879
2023-12-21,192.6910017176,367.2296055264,144.8635531793,495.5664292198,158.6352850764,362.319235618,94.240416026,136.7803561954,153.84,330.0041513997,136.168712995,280.586629656,184.3203943648,55.7750656886,351.359684789,89.9727252444,189.43,25.1295522635
2023-12-22,191.6220358153,368.2520362962,145.4436061564,495.9763191262,158.5405774435,362.3953991065,94.4071640343,137.0889310817,153.42,329.6448036691,137.1315030078,280.8671485742,184.8507480964,55.9154391761,350.6650823451,89.558921646,190.27,25.120299851
2023-12-26,191.0776550318,368.3306848169,146.0797932925,495.7094140709,159.478183009,363.3093609695,94.6202309338,138.3232306267,153.41,330.3256730533,137.7544847808,285.9648544324,187.0081192082,56.345917871,352.0939788011,89.8181173065,191.72,25.0647853762
2023-12-27,191.176633356,367.7506519764,146.2762628493,498.3403353308,160.4347301011,366.0417261224,94.1755695784,137.8694440292,153.34,329.5880645538,137.8677541941,288.3734479024,187.8890457455,56.6921724735,355.0708464177,91.4096696079,192.59,24.9352516016
2023-12-28,191.6022401505,368.9402108528,146.4914437924,500.3516555695,161.287098797,367.8791702844,92.8137941772,135.9272373923,153.38,328.4816518044,137.5562633076,287.1739877004,188.02388144,57.1039347034,355.5570681284,90.7457649336,191.47,25.0185233139
2023-12-29,190.5629677455,369.6873717999,146.6411348833,501.8482303442,161.0976835313,367.2698623757,92.6192548342,135.3736177434,151.94,327.7156737472,138.3208318472,286.0035466969,188.5092899402,56.8419041934,351.2306871923,89.9272523215,191.17,25.0647853762
2024-01-02,183.7433612023,364.6047111463,149.66302378,514.1163305674,162.9728946623,369.6785327021,94.8240340551,135.6640411658,149.93,326.3255654211,140.3974377573,283.1403191182,187.8710676529,57.6186374908,343.6198289858,89.4088610005,190.72,25.277590863
2024-01-03,182.3675624947,364.3392723887,150.5985930979,516.6805255636,162.2625874157,363.4807288188,95.6207189837,138.2506247711,148.47,319.8762193096,139.5479171577,275.0052704906,183.8529639572,58.0116832557,341.8138626317,89.7817389682,189.13,25.3608625752
2024-01-04,180.0514697064,361.7242090737,150.2804995298,519.9119831981,163.3327836673,364.5850994033,94.7869789421,136.7349775357,144.57,320.188284444,140.3124856974,276.7464223966,184.1855586703,57.8338768382,344.4434290264,88.4175512813,189.32,25.3608625752
2024-01-05,179.3289279392,361.5374188369,150.7482841887,512.2479951799,164.1522585751,367.9077315926,95.0741560676,136.499008505,145.24,324.3018703069,139.1514742113,279.4839001155,182.9540593273,58.0959073482,349.2361858892,87.5717549154,189.35,25.3608625752
2024-01-08,183.6641785428,368.3601780122,151.1225119159,511.428215367,163.9140391252,370.2116771222,93.4900499887,135.6821926297,149.1,329.0206734003,140.3502421685,282.6953580755,182.1720122993,58.881998878,355.8944464583,88.4357404505,187.87,25.3146005128
2024-01-09,183.2484695808,369.4415951726,151.2160688477,513.1916951971,162.6181253174,365.337213853,92.3320777088,132.2334144892,151.37,327.3752390551,140.9260283526,282.7340503401,181.2461405304,58.0303997207,354.6739307355,87.8718762065,187.93,25.3978722251
2024-01-10,184.2877419858,376.3036786083,151.440605484,512.4958355884,162.9611613254,363.6425762321,91.4242274414,131.1443266554,153.73,337.408605953,141.5301318901,283.7593953514,181.9382970955,58.2830719981,367.6133819757,87.4626199005,187.5,25.3516101627
2024-01-11,183.6938720401,378.1322567158,150.7669955751,514.4404295632,162.2750893095,361.53855986,91.4056998849,131.8522337474,155.18,337.1532799339,142.0681616032,282.5115698188,181.2820967156,56.8231877284,366.8195506113,87.9537274678,187.87,25.3701149876
2024-01-12,184.0205005103,381.9073857119,151.9271015293,497.1201979349,161.0839920597,359.6344726455,92.5914634995,133.6583044051,154.62,336.3778453574,142.1531136631,280.9155139049,180.7697210766,57.1226511684,371.602384582,87.7809303607,189.71,25.3978722251
2024-01-16,181.7538968841,383.6769774289,150.1775869048,494.8705696111,160.0739415919,362.2049903851,90.4978496175,130.4091923676,153.16,338.9500185867,141.3885451235,277.8394788709,177.776368659,56.476933126,364.6265914671,86.2348509822,187.91,25.6199301243
2024-01-17,180.8136028034,382.8904922214,150.0933856662,500.3897848631,159.2163515721,359.0918077893,89.8401213625,129.8918756465,151.71,336.3683888382,141.5301318901,269.5206419866,177.9381714923,54.5304207664,365.5295746441,86.0984322135,185.84,25.6384349492
2024-01-18,186.7028130984,387.2161608628,150.8231297342,492.1919867341,159.530801246,358.8347560154,89.6733733542,128.7120304932,153.5,338.4488230677,140.7190284998,272.6837346159,179.8977835856,53.9502103515,373.2297388791,85.2981087706,187.37,25.6661921866
2024-01-19,189.6028779999,391.935072108,151.2628473136,480.0096774215,162.2846180875,363.8710666978,89.8123300278,129.0932112351,155.34,342.7137132383,140.1775822582,277.2107295715,180.482071595,53.5852392841,380.4932958636,85.5709463079,187.93,25.6291825368
2024-01-22,191.9090729558,389.8115620476,152.0019470747,488.9986583932,162.0940425275,367.4507506611,89.6919009107,129.3201045338,154.78,337.3045842415,140.4530549074,280.5048419287,180.7157867988,53.2015517517,378.8361728904,86.0802430444,187.22,25.6384349492
2024-01-23,193.185893339,392.1611866051,149.5133326891,491.4103362148,161.0268193917,362.5096443394,90.7016527387,128.9570752558,156.02,331.7157813794,146.266477713,280.6603162582,182.4237055956,53.6975380741,382.2298019733,85.3981492009,187.95,25.7032018365
2024-01-24,192.5128407339,395.7593564296,148.718098769,489.2274341549,162.4656648694,361.2053445975,92.2672312611,131.5255073973,156.87,328.3965431314,144.4996531349,282.4579881935,179.6640683818,53.3512834716,387.6873926038,84.8979470491,186.4,25.6291825368
2024-01-25,192.1862122638,398.0303324663,149.2794403597,470.3248368413,164.790686701,364.3470885014,94.6109671556,134.8381495584,157.75,331.8954552447,147.82432304,292.2625881002,182.0821218363,54.259032024,390.1482698335,85.4527167084,187.14,25.7032018365
2024-01-26,190.4540915888,397.1062123475,149.2233062006,479.6665137789,164.1617873531,359.6725543898,95.4169158624,135.3554662795,159.12,335.9901280692,148.3182739973,290.9604905903,181.3989543175,54.7269436489,391.1008674708,85.289014186,187.01,25.7032018365
2024-01-29,189.7711411512,402.798399037,149.0923264961,480.9438451153,164.5905823631,362.3097151819,95.5373449795,135.3010118878,161.26,336.3683888382,148.3372721111,294.6724402081,182.5225851049,55.7469909912,397.9278172049,86.2712293206,188.33,25.7032018365
2024-01-30,186.1188409851,401.6874886813,148.5403405986,480.0573390386,167.9637697744,368.3171103437,97.1307148366,136.2448880105,159.0,337.6923015297,149.600646675,296.1397291931,185.0844633002,55.4756022487,396.9752195676,87.0533635944,188.59,25.6846970116
2024-01-31,182.5160299811,390.8634860127,148.6619646099,487.8071179675,166.1437731768,365.594265627,95.2409040759,133.8035161163,155.2,333.7773025705,149.2681796845,291.8155994028,181.8124504473,54.8673171363,387.1317106487,87.9082545449,188.45,25.7494638988
2024-02-01,184.9508967585,396.9587463711,148.1567571782,483.4222492008,165.5434601629,365.4419386498,94.8518253898,134.2209997859,159.28,340.5008877396,151.2059872864,298.9868528529,177.3628725292,55.9154391761,391.7359325624,89.6272419843,190.41,25.6199301243
2024-02-02,183.9512156833,404.2730588011,146.5195108719,486.3677371332,166.4963379627,369.2596335149,94.4627467038,138.1689431835,171.81,337.8152362796,150.1705900874,306.1775405941,176.2841869733,54.4181219764,471.3274497386,87.6474871481,188.61,25.851240436
2024-02-05,185.7625190177,398.7971555437,145.7616997245,479.4377380172,166.2771760687,364.6517424558,94.0736680177,138.2506247711,170.31,335.8388237616,150.2845787698,312.3090594654,173.4975826205,52.3780272918,455.8675839163,85.877568078,187.57,25.990026623
2024-02-06,187.3659678711,398.6398585022,147.8760863829,486.787159363,166.8489027486,366.5272683621,94.7221324945,138.268776235,169.15,336.8884973956,150.9970080352,313.5917226841,174.0638925374,52.6213413368,451.2137475423,86.7169111422,188.55,25.9160073233
2024-02-07,187.4748440278,407.0552502227,147.8012408374,495.0993453729,167.1633524226,368.1171811862,94.6943411598,138.0691101321,170.53,342.9784957766,151.1489929452,314.437114351,174.4773886672,52.7617148243,465.9690880287,86.2972396101,188.5,25.8882500859
2024-02-08,186.3959802931,407.1142366133,146.3230413152,495.7666080113,166.5630394087,366.5748705424,96.3155023516,139.8207263982,169.84,343.9525172568,150.6930382153,312.8920882012,173.902089704,52.6774907318,466.3759266029,85.7954584304,188.33,25.9160073233
2024-02-09,187.1581133901,413.4454425339,146.6598462696,493.9840635344,166.7631437466,365.8322765288,94.277471139,137.0798553497,174.45,343.4134956609,149.5341532769,308.1889897326,175.1425780933,52.9488794742,464.5005000045,85.6221158411,187.6,25.8975024983
2024-02-12,185.4733435052,408.2448090991,147.6796168261,493.4311887769,167.5063884305,373.8104019577,95.5744000925,138.0237314724,172.34,345.5884950827,149.2396825139,312.5325538141,177.3988287144,53.8566280265,465.2844084768,85.722472077,187.11,25.9252597357
2024-02-13,183.3822467657,399.455836905,146.3885311674,492.6781352278,166.0484853968,360.5865162527,94.7591876074,136.680523144,168.64,338.1556709717,148.4417617367,303.9911828349,174.3964872505,51.704234552,456.5721092522,84.2536217147,184.53,26.12881281
2024-02-14,182.5002201789,403.3096144219,145.7055655654,492.7639261385,167.7350791025,359.9105652916,94.2916565851,137.0526281539,170.98,338.7608882022,147.8338220969,307.7517181807,175.1695452322,52.4154602218,469.6306351971,84.6824165409,184.42,26.0825507477
2024-02-15,182.2128182574,400.4238365756,147.7451066784,496.5196615603,171.3941298538,366.9366471132,96.9939858942,141.6630999837,169.8,341.4559961813,149.1446919452,313.93182278,177.9381714923,53.5945975166,480.2977441566,85.1203346614,185.66,25.9807742105
2024-02-16,180.6767045388,397.9615687887,147.5767042011,497.1583272285,170.5937125019,366.0036443781,96.9939858942,141.8190156058,169.51,342.6569741229,149.6196447888,312.8046338908,177.237025881,53.3699999366,469.6703267653,84.6276767759,186.34,25.990026623
2024-02-20,179.9334237072,396.710736753,148.811616258,496.6912433816,171.2607269618,366.0798078667,96.0776250904,141.2412106532,167.08,342.8650175459,150.569550476,304.8657259386,178.828087076,52.9769541717,468.1124327126,84.7006631293,187.47,25.9530169731
2024-02-21,180.6866149499,396.109943413,149.5846146448,497.5586848116,172.3755939876,369.6499713939,98.0412553842,142.5619076879,168.59,344.340234545,152.3648722248,308.1695554414,179.3584408076,53.4355075641,464.9172614708,84.0985257137,187.48,25.9252597357
2024-02-22,182.7182492228,405.4370137897,151.253159943,501.8768273144,174.4433388132,371.7444673299,97.9570998002,142.5527361807,174.58,351.1583849063,152.5168571347,312.9795425115,180.5090387339,53.0331035667,482.8968833596,84.5090739516,187.56,25.9252597357
2024-02-23,180.8848231716,404.1467854694,152.5634864766,502.5822192464,175.319986389,372.2966526221,97.0968427191,141.8465301274,174.99,351.7446890983,152.9633128077,314.7189115733,180.3472359005,53.1360441242,480.8108498808,85.6403624294,188.62,25.9437645607
2024-02-26,179.5370072637,401.3890455481,151.5736714692,500.7520131525,174.7196733751,371.5064564281,97.4802181574,141.6539284765,174.73,351.4042544062,152.1938892011,316.1764834127,179.0528132334,52.0926012006,478.5360800396,85.3849101925,188.2,25.8975024983
2024-02-27,180.9938376936,401.3299511212,151.7527808515,489.4085482996,174.8054323771,372.0681621564,97.2745045076,139.5536533311,173.54,355.1490360193,151.3199759689,318.3628411719,178.1449195572,52.4798716719,483.8107646932,84.7827727769,188.0,25.9160073233
2024-02-28,179.794677952,401.5663288288,152.2901089984,474.9766106633,175.691608731,376.9426254256,97.5456725006,139.7187404604,173.16,357.0876224605,152.0324052342,320.238250272,177.596587733,51.9886993669,480.800916388,85.3210471333,188.34,25.9345121482
2024-02-29,179.1306804091,407.3969789481,152.1298532353,470.5154833094,177.2924434347,372.9831843477,97.7326849095,139.4160807233,176.76,359.924578228,150.9780099215,324.5137943344,179.610134104,52.1303836856,486.8702804621,85.9231845489,189.31,25.990026623
2024-03-01,178.0504456005,409.2289061816,152.8274371453,466.6358276832,176.5587275288,372.0724170295,98.9669668085,140.1498012981,178.22,363.5558816105,150.8925184096,327.1762922277,179.5559067199,52.1492749282,498.9593411465,86.4571107433,192.89,25.9437645607
2024-03-04,173.5312981446,408.657660055,150.6781245577,459.3340679544,177.8832276706,376.0510321562,97.5830749823,136.5453989743,177.58,359.6976217666,151.5669514475,329.071135619,180.071066869,51.9225800181,494.8766756236,86.1093421174,196.01,25.9437645607
2024-03-05,168.5959134229,396.5728497569,150.8006730824,451.0218819445,179.6651091562,374.7663708864,98.7799543995,137.1965759845,174.12,357.8819700754,151.3389740826,324.0959570737,178.3629042692,52.3287417319,486.9596818969,87.3356841138,197.19,25.9160073233
2024-03-06,167.6048723142,396.0213017727,150.206784078,450.4976041572,180.5989294,373.4817096166,99.83657451,136.0409660791,173.51,359.0545784593,151.5764505044,326.1365576489,181.2098419355,52.4515348082,492.7906421448,87.8481852466,198.81,25.8234831986
2024-03-07,167.4859473811,402.9648969317,149.7637240271,456.388580022,179.0171522523,372.3887888348,100.3976117368,136.9948028264,176.82,358.2079311118,152.5738514759,330.5967274776,183.1168382771,53.1316195383,508.7835654824,87.7658189931,199.94,25.693949424
2024-03-08,169.2004484993,400.0889681566,150.3764666507,456.0740133496,179.3506594823,371.0082573209,101.3420244019,137.4625496928,175.35,355.1638058176,152.3173769404,329.5958614812,181.4357893694,54.6051364535,502.5850660025,87.6102382921,201.63,25.7032018365
2024-03-11,171.202351539,398.4146260615,151.9884510913,468.1129815766,179.4173609283,370.2125342956,101.9404641105,139.4069092161,171.96,353.4229466649,153.457263765,325.4952260396,181.0200460911,54.661810181,480.3737761995,87.5644792624,202.0,25.7309590739
2024-03-12,171.6780512712,409.0122266163,153.4118993401,468.3043801176,180.894321518,372.1491132247,101.2859206793,139.3060226371,175.39,356.2958399114,153.8182279262,327.7010180899,179.9716499981,53.9817254509,496.4263004936,86.8323347869,199.79,25.7494638988
2024-03-13,169.5968649428,408.8349433357,151.8659025666,467.012439966,182.3617533297,376.1085543026,102.4173457533,141.1403240741,176.555,360.5290766487,154.1696930304,331.8599564052,180.5139238393,56.2392289299,492.2741005215,86.4113517135,201.19,25.7217066614
2024-03-14,171.4501118162,418.802203337,150.0842355533,467.9694326709,179.1124400323,372.561355274,104.23136612,142.8003668747,178.75,356.9902809941,153.4097684807,332.248642229,177.4591145339,56.2392289299,488.5589742307,85.0843398518,200.35,25.8604928485
2024-03-15,171.0735161948,410.1350207271,149.113274165,469.7111593937,181.3326453059,371.2191718578,104.0443537111,142.6627942669,174.42,355.049651119,153.2957797982,337.1558007552,178.6701927792,56.7492924775,480.8803843301,85.056884434,199.71,25.8882500859
2024-03-18,172.1636614145,411.0214371304,147.7746672026,466.1032968964,183.5814369135,368.4964569277,105.0074676171,142.5343931663,174.48,353.7939494351,153.1342958314,341.9463535341,177.8296683254,56.8343030688,493.6747230001,84.8006338676,200.03,25.9437645607
2024-03-19,174.5025184312,415.0497072298,147.2561926749,472.1036411558,184.6581888273,372.609290396,105.7461666324,143.6441455357,175.9,360.9286180936,153.7232373574,343.8897826534,179.8903089219,57.8733214064,492.9396445362,85.0385808221,199.8,26.0085314479
2024-03-20,177.0693149029,418.8120524082,146.8319862432,472.9745045172,187.0784984388,380.0967564537,105.6526604279,141.7456435484,178.15,365.6850638659,153.8752222674,346.3676547805,181.8244189556,58.7517641828,502.157925814,85.0111254043,202.18,25.8882500859
2024-03-21,169.8347148089,422.8895678632,146.8225594336,470.5437430469,189.6798548323,396.6247865223,106.1201914502,142.0299602711,178.15,375.9494738425,153.7517345281,354.2482598591,182.0051769026,57.9583319977,504.3830281914,85.1941615231,201.97,26.0640459228
2024-03-22,170.7365622179,422.2690763809,146.3323653347,468.9934148651,187.3548330008,390.0193267095,106.1201914502,141.8465301274,178.87,371.2691312026,153.5617533906,347.9807009494,181.4177135747,58.3550480902,506.190923873,86.008672252,200.35,26.2028321098
2024-03-25,169.3193734323,416.4778225462,146.3229385251,464.9836154318,185.6396529611,388.216966122,107.2048634221,143.5065729279,179.71,364.8289036269,152.1653920304,345.8817975006,179.3841866702,59.1390346541,499.6745526249,85.5785373727,200.99,26.1380652225
2024-03-26,168.1895865683,415.2860849373,146.8414130528,471.1370785239,186.5067717589,389.4057571478,106.4007100636,142.4059920657,178.3,361.4232884539,152.5073580778,346.3093519069,181.6617368032,58.0244513464,492.5919722897,85.8164843272,201.64,26.1565700474
2024-03-27,171.7573345599,415.0694053721,148.905884354,471.8931027608,190.1181786202,398.1011882801,107.5040832764,143.3965148417,179.83,367.0929718145,154.4641637934,354.3357141694,185.3943884102,60.2536179617,490.5754732602,86.6676022799,203.1,26.1750748724
2024-03-28,169.9437293309,414.3701213206,149.1227009746,473.4242910885,190.8614233041,400.4404222341,108.6916120731,144.6713543405,180.38,364.9145196508,154.1221977461,356.0653660856,185.5028431784,60.3669654167,482.350541258,86.5943878324,205.72,26.2490941721
2024-04-01,168.5067197231,418.1620137124,148.7362017813,468.6393275643,189.5655094964,396.4330460342,109.3929086066,145.9003363033,180.97,350.1029475158,152.5358552485,353.4514539202,182.5745644359,59.8663474904,488.0821665784,84.9858892994,207.82,26.3508707093
2024-04-02,167.3273808037,415.0792544432,148.6890677333,438.4366377993,189.4892792724,393.2118058353,111.5342006889,146.5423418063,180.69,345.3179630689,152.5263561916,354.5106227902,180.965818707,59.3940664279,494.0621292176,84.517571595,210.89,26.3138610594
2024-04-03,168.1301241018,414.1041963996,145.417964804,439.967826127,188.9556677045,396.9028102299,111.5529019298,147.1476612805,182.41,342.3689666901,148.3277730542,365.1606143637,178.9232539051,59.0823609266,503.3698119302,84.4992061948,212.74,26.1935796973
2024-04-04,167.3075599815,411.5729851147,143.7588463154,435.7953379339,187.5263510047,389.4728663186,111.9456279886,147.3769489601,180.0,340.2571047672,147.6628390732,359.3303270059,177.1879776133,60.1969442342,507.5220119024,85.1052644005,211.52,26.1935796973
2024-04-05,168.0607512242,419.0976754714,143.6551514099,436.1398553076,189.2516126036,391.2177047597,113.4884803623,148.211556114,185.07,340.4378497065,148.2802777699,368.571332468,178.1821463222,60.6219971905,523.8328070081,83.9206960894,215.14,26.2213369347
2024-04-08,166.9408747713,418.1817118547,142.9010066423,436.3886734109,190.2388456295,393.5856997869,112.7217294856,147.9088963769,185.19,344.4142383722,148.2232834286,362.9062365854,178.7334580607,61.2642994356,515.7966113683,83.9115133893,216.48,26.1843272848
2024-04-09,168.149944924,419.8462048786,143.5608833139,439.9486862729,188.9640690038,393.7486792018,113.3108185738,148.5784164014,185.67,343.8149262049,148.8122249547,361.3806447268,179.3209213887,61.7554717407,513.4622405706,84.6920428966,217.67,26.1750748724
2024-04-10,166.2768772284,416.8717853921,141.5906801087,430.694566817,187.3538248449,384.2095899221,114.2645818594,149.1929073828,185.95,333.4839259874,149.3631702532,361.5458362019,176.8264617191,60.4614216293,516.3727539482,82.8463201792,215.61,26.4526472464
2024-04-11,173.4718356781,421.471301618,140.2614999559,422.7228175856,187.3154856982,381.0650459183,113.881206421,148.4775298223,189.05,330.4493135847,148.0333022912,361.4583818915,177.9290851963,60.3953022805,519.680607036,82.4698294757,219.8,26.4711520714
2024-04-12,174.9683077523,415.532311716,139.0642951374,420.3111959694,175.2003153599,373.4050134214,112.5534183176,145.7902782171,186.13,326.1685123896,147.5488503907,355.2879944379,177.2873944842,59.5829788529,508.4954941925,82.9105990799,216.89,26.6839575581
2024-04-15,171.1428890725,407.3969789481,139.1302828045,426.4646590616,175.2961632265,384.3246342149,111.9082255068,144.5337817327,183.62,321.4691439666,147.6628390732,353.6166453953,175.3713602452,59.2712733516,496.9031081459,81.6250210678,220.95,26.7302196205
2024-04-16,167.8625430024,408.322791636,136.1702645919,448.7243093764,173.2929428145,380.4706504054,110.9825140825,143.3323142914,183.32,318.5201475878,148.1377919168,349.70063572,172.3707783239,58.2794831202,496.4362339864,81.0832417627,221.22,26.7672292703
2024-04-17,166.4949062724,405.6241461416,136.4719224989,458.3899356953,172.602838175,387.2295026086,110.9264103599,143.4423723776,181.28,316.6175692789,149.0971966608,348.184761007,172.0454140192,60.2536179617,490.8834115356,81.9831463711,219.59,26.6839575581
2024-04-18,165.5435068079,398.1683992828,137.3863230295,471.9696621771,173.7242582142,386.4625406565,110.823553535,144.5154387183,179.22,316.6746466281,150.3667456118,347.8057923287,172.6961426286,60.4614216293,498.4626665086,81.5699248672,220.34,26.7394720329
2024-04-19,163.5217829461,393.0961276418,139.4319407115,479.5777541807,178.0853361445,387.3157858282,112.0952379157,146.7441149643,174.63,319.0243308396,151.179332132,345.8915146462,175.570193987,60.7353446455,477.8705360249,81.86377127,221.03,26.7394720329
2024-04-22,164.3542574774,394.908356733,140.5725846725,470.1035264027,181.5454441288,400.1144634045,112.7310801061,148.5050443439,177.23,319.7377977055,153.4736940715,348.768579915,176.7631964377,61.6893523919,478.5261465469,81.7260307687,215.57,26.7487244454
2024-04-23,165.4047610527,401.4185927615,140.9873642946,465.2707132432,184.162090887,406.4898346316,113.1705592671,149.3579945121,179.54,322.4870233619,154.3914388473,354.2691385982,177.2873944842,62.5300126833,492.8005756376,81.753578869,215.04,26.6376954958
2024-04-24,167.5057682033,402.8861043625,140.0164029064,466.3425450726,185.0630608331,405.569480289,113.189260508,150.0183430295,176.59,316.7888013267,155.443021403,354.532463216,176.0492025467,62.8700550483,490.217867521,81.1750687635,214.64,26.6654527332
2024-04-25,168.3679739679,393.0173350727,138.4044184657,472.6204172164,185.3410196462,402.7029599929,113.4510778805,151.5866707582,173.67,315.8089734976,155.3952221959,329.6434104507,174.4494947152,63.1912061709,438.4445032754,80.6057413582,215.92,26.6099382584
2024-04-26,167.7832597137,400.1874588681,137.7633954133,474.0463363467,185.4560370862,409.912402343,110.2999187899,152.1461326965,179.62,318.7674827679,154.1906821776,334.8903972797,174.8381243014,62.331654637,440.3418003918,81.0281455621,216.62,26.7302196205
2024-04-29,171.9456323706,396.178886911,138.4044184657,467.998142452,185.2547565663,413.0185982491,111.870823025,152.5496790126,180.96,320.3941872221,154.54439631,341.1516715256,175.1273370167,63.6823784759,429.7427636209,81.7076653685,216.18,26.6469479082
2024-04-30,168.8040320558,383.4538869884,136.3022399262,462.8973713352,183.7786994206,409.0879182445,110.5897880238,147.9088963769,175.0,317.9398612036,156.0166118878,326.298212528,174.187395692,63.2573255196,427.3090578956,81.009780162,211.87,26.8134913327
2024-05-01,167.7832597137,388.9792159022,142.5145074489,463.2897383442,183.8937168606,409.3180068301,108.4952490437,146.4047691985,179.0,315.799460606,156.2078087161,322.8847452601,176.5101353118,64.8064074048,436.2690683618,81.6045831322,213.79,26.7857340953
2024-05-02,171.4798430494,391.835446535,141.32672944,471.7686937091,183.7020211274,414.7059145438,108.6916120731,147.4136349889,184.72,319.1860499959,156.6284417384,327.1467029632,175.0098443511,65.0331023149,438.7425080581,81.9547382992,213.13,26.582181021
2024-05-03,181.7371185251,400.5223272871,140.7139868164,471.2710575026,182.5997706614,420.0842352332,108.4671971824,146.973402644,186.21,326.1494866065,157.2211519061,328.4243149978,176.9710680768,66.2515874563,448.9541386115,82.7840531684,212.96,26.5081617212
2024-05-06,180.0820798735,407.2984882366,140.0635369544,473.118053423,184.0279038738,425.3475116297,109.1684937159,148.8535616169,188.7,325.61676468,157.2020322233,333.642043536,176.2389983912,67.3000514152,462.5828906731,83.1065645065,215.2,26.5359189586
2024-05-07,180.7658982386,403.1618783547,140.1955122887,479.4150654209,183.7882842073,425.4721429469,108.62615773,149.1929073828,188.76,324.0947020329,158.46393129,336.4703449866,177.9110094015,67.9612449027,465.1258648187,83.6133680376,214.21,26.6099382584
2024-05-08,181.1028522155,404.3437668924,140.4123289094,481.5682990068,187.5263510047,428.4920556335,108.6074564891,149.0736777894,188.0,322.3253042056,157.8043022324,335.9827068055,178.995557084,68.8113508154,469.4568676604,83.1065645065,213.58,26.6469479082
2024-05-09,182.9164574446,406.0969015566,141.2607417729,485.2240111393,189.2995365369,436.7464836433,110.7487485714,151.7425863803,189.5,330.5159038255,158.7316068496,343.0827187229,181.3273346011,70.4454432918,472.2581126177,83.5120073314,216.95,26.5544237836
2024-05-10,181.6578352364,408.4803767743,141.3173026304,490.7554289733,190.5168044427,435.950760618,110.2999187899,152.0819321462,187.48,329.5551017795,159.5059540042,346.0183005733,183.3970130951,69.699239213,473.0329250526,83.0420622388,218.71,26.5914334334
2024-05-13,184.8632698598,407.4757715173,142.5522146873,489.7314467791,190.478465296,434.829078763,110.2531656877,150.8988077193,186.57,324.3515501046,158.5690895456,347.861572898,184.1923480622,70.4454432918,464.8973944853,83.253998261,216.26,26.582181021
2024-05-14,186.0045236731,410.2729077232,142.7030436408,491.7794111675,193.1430359876,439.5363077442,110.9170597394,150.0550290582,187.07,323.9139570936,158.46393129,349.3244874415,183.6591121183,71.2388754769,468.7118557037,83.7239433535,218.09,26.5266665462
2024-05-15,188.2771073535,417.4331824475,143.9191020785,495.2915743943,193.7181231872,446.8416203383,111.7748359301,149.5414246558,185.99,331.6859894855,159.1809193961,351.1385014753,185.3311231287,72.7785117409,478.3374101845,84.8665549511,220.89,26.3601231217
2024-05-16,188.3961947079,415.3710775233,145.4368184232,498.8515872563,194.0631755069,445.3364575072,111.1055819791,149.2387649187,183.63,326.035331908,160.4714979871,342.0489257789,187.71712803,72.1739919808,470.082677704,84.7836234642,220.03,26.424890009
2024-05-17,188.4259665465,414.6014881258,145.7761835686,502.0670827446,196.2868460121,448.4043053158,112.7740038007,150.7025258509,184.7,327.4432398566,160.261181476,347.4617095895,187.126594039,71.8717321008,468.7714566602,84.2123176654,223.66,26.424890009
2024-05-20,189.5870682522,419.6630183942,143.768273125,494.9853367287,187.4592574981,443.8217076518,111.859670938,149.2850864672,183.54,321.3645021596,159.9457067093,353.7815004171,185.9001003654,71.6639284332,465.721874384,83.9635232047,224.56,26.4618996589
2024-05-21,190.8871052048,423.3136347671,143.7397608741,501.0335306234,191.2356634422,450.9832148798,111.0867297552,148.2011622326,183.15,319.7758492717,160.9399302164,350.1924834039,184.8916500115,72.6840555284,461.5398739337,84.3966098586,224.23,26.4618996589
2024-05-22,189.4481330054,424.7738813163,145.8876837753,498.9281466727,190.0759042563,443.2848342853,108.8527412145,145.9777279052,183.13,314.4866815729,160.42369878,347.13986839,184.2466051906,72.0889813895,464.6689241519,84.4979705648,220.11,26.5451713711
2024-05-23,185.458706632,421.3008624966,142.2761319945,494.6025396468,188.7436189106,439.2295229634,106.9957971532,145.3940763942,181.05,310.9669117014,158.2058155718,342.0294202516,181.1485730224,71.1444192644,462.6822256006,83.954308595,215.72,26.6006858459
2024-05-24,188.5351299548,424.4186862097,139.6815171626,486.3149828228,192.3762530547,442.1343913571,106.9109621454,146.1444854797,180.75,309.2641041149,158.0528581092,340.2739227995,181.4211271721,72.3629044058,475.0394905894,84.2031030558,215.92,26.5174141337
2024-05-28,188.545053901,424.5765507015,137.2199595015,482.0180855781,191.2164938689,440.820969014,108.2683222714,147.3395814307,182.15,312.6887450709,155.9305733151,337.9040012392,180.9577851177,73.2319015609,476.728184358,82.9959891906,218.19,26.4804044838
2024-05-29,188.842772287,423.4418996667,137.2769840033,463.8735038941,189.8842085231,438.289994572,107.1089104971,145.3570191554,182.02,310.03464833,154.5348364686,329.7506908505,179.0408209315,72.4290237546,471.2051623855,81.9915967378,216.16,26.6284430833
2024-05-30,189.8351669073,409.1354300971,138.0753270285,460.9355362902,191.0535524957,434.2730313477,107.4482505286,146.6169652743,179.32,315.2857644626,155.4239017201,330.8625059035,182.5295140475,73.8553125635,463.9437791807,82.7840531684,216.57,26.5451713711
2024-05-31,190.7878657427,409.5892905111,139.3963946535,474.0654762008,194.2165320935,440.3401023274,110.530589148,150.3597463921,176.44,320.7355973801,157.2976306374,330.150554159,183.6924117529,75.5838612525,463.72524234,83.3461443576,215.3,26.5266665462
2024-06-03,192.5543281668,408.0007790623,140.4133316023,476.0464510998,193.440164374,438.8546827234,107.8818516799,145.8758204985,178.34,314.1651485551,157.402788893,323.1675754051,183.9377104876,73.8883722379,474.3143456182,84.6899062767,217.22,26.3878803591
2024-06-04,192.8718944452,410.5167444004,140.4703561041,483.7502423738,190.8906111224,439.1633413424,106.2040037464,144.6436673087,179.34,314.4045963986,159.6589114668,319.4712779921,188.2713214677,73.3559119567,473.8176709804,85.679187933,215.27,26.3971327716
2024-06-05,194.380334268,418.3507698061,138.7311087992,481.4821696633,189.069501657,445.3172225587,106.6281787858,143.5782716935,181.28,316.3201791464,158.741166691,321.3047975532,190.1246896856,73.2608297636,491.7674923909,86.307890294,217.82,26.4341424215
2024-06-06,193.0009057459,418.8539628737,139.1587925627,480.3337784175,188.7340341239,441.8641042587,107.4293983046,144.4583811148,185.0,317.1247239005,161.0546483134,320.1734769729,189.3797083431,72.9280420879,490.4761383326,86.1784515726,219.43,26.3971327716
2024-06-07,195.3925767807,418.1929053143,139.7860620825,469.5867503421,191.6478092686,438.7871636505,106.2794126423,144.5973457602,184.3,313.2265130087,159.7067106739,320.8074066084,189.6795179077,71.6824653586,489.6814589121,84.5974500471,211.6,26.6191906708
2024-06-10,191.6512490623,422.1592506708,139.8335825007,473.7113889,191.3219265221,437.4753645198,106.5904743378,145.2087902003,187.06,318.5230993064,159.9839460749,321.4608417711,191.4602050191,73.1847640092,499.2573459292,84.0334670468,213.54,26.6839575581
2024-06-11,205.5745455844,426.9050519556,139.4819314062,474.8789199999,186.2899135256,428.5242645689,105.7326981471,144.9771824578,187.23,321.549720048,160.1082240133,319.2177061379,190.3154775904,69.1627872421,504.0949569014,84.9025556047,214.15,26.720967208
2024-06-12,211.4495217363,435.1732047137,138.1988801157,471.8643929796,183.5774189008,432.7972573256,104.5638602608,142.8741841565,186.89,329.6143234163,157.909460488,320.6025985723,189.4251340347,68.7063927154,505.4558454091,85.5405035886,214.72,26.6006858459
2024-06-13,212.610623442,435.6862643121,138.2368964503,475.9124721211,185.6189784594,430.5305455923,103.7249362941,141.5957094182,183.83,333.1964631547,159.085320982,318.2911935937,189.5432408329,69.5811488916,500.7473698426,86.7979083107,212.97,26.7024623831
2024-06-14,210.8739328566,436.6630508551,138.322433203,475.7402134342,185.7339958993,430.6366469926,102.8483078794,141.3455730564,183.66,332.2003601258,159.4485949557,313.5220921822,189.4523894497,69.46705026,501.3036454369,87.5283125242,215.73,26.8227437451
2024-06-17,215.0221423692,442.3856386829,138.7121006319,470.1992256732,186.8841702985,434.2248034385,102.1413494804,141.9199602576,184.06,334.7480851804,160.1273436962,314.4290991991,192.5595067561,68.7539338119,503.7596514752,86.6592239663,214.61,26.7579768579
2024-06-18,212.660243173,440.3827329432,138.4269781229,462.337423114,188.8202972038,441.2178502751,103.102812903,142.0496605934,182.81,338.9336334844,161.1406868861,317.1013564317,193.3953394819,66.9758968014,496.6601036562,87.4543475405,215.47,26.7487244454
2024-06-20,208.0853039737,439.751274976,140.4513479369,465.672442048,190.4209565761,441.8158763494,105.3273753317,145.1161471033,186.1,338.5217831936,160.2898610002,320.9927091172,194.5491520489,68.8965571015,498.857582743,86.8718732943,218.16,26.859753395
2024-06-21,205.9119597553,443.776819517,141.3732440493,463.8175179724,188.1493621376,434.2248034385,104.4036163571,143.8562009844,189.08,340.782170836,160.8538916437,319.7346026099,195.4122401896,69.2293447773,491.9767884983,86.8718732943,214.78,26.9245202823
2024-06-24,206.5570162585,441.6949815313,141.7248951438,470.9200510912,190.6222370959,445.7126914143,107.5048072005,147.5897177926,185.57,336.0698372764,161.0355286306,321.8411995524,196.1390512554,70.2181995852,496.0833896877,87.2232069666,215.63,26.8319961576
2024-06-25,207.4799432553,444.9312036133,139.8906070025,465.6532200369,189.8458693765,441.1696223659,107.806442784,146.8022514683,186.34,324.0399776201,159.5059540042,319.3054810105,194.8307913369,69.3909845055,507.707159156,87.3711369339,214.56,26.859753395
2024-06-26,211.6281527679,446.1250538325,139.538955908,465.2111137805,189.2324430302,439.7034939257,107.844147232,144.4769097342,193.61,327.3922474288,160.0795444891,318.6520458478,193.9041072279,69.7618050585,510.2128819157,86.1229778349,212.58,26.9892871696
2024-06-27,212.4716881952,446.8058444534,138.5695393774,467.5177551182,190.9001959091,430.1543679004,108.3060267193,144.819689193,197.85,327.0761762754,159.2860776517,319.3639975922,194.7671953686,70.0945927342,516.6163956348,86.4650658842,214.99,26.9522775197
2024-06-28,209.0181549167,440.9845913182,138.9116863882,489.4500698369,193.8618949871,436.288957953,108.513401183,144.9123322899,193.25,329.7101025536,157.6609046112,324.8645562755,194.0040437495,67.3277009158,501.3633055026,84.8563274899,215.01,26.9522775197
2024-07-01,215.1015339388,450.6340583796,139.17780073,475.408390694,196.9194419316,447.2270477637,108.3625833912,145.0049753869,197.2,321.9998819937,155.5577394999,320.9439452991,191.6509929238,66.4624529588,501.8206993397,83.3965397796,215.57,26.9615299322
2024-07-02,218.5947630021,453.1500237177,138.788133301,478.8587416949,200.1590998227,449.1079362233,107.6273466563,145.21805451,200.0,320.8313765175,156.6858007869,319.6565805009,193.7224044615,67.0044214593,506.6133912848,84.0458288225,215.56,26.9245202823
2024-07-03,219.865028116,454.6201367976,138.4649944575,470.833552041,200.0249128095,451.3360656291,108.1740611515,145.1809972712,197.59,319.5575139902,156.618881897,322.4361181334,193.0228488106,68.2975392851,507.0707851218,85.1496201954,217.99,26.8134913327
2024-07-05,224.618598347,461.3195111685,139.2158170645,469.0266829932,197.389096478,448.2784161847,106.8638315854,142.9575629438,200.0,320.4578378817,157.9381400122,320.2319935546,192.8229757675,68.5447529871,536.8511012533,85.8545625848,220.93,26.720967208
2024-07-08,226.087342385,460.0171291111,138.2654087012,470.3049467345,197.7553636622,448.3459352576,105.7421242591,142.9760915631,199.29,325.2659505787,159.1904792375,320.9244397719,192.2687823298,68.5637694258,526.3210996562,86.04007374,218.19,26.7672292703
2024-07-09,226.9408017584,453.4065535169,139.7575498316,472.9671952783,200.1264617497,456.0720463144,104.5732863728,141.725409754,199.34,322.8618942302,158.3683328759,317.998610685,191.3330130825,68.5732776451,526.9972470676,85.659775872,218.56,26.8042389202
2024-07-10,231.2080986254,460.0269956418,142.0195217364,481.4441021942,200.2903181216,461.9172689117,105.4970453475,143.717236339,199.79,329.6526350712,159.4581547971,320.3587794817,194.8671318902,69.314918751,531.6606755369,85.9287670469,219.36,26.7764816828
2024-07-11,225.8392437299,448.6311526399,142.2761319945,484.7406771059,199.9529667677,462.2452186943,106.7507182416,143.837672365,195.05,338.8570101745,158.2536147789,322.9432618418,195.1941968698,71.0263982264,509.7952614557,86.7635672449,223.25,26.6376954958
2024-07-12,228.786655752,447.496501605,142.4472054999,491.6317681021,197.5336756296,462.8721815142,106.7695704656,144.143394585,194.49,344.5846025904,159.2765178103,327.2929944176,195.4304104662,72.2624667363,496.0436163105,87.1345895551,223.11,26.5451713711
2024-07-15,232.6172989862,447.9010293653,141.8389441474,495.3223942423,202.4590053967,474.7844750911,108.5982361909,146.413150461,192.72,343.3298958906,157.3358700031,337.2213077856,195.9846039039,67.4798324247,493.3489700095,86.1328293175,223.83,26.5914334334
2024-07-16,233.0341047267,443.5202897178,143.5211669505,527.5192629136,205.8999892066,485.1920579004,109.3806034857,146.1630140991,193.02,353.5399519364,159.6015524184,351.6651507109,198.4830169427,68.3640968203,487.0150597004,87.3479273835,228.29,26.5914334334
2024-07-17,227.1392806824,437.6003712752,148.8149415344,550.9797275186,209.0325374929,484.3818290256,110.8887814035,149.3684652545,187.93,356.1930340422,161.9819529306,348.9538824238,200.0638310109,67.4132748896,459.3725625901,87.366478499,227.23,26.4711520714
2024-07-18,222.4750259673,434.4924140928,147.7124678329,542.3874885359,202.391535126,468.9778348212,111.9822103938,150.0540241721,183.75,350.6282661598,161.0259687891,347.2276432626,197.7562058769,68.1454077762,473.1540377681,86.6986383406,225.78,26.5914334334
2024-07-19,222.6040372679,431.2759250724,147.0186697277,543.3389780876,202.1987629237,467.7432003452,109.4088818217,147.4414888374,183.13,348.0230736227,161.5292944396,339.0353218194,194.9761535501,68.4591790134,474.0887121308,86.188482664,221.73,26.6654527332
2024-07-22,222.2566991508,437.0281124924,146.5909859642,536.8034942976,202.6806934293,469.7784181142,108.6547928628,145.4403979427,182.55,347.9177165716,161.8081911733,340.6445278172,197.1202461943,69.314918751,484.6386004165,85.9380426046,221.8,26.6469479082
2024-07-23,223.2987135021,438.9126198633,144.7947141574,533.122479163,202.7288864799,474.7073104364,106.9015360334,142.7537481304,186.41,344.4409338843,160.2405991875,337.021379075,197.4927368655,68.5637694258,485.9212918291,85.8174603538,222.58,26.6932099706
2024-07-24,216.8779203091,423.1755033368,148.5298190254,537.9760369776,201.0517683204,469.4504683316,108.4097139511,143.6616504808,180.83,335.5238961933,161.5677629546,329.0602441363,194.1039802711,71.7014817972,458.6566418016,84.8899045783,221.8,26.6839575581
2024-07-25,215.8359059578,412.8156460623,151.7231911263,537.9087599386,201.1288772013,474.2829048352,110.6908330518,145.9499349761,179.85,338.3781144875,160.5098787924,337.1486788957,183.9286253493,69.8283625936,450.8411731941,85.5855714099,218.33,26.6839575581
2024-07-26,216.3023314293,419.593952679,152.6735994896,547.5582095344,204.5698610112,481.3434707448,110.5965719319,146.227864267,182.5,344.3355768332,162.6352642456,343.2003165245,184.1920943607,70.6080365768,463.0615433195,86.2534115683,220.63,26.6654527332
2024-07-29,216.580201923,421.0344661667,150.6967500939,544.7037408791,203.2300942057,475.2571086015,109.4371601576,145.0790898645,183.2,346.4044062008,163.4238688028,337.3739016554,182.9746858254,70.6841023313,463.0714866638,86.7171894561,220.32,26.7394720329
2024-07-30,217.1359429103,417.2753179557,153.3293812604,553.9110842185,207.4132509942,487.748137089,111.3883653387,147.8305898447,181.71,348.3391447761,155.5089718438,334.6222670701,184.1012429774,70.6270530155,460.5657639042,87.0511095353,222.52,26.7579768579
2024-07-31,220.3909972647,412.7663134086,150.0219601559,553.7476971238,205.1096231775,490.9890525885,111.7842620421,148.6643777175,186.98,352.6204722175,154.6049617416,339.0092147363,186.0182071636,72.6332872893,472.1398166511,87.9415630798,226.55,26.6099382584
2024-08-01,216.6992892774,411.5428635971,152.7876484932,550.4895662343,200.4445358834,482.3948391658,110.2383796764,141.3918946049,184.07,343.4448308555,159.346206214,324.6341272945,185.8637598121,74.5349311508,494.9200184064,88.6973874689,225.77,26.7024623831
2024-08-02,218.1878812078,403.0379141013,156.0000287614,566.8859417428,191.9432817649,453.9596638906,110.1723968925,137.6213205579,167.9,340.4277880277,163.5681257341,314.2053342935,185.0551825013,75.3050969147,485.3744078935,91.4613287214,225.34,26.4341424215
2024-08-05,207.6784221794,389.8759620973,153.2533485913,547.7888736682,187.8565110775,442.7514977883,108.1834872635,134.0175040856,161.02,335.2365587811,161.6254657271,310.2198706772,181.4392974488,72.9090256492,473.0347176367,91.9452510956,222.48,26.286103822
2024-08-06,205.653937154,394.2764348063,151.0864175228,546.2415017708,193.0999149783,453.5545494532,107.6084944323,132.6927077988,161.93,338.9719451393,161.6543171133,319.6596419945,180.6125498614,73.1847640092,491.2906977427,89.8885810053,220.7,26.3693755342
2024-08-07,208.2242392205,393.1121841792,151.0198889374,544.0598035057,193.1577466389,456.2456667876,109.0412634542,131.9330344036,162.77,327.9477664257,163.5104229616,319.0329351851,179.813057689,73.7457489483,486.1499887477,89.2557594391,220.55,26.424890009
2024-08-08,211.6876964452,397.3153262735,152.274427977,544.2135795948,196.6854779398,468.5534292201,111.1244342031,133.8600108207,165.8,333.6370471867,164.3278789051,329.177751663,181.5392339703,73.7267325097,506.7426547604,88.7066936684,224.01,26.4618996589
2024-08-09,214.5954126825,400.6008810091,152.6545913224,537.0245474258,198.3625960993,472.8842954679,112.0293409538,134.3232263056,166.94,333.9243845988,164.0105136564,331.2341333815,180.094696977,73.6506667552,514.8365370079,89.5814764217,224.56,26.4341424215
2024-08-12,216.1237003977,401.3803369374,151.9512891335,543.3005340653,198.7385018936,468.2929985103,112.1707326336,134.3510192347,166.8,331.2138350107,160.4233246337,329.0504518424,178.7864370585,73.7647653869,513.0268483481,89.9071934043,228.41,26.4341424215
2024-08-13,219.8395218452,408.4842390685,150.5351806721,551.9023840536,200.4252586632,474.5047532176,111.0961558672,133.545024291,170.23,335.2940262635,160.8849468136,331.762917252,178.7319262285,74.2782092295,525.545518802,90.5307087711,228.06,26.2953562345
2024-08-14,220.2866126611,411.2962003287,150.6207174248,557.1211600801,202.6421389889,481.025166544,112.1236020736,134.0267683953,170.1,340.6480800437,162.3371332544,330.5780496904,179.5223332626,74.1736188171,523.7756035194,91.0983869408,226.2,26.3231134719
2024-08-15,223.2672181003,416.1505334516,151.2004665264,557.0634940466,203.9047969135,481.333825163,112.8117082486,136.0000663609,177.59,344.8719400026,161.4908259246,338.460846278,180.3036551584,73.6031256587,534.2857184279,90.36319718,226.91,26.4156375965
2024-08-16,224.588619845,413.6202022029,151.4855890354,555.2085699709,206.2373405605,486.3881100491,112.2796223679,136.4354889166,177.06,346.7779448367,161.4619745384,336.3457107961,181.3211906506,74.7060790983,524.4318642422,90.6796079631,231.99,26.286103822
2024-08-19,224.4296542216,416.6447387736,151.7136870427,556.265780584,207.6638548571,486.7932244865,112.6216775769,137.5379417707,178.22,347.7453141243,161.971682362,337.4914091821,181.8144573657,75.4477202043,526.2813262791,91.0983869408,231.61,26.147317635
2024-08-20,225.0456460124,419.8768415796,152.2174034752,558.0630386263,206.7674641167,479.7133674132,108.868571811,135.5333705292,178.88,351.7680378947,163.8854909827,336.1694495059,182.7553179519,75.0959160899,523.7457734866,91.8242705021,232.46,26.0547935103
2024-08-21,224.9363571463,419.2244905545,153.4244220967,555.5833991883,206.8445729976,478.864556211,108.1749598594,136.1235013152,180.11,354.8233923775,163.645062764,335.8463038073,183.9884847397,75.7234585642,532.1280127182,91.8801076991,232.15,25.9715217981
2024-08-22,223.0784464225,410.7340431224,154.298797791,556.2081145506,208.8012108503,480.1088362688,109.0110948148,136.5075546839,176.13,349.9386563706,163.6354456353,335.2489738796,182.8192599335,75.0388667741,528.9163125144,90.9681001477,229.37,26.0918031602
2024-08-23,225.3735126107,411.959672321,155.9905246778,561.7728867776,210.420497349,491.3652302804,110.5218386547,138.277947042,177.04,359.7368621256,162.6929670181,341.1733116876,184.9567490324,75.7424750028,525.0085782107,91.563696916,232.02,25.8697452609
2024-08-26,225.7113145605,408.6979171957,156.4467206922,564.2909702379,211.2494178186,489.8701650946,112.8877205173,139.1022567114,175.5,358.3193308922,163.8277882102,343.8661925095,186.2081849578,76.674280495,518.1675573431,91.3310419284,232.76,25.9252597357
2024-08-27,226.5558194349,409.0438609211,156.0475491796,564.5024123605,212.2229174399,489.2817846022,111.8140472222,137.6503476347,173.12,357.4285849145,162.769904048,343.8270233339,188.2725975063,75.6949339063,516.1590017977,91.1728365368,233.39,25.8419880235
2024-08-28,225.0257753095,405.8414104345,156.9764606414,565.6461220238,213.2928031623,485.4910709376,110.7118693264,136.7604678779,170.8,356.9592671413,162.5871786018,340.9676735158,187.2540930852,75.5047695202,513.8521459237,91.0611621428,231.75,25.990026623
2024-08-29,228.3044412926,408.3322052574,157.2733292529,568.5582567125,214.1795552926,492.0211298458,112.2416162335,138.0906039354,172.12,353.7219322975,163.5200400903,344.3362226166,189.551437138,76.0942791172,515.2839875007,90.7633637587,232.95,26.0825507477
2024-08-30,227.5195485269,412.3056160464,158.834283565,567.241548949,216.6759553115,495.0594881265,112.0610870954,138.5870631681,178.5,355.1096061996,164.9722265312,348.7035856949,189.91681989,77.0403469383,518.3564808845,89.7955190103,231.29,26.1565700474
2024-09-03,221.3298245648,404.6948540874,160.079216452,575.3916816753,212.3385807613,472.9479629244,109.7142083001,135.5052690632,176.25,351.4862354552,167.8381308979,333.1730075733,187.1307764064,76.4853425758,508.860587093,91.2591813171,230.29,26.2028321098
2024-09-04,219.4222370837,404.1611123396,160.2707445885,580.6777347408,211.4036355804,476.0332920223,108.3744920647,133.0791758316,173.33,351.418779085,169.165294665,329.755497003,187.7519270847,77.5857822601,509.8350348329,92.4355144982,230.43,26.0732983352
2024-09-05,220.9423458577,403.6570229112,158.0011361714,572.3257708974,209.7650718614,473.3554592203,107.5288555756,132.0113201235,177.89,348.7012510267,168.7517581289,326.6317552496,185.4134774723,76.8681042051,513.931692678,92.9583292454,232.35,26.0362886854
2024-09-06,219.3924310293,397.0445557027,157.4169753552,573.6617006721,204.7819104337,465.331663107,107.0252742957,129.7913043093,171.39,346.966658649,168.8671636738,322.5189918126,180.983211605,76.5331877795,497.4356845103,92.9489932678,230.63,26.0732983352
2024-09-09,219.4818491925,401.0179664917,159.5525140767,570.9898411226,208.9747058323,474.0249174208,109.2771377552,131.4211893375,175.4,352.2378921522,169.3191687249,327.1017853567,183.750985951,77.6910417081,501.9300761268,93.3504403058,231.6,26.1843272848
2024-09-10,218.6870210754,409.3996887529,160.2898974021,575.7280668704,198.1312694566,453.2232017414,105.2959951833,129.4821881833,179.55,357.3934861635,170.9829319982,327.2192928835,183.5591600062,78.7532052294,501.9300761268,94.0039587398,232.62,26.1935796973
2024-09-11,221.2205356987,418.1372388461,157.8383372554,566.8090536982,199.7409173452,457.1429280168,104.250826489,129.1543377466,184.52,357.0272944393,167.261103173,328.0418455709,186.381741765,79.8345068322,508.930190503,93.9292709188,232.25,26.2213369347
2024-09-12,221.3298245648,422.0513449964,157.6659619326,565.5307899569,199.1336849082,459.9468906247,105.6855580602,130.4001694061,187.0,360.8241244215,166.8283323794,332.526716176,186.9572195993,79.8632139544,522.6221755825,93.4904799702,236.33,26.1103079851
2024-09-13,221.0615700753,425.5997392084,158.508685733,571.2012832453,196.9360818027,464.7301209558,105.6095457916,131.7115711528,186.49,366.1820875435,167.414977233,338.1377005794,186.4822220217,81.0019298016,521.6477278426,93.7425513662,238.68,26.0732983352
2024-09-16,214.9215228705,426.3410471914,159.916417536,568.2410935286,200.3481497823,470.7164355893,107.0917850307,133.0979101423,184.89,368.1286856562,170.4539899171,340.7326584622,186.9663541681,80.9923607609,530.755831207,94.601461308,238.66,25.990026623
2024-09-17,215.3884843893,430.1068917452,159.9930287906,557.4576881824,201.6879165878,470.9395883228,108.4885104677,134.3343746464,186.88,369.3139904476,169.1460604075,346.3436428656,186.5644331409,81.3081391051,533.7764656724,94.1439984042,237.34,26.0732983352
2024-09-18,219.2632714603,425.8171895501,159.1119993629,560.0522642452,200.0300756486,470.1537026092,108.868571811,134.8495681898,186.43,370.0560105202,167.261103173,347.743940893,184.1894452533,80.6478752945,535.4037267436,92.9770012007,235.51,26.1010555726
2024-09-19,227.3903889579,433.605865425,157.8383372554,556.599259671,202.8734656315,488.830616174,110.21778958,135.8143851892,189.87,376.1559937149,164.9722265312,365.5561234928,186.0711664258,78.7436361887,556.453617664,92.6689139389,239.17,25.990026623
2024-09-20,226.7247204098,430.2255010224,157.2062944051,554.602689987,203.4614208484,483.5913780831,109.5241776284,136.4607189072,191.6,375.6934357476,167.5496170354,361.1593835327,185.7514565179,79.1933811032,558.6929677619,92.3141467891,242.21,26.0362886854
2024-09-23,225.0059046065,428.485898289,156.3061121638,553.0690929834,203.7987722023,482.6017442215,111.5099981475,138.2030097994,193.88,377.7171268548,167.1168462418,363.4605725987,186.1351084074,81.1646034941,561.738483895,92.1180912589,242.68,26.0732983352
2024-09-24,225.9000862383,424.1961960939,155.8847502636,554.7859500063,203.9433513539,483.1935840799,111.2154506064,138.1187054014,193.96,386.1009900134,166.6071384182,377.9139983916,187.5052937272,80.6574443352,560.663595848,92.0994193036,246.07,25.9252597357
2024-09-25,224.9065510919,427.1021233873,153.7970935762,555.8662195938,202.5939459383,476.5184066604,109.0491009492,134.8589353451,192.53,382.5065291419,165.664659801,370.3935166782,188.8846136158,80.9732226794,565.6200240648,91.3338691381,245.73,26.1010555726
2024-09-26,226.0491165103,426.3113948721,154.5536297152,554.4194299677,202.1987629237,482.1263318762,107.177298833,133.0042385889,191.16,382.2848867826,166.578287032,382.8395222221,189.1129778357,79.8632139544,565.152248711,91.5485966235,246.98,25.9807742105
2024-09-27,226.3173709998,423.0595238533,154.563206122,561.209695946,202.8927428518,483.6689964252,110.0467619755,136.2827429559,187.97,385.0120514652,166.9052694094,382.9570297489,189.6610519636,80.8966703536,564.6745206901,92.0247314826,245.02,25.9715217981
2024-09-30,231.4936891126,425.3131001217,155.1952489723,563.9393057072,203.2397328158,480.3702168865,111.3769766774,137.9500966054,186.33,390.4760174548,166.5686699032,382.9961989245,188.8206716342,80.8871013128,569.7304755778,91.5859405341,243.06,26.0732983352
2024-10-01,224.7475854685,415.8144738326,155.1282141246,562.6082592512,199.5577837531,475.5772842626,113.9518922787,140.2263153515,185.13,394.186117818,166.4147958433,384.2398202495,188.2360592311,81.595210327,573.7414004199,92.2448318232,245.61,26.1843272848
2024-10-02,225.3139005019,412.2957319399,154.3429487651,571.2986422717,199.7987490059,477.3431015451,115.4626361187,141.3972097683,184.76,396.3158117928,165.3376774236,385.8653410365,186.2355886642,81.7483149788,570.0987242606,91.467461426,245.66,26.2953562345
2024-10-03,224.2110764894,411.71256966,153.7013295079,571.7230338953,197.8131953229,471.6284511089,116.4697986786,141.6782244283,181.96,396.624183771,163.606594249,382.9668220428,185.3221317843,81.3846914309,580.011580694,90.6057978533,245.49,26.3786279467
2024-10-04,225.3337712048,411.2381325508,153.5002249647,570.2280179484,204.7915490438,480.4187283503,118.6076437351,141.2004995063,186.51,393.5211907399,162.4140702844,388.8421983813,186.1442429762,80.236406543,593.1192432672,89.4912547538,245.0,26.5266665462
2024-10-07,220.2568066067,404.7936951518,152.7724180461,562.8590361197,204.5103751529,479.8948045412,119.1207265487,141.556451409,180.8,393.2320920103,160.7214556249,389.9781044735,185.7331873803,76.8298280422,582.0120667815,88.8169093491,244.17,26.5451713711
2024-10-08,224.3104300041,409.9037781814,152.9256405553,560.9492738133,204.3358534276,481.7867516296,115.9567158651,139.3364355948,182.72,399.1297060943,161.7216370146,379.9018340528,189.0855741293,77.0307778976,590.0836798011,88.9667638835,242.37,26.5451713711
2024-10-09,228.056057506,412.6219074524,153.8449756103,570.2473084767,206.9245923536,490.1404256967,116.004223533,140.1794795749,185.17,400.9510280908,162.7891383055,387.9608919306,195.2057352243,77.1073302234,587.7149450309,88.4610048299,241.05,26.6654527332
2024-10-10,227.5592899328,411.0206822091,153.7109059148,576.4974396613,206.3622445719,488.7238909536,117.0018845594,141.0880936423,186.65,395.0630506312,162.4813901856,388.401545156,195.1143895363,77.4518156898,581.0665634068,88.1144662191,242.82,26.6562003207
2024-10-11,226.0789225647,411.4951193183,154.6206645629,576.8350239074,215.5246351526,500.9293752469,117.4484566378,141.837466069,188.82,396.9325557493,164.5394557375,393.6697992729,197.2975514792,78.3321674372,587.1575956732,87.7585617,245.47,26.6747051457
2024-10-14,229.8046793637,414.2824373344,154.7547342585,583.924293075,214.7392873886,507.1873540777,117.8950287163,142.174683661,187.54,400.32464751,165.9050880197,385.7674180975,198.7682170558,79.3369167141,587.6253710269,87.8194401046,245.07,26.7579768579
2024-10-15,232.338193987,413.8870730768,157.1488359642,536.5564007181,215.6215916667,506.8283692455,114.3509566893,138.3809857507,187.69,400.4788334991,166.9245036669,379.9312109345,198.4667762854,79.2220882253,583.4950141797,88.8918366163,245.92,26.7764816828
2024-10-16,230.281576234,411.2974371895,157.321211287,551.0725232995,216.8335480927,514.0856842307,114.6455042304,139.3177012841,186.89,403.3987306681,165.7800653459,385.4442723989,200.0105184123,80.7531347426,574.0598857671,89.2664729522,247.15,26.8505009825
2024-10-17,230.6491842381,411.8904835759,157.5031630166,545.9508880232,217.5898089026,513.2512870533,114.3509566893,141.6313886517,187.53,400.4981067478,165.6838940585,386.296201968,200.5494579715,80.1694232579,574.1992231066,87.852220784,248.63,26.9337726948
2024-10-18,233.4807594054,413.3137949033,158.1256294601,549.4038925974,218.5108957864,512.7661724152,114.0279045474,141.2098666616,188.99,399.9199092886,165.6901451921,385.6792874524,202.8056964647,80.7435657018,573.7414004199,87.9177821428,251.27,26.859753395
2024-10-21,234.9511914221,413.9266095026,155.9326322977,551.1979117337,216.2130264026,502.384719161,114.0944152825,141.331639681,189.07,391.6324123732,164.0069314332,383.7502055546,202.3306988872,80.4086492762,572.4376010295,86.3817731653,251.22,26.9800347571
2024-10-22,234.3351996313,422.5554344248,156.5263695207,549.6450242018,217.2989393603,502.8698337991,114.6835103648,141.3691083023,189.7,387.2477483075,164.1617097099,381.7650195906,203.107137235,80.092870932,579.2551779943,86.4660663409,253.93,27.0077919945
2024-10-23,229.2681703846,419.6791594507,158.834283565,544.6101963031,216.6105481104,501.8025815954,114.2749444206,140.9569534676,184.71,385.1180543327,164.0456260024,379.0820702432,201.2710889065,81.2985700643,561.0218918637,86.2319186309,250.87,27.1003161192
2024-10-24,229.0793987068,419.8076528345,156.7370504708,540.9160601246,218.1327653814,508.8852553108,113.6288401369,140.9288520016,186.38,388.0475881261,164.0843205715,380.3891481304,191.003833577,79.2412263068,565.0925327084,86.7845072265,252.8,26.998539582
2024-10-25,229.9139682298,423.188017237,154.0652329672,544.5330341897,215.5440264555,497.3395269253,113.533824801,141.2660695936,187.83,384.4145807573,162.7300106505,379.3179339221,189.9990310092,77.9206986857,570.5366416131,86.2974799897,253.32,27.0910637067
2024-10-28,231.8911031711,421.6460966323,154.7547342585,545.1889121535,218.6369392547,507.9926443768,112.9732343195,141.0131563996,188.39,388.2499572368,163.7747640182,383.8779650473,188.2634629375,79.2986405512,575.4234011601,86.0633322797,253.33,27.0910637067
2024-10-29,232.1593576607,426.9439776843,153.3086968282,542.1892349955,216.1160698885,508.6718048701,111.4339858789,139.1209910221,190.83,380.7141170184,161.7142782098,380.8313925283,188.1538481119,76.1312880687,590.4718338181,86.1944549973,256.09,27.1003161192
2024-10-30,228.612437188,427.5172558578,153.806669983,542.9897919219,217.5801132512,508.7882323832,110.8733953974,138.6807347214,192.73,378.2567778167,160.7372403382,372.7039232599,186.5278948657,75.6815431543,588.998839087,86.4473345241,257.5,27.0355492319
2024-10-31,224.4495249245,401.6406651974,153.0884394713,544.4751626047,215.1658960505,502.3750168683,110.9589091996,139.4020056821,186.4,379.4420826081,159.7892233935,369.7163166606,187.8798110479,75.834647806,564.8934793663,86.5878231501,253.51,27.017044407
2024-11-01,221.4689194853,405.6140759863,153.3470024555,547.4266134418,216.1548524942,503.888574539,109.2201285537,143.3830466991,197.93,378.324234187,159.7118342552,373.0872017381,191.0860446962,74.0165300668,564.4754673481,85.3707617538,252.47,27.1280733566
2024-11-04,220.5747378536,403.7262116563,151.537061566,537.9838998158,213.0910266492,496.2431678433,112.6976898456,144.2260906792,195.78,381.1959482344,159.6924869706,370.0308015658,189.5788408444,74.9925722215,558.0261390661,86.6958693504,252.83,27.0262968194
2024-11-05,222.0054284644,406.6914435883,151.642402041,546.9154144406,214.74898304,511.27201933,113.0302435211,143.7015299805,199.5,385.5517024271,160.3502946465,376.7627440675,190.7115273755,75.260505362,569.7205229107,87.156367735,253.4,26.9152678698
2024-11-06,221.2801478075,415.3103844042,151.1923109203,575.5232679798,239.5407636907,578.237243966,114.9685563723,147.7387739295,207.09,374.2575787238,155.7940091266,409.6952102325,197.6720687999,71.3084915395,569.3423215609,84.769294476,245.7,27.3501312558
2024-11-07,226.0093751044,420.4995402853,150.0910241357,583.9725193959,229.1858079868,564.8383776631,115.1110793761,146.8488941728,210.05,384.9253218463,158.0769887077,401.1746348326,198.6768713678,71.4041819468,588.899312416,85.8312601385,249.65,27.1280733566
2024-11-08,225.7411206149,417.6430335241,148.884396876,593.9650130798,229.7675470713,571.7173032306,115.0730732417,146.9987686581,208.18,391.1505811572,162.2366548936,386.5903973545,200.4946505587,73.652906519,586.5504829799,86.9214195796,247.96,27.313121606
2024-11-11,223.0257819681,413.1655333067,148.4726113826,603.0701424598,232.0072425466,584.4079021619,114.4649750923,146.5959809787,206.84,393.4537343697,160.6114829884,389.7057634466,205.7470276178,72.6385882013,580.4096873781,86.4985128999,242.14,27.4704126179
2024-11-12,223.0257819681,418.1273547396,146.1742737451,592.865452964,232.2690251346,574.94816672,114.3509566893,145.4625551833,208.91,388.4330530989,160.4276837848,386.2366018362,213.6666987661,71.0596964804,582.0518774499,85.2015990819,240.05,27.59069398
2024-11-13,223.9110022595,420.2722058372,146.7488581545,584.3776204912,233.8203293599,576.5296404401,115.4151284508,148.6754894629,214.1,395.2846929905,161.1435333145,380.3989757837,212.8993949871,71.040558399,577.2546919068,84.3933774273,237.63,27.747984992
2024-11-14,226.9943538365,421.9426198256,145.4368904198,572.1088444623,234.5087206099,571.0866542012,115.4911407194,151.5605733058,211.48,390.9771219194,161.6272154291,380.683977729,210.7070984754,72.0357386352,574.4281344499,84.8820695906,237.01,27.8590139416
2024-11-15,223.7916467146,410.1904172682,147.476665073,571.2214801583,237.8440246943,575.8698845323,114.2936960786,151.2046214031,202.61,393.3477315022,164.0069314332,377.4506797975,210.2046971915,73.0596259935,551.4573787788,84.6565193614,236.59,27.8312567042
2024-11-18,226.7954279283,410.9416093576,148.2140483984,568.7330020015,237.5725464549,570.48511205,115.2516517913,152.1132354705,201.7,395.5256085985,165.1774421506,377.8339582757,210.0761821576,73.0979021565,551.7758641261,84.8068861808,241.09,27.6924705171
2024-11-19,227.0540316089,412.948082965,146.5190243907,556.5317428218,235.6915900817,564.071896535,113.642286194,151.0156281481,204.61,392.017877346,165.1871157929,375.7406681256,209.4795052146,73.758165967,558.4341984172,85.2391907868,243.25,27.6832181047
2024-11-20,227.7701648784,410.6747384837,146.6243648658,579.1981136299,233.4518946064,564.6055226369,115.2612313484,152.6525769996,202.88,385.4649728082,165.3128731427,374.9249729028,208.0750194873,73.5667851524,562.8432299434,84.9666509265,244.62,27.8220042917
2024-11-21,227.2927426988,408.9054834309,148.9131260965,576.2948891137,237.3107638668,578.3633737719,116.8035400458,152.9364409623,198.38,395.5352452229,167.1121706092,382.875544412,207.5426000612,74.0260991075,560.4247318376,84.900865443,246.66,27.9145284164
2024-11-22,228.6354925791,412.9958257822,148.5971046713,569.9097242307,240.9854157505,584.8348030434,116.669426246,153.6271766048,197.12,404.7382214487,170.5269663386,390.6393905088,210.3148529348,73.2175151656,556.4934283324,84.9478550741,249.84,28.0625670159
2024-11-25,231.6193812019,414.7686376003,149.1812654875,584.3390394345,242.6724590956,585.0773603624,114.925946849,151.7347501869,201.45,413.0931747343,171.6007406331,398.6587555911,211.682620081,73.8340837144,562.4351705922,87.1469698088,242.48,27.868266354
2024-11-26,233.7976198966,423.8802961068,149.1621126739,585.2649847952,242.3621982505,587.4738266744,113.0100354236,153.7880328504,207.86,413.9122878015,173.4580799533,400.8011840077,211.4990271755,74.6529638182,570.825268959,86.808644465,242.95,27.9052760039
2024-11-27,233.6683180563,418.928307788,150.0115992074,586.7985817988,242.1876765252,587.4059106251,112.7130691527,153.3906233026,205.74,413.8351948069,173.5064481648,396.7423632001,210.8013741345,75.6452538264,566.5058114368,87.4101117429,243.49,27.6647132797
2024-11-29,236.0554289546,419.39379469,149.6351222209,588.5540198784,242.1198069653,590.452430552,113.0004558665,153.220304925,207.89,415.7145465659,173.4097117419,399.1108276423,213.8214774305,75.78976208,571.601576993,88.3123126597,245.59,27.6184512174
2024-12-02,238.3032917171,426.8415851214,149.4324038436,586.9336154972,238.7554159267,586.7073455463,112.8950807381,153.4852446235,210.71,413.6123850623,173.8353520027,395.572872459,211.0859431381,74.2483407081,590.0239637985,88.5237857352,243.44,27.7849946418
2024-12-03,241.3468581124,427.0594726074,147.0770093644,583.7603235841,237.3689377753,587.0681202016,112.7226487098,153.2108427929,213.44,415.9276689304,169.6950331014,392.3788851406,208.3412292003,73.4968977893,610.7454167045,87.7599179772,243.93,27.7757422294
2024-12-04,241.7049247472,433.2197460759,145.2525439687,589.1230904647,235.9921552753,583.7821456383,109.4751788439,149.8044752407,218.16,414.5423735616,169.3951501903,392.6245764728,210.9390688136,72.9670341927,610.8748013768,88.7029645921,244.67,27.7664898169
2024-12-05,241.7347636334,438.3698139274,144.3354846428,558.431859864,238.0088507682,581.9197683635,109.9541567002,150.7601505817,220.55,413.2055150939,170.2851252813,388.1726495338,207.7261929668,73.4101928371,606.0477578324,88.8821434489,242.86,27.6184512174
2024-12-06,241.5358377252,439.3106917079,144.1327662654,530.1230095142,239.831633233,584.7279602752,108.7950302879,146.8901385571,227.03,417.884519731,168.1472503345,388.2217878002,207.8088097743,72.485340014,620.8175158116,89.014169975,242.95,27.6924705171
2024-12-09,245.4248392304,441.7371659841,144.4127106912,542.7583055817,236.3896769831,579.306589779,108.1531999604,148.6311708616,226.09,415.7629834669,165.2161367198,392.3788851406,206.6246355336,71.965110301,610.6657953677,88.19371942,245.36,27.7387325795
2024-12-10,246.4393613621,439.0729962686,144.0555402169,547.1827026002,235.4685900993,570.4432340578,107.9328701465,148.5554738049,225.04,409.3789999145,166.6575094214,381.6962260176,210.287313999,71.4256128208,616.3885789513,87.7787789095,248.59,27.8034994668
2024-12-11,245.1662355497,444.6786470455,141.5553468968,516.5314094699,236.1181987436,577.7854858269,107.214403362,147.8079653698,230.26,408.2068269101,165.0613584431,382.1679533754,210.2689547084,71.2714706836,629.6853421993,86.9488978884,250.96,27.8960235914
2024-12-12,246.6283409749,445.2431737138,141.1692166543,499.3275724855,234.179068462,576.8591725227,107.1186077907,146.3886455564,228.97,401.4644102902,165.2741785736,374.2173818661,209.0113433055,70.5392955319,627.8042881171,85.8926856798,247.28,27.9885477161
2024-12-13,246.7974279969,442.9751630638,141.5360403847,503.8971904127,232.6374598881,570.882014044,106.1798111923,145.5938264609,227.46,403.9443796217,165.4773250617,373.9520352273,208.9470857886,70.9246508749,617.4137036628,85.015652328,244.29,27.9978001286
2024-12-16,249.691799961,447.2536809712,138.8620884555,482.6174865907,232.2884164374,571.7108206846,103.9094561533,141.3264048885,232.93,397.8703922357,165.5547142001,372.3894383547,216.6396285305,70.1250385382,621.7829245205,85.270274914,244.88,27.9515380663
2024-12-17,252.118696041,450.0961222661,141.3333220074,470.0510372909,231.1055469656,560.3512943752,103.4687965254,140.1436383773,231.15,395.7004190706,164.7711491743,369.3232105291,214.0050703361,69.6240765924,617.0018178344,85.4777451693,243.94,27.9792953037
2024-12-18,246.7178576336,433.190034146,139.7308815011,483.7986166482,223.3587214905,536.5304164578,101.9456469423,136.3303991453,220.52,381.5084070762,163.5619438877,357.6184754642,208.2494327476,67.9381469668,594.8393962168,84.4130757186,239.26,28.30312974
2024-12-19,248.4485130349,432.833490987,138.6014505418,473.6621972207,225.8698952052,540.1771656765,101.0739072438,133.557994443,223.29,372.9835124993,163.6683539529,354.1591415071,208.2677920381,67.2156056988,593.2257727103,83.1349504133,239.6,28.3586442149
2024-12-20,253.1232718773,432.4076199916,139.4605903313,484.1955537986,230.3686774586,551.9852226384,101.4187713003,135.1665568983,224.92,380.3265466916,162.5752323738,359.7314209209,209.589660958,69.0460435779,582.9463933353,83.608330156,242.1,28.2198580278
2024-12-23,253.8990829193,431.0705831456,140.2328508163,490.207699419,231.1346339198,556.5485344949,101.8306922568,135.2801024833,225.06,380.1812359886,162.6236005853,359.0926234572,208.5064628153,69.836022031,597.488926172,82.8414549729,240.96,28.318942113
2024-12-24,256.8133474743,435.1114056137,140.7927396679,489.975345965,234.9353292718,568.2590847932,101.926487828,136.1033079751,229.05,383.7558792828,163.4265128956,361.2350518738,210.122080384,70.2406451411,605.3578309261,83.1917559825,241.44,28.3962898552
2024-12-26,257.6289436979,433.9031204639,140.5321017542,494.8644498914,235.7400683387,566.737980841,102.0127038422,136.2357778244,227.05,382.7871412627,164.6066972553,360.7928074759,212.8392553859,69.7204154281,600.9751497972,83.1444180082,243.07,28.3382790485
2024-12-27,254.2173643724,426.3959061727,140.0204791829,493.7414081974,233.8300250113,561.8138943292,102.003124285,136.2547020885,223.75,380.5784185769,163.9972577909,358.571757833,210.6820387459,69.4699344552,597.4490836163,82.4627511787,241.4,28.2899367096
2024-12-30,250.8455702285,420.7506394893,138.3697723963,491.6211829303,232.0363295008,559.2494690766,101.3133961719,135.3747238042,221.3,377.2556471679,161.6368890714,356.7536419749,208.0107619704,69.1327485301,588.9128160539,83.1254828185,240.63,28.318942113
2024-12-31,249.0751296457,417.4526152691,139.6053891722,489.7429925111,232.4144599057,558.3426571051,103.0472960119,137.0495211841,219.39,376.8294024391,162.1786130398,356.5079506427,207.3590071557,69.0653113451,583.2053699474,82.6805058603,242.13,28.444632194
